# Procedural Forest Terrain Mesh
o SM_ForestLandscape
v -10000.000 -10000.000 3995.444
v -10000.000 -9393.939 3669.970
v -10000.000 -8787.879 3367.752
v -10000.000 -8181.818 3088.561
v -10000.000 -7575.758 2832.225
v -10000.000 -6969.697 2598.584
v -10000.000 -6363.636 2387.449
v -10000.000 -5757.576 2198.558
v -10000.000 -5151.515 2031.540
v -10000.000 -4545.455 1885.897
v -10000.000 -3939.394 1760.999
v -10000.000 -3333.333 1656.110
v -10000.000 -2727.273 1570.423
v -10000.000 -2121.212 1503.118
v -10000.000 -1515.152 1453.424
v -10000.000 -909.091 1420.692
v -10000.000 -303.030 1404.450
v -10000.000 303.030 1404.450
v -10000.000 909.091 1420.692
v -10000.000 1515.152 1453.424
v -10000.000 2121.212 1503.118
v -10000.000 2727.273 1570.423
v -10000.000 3333.333 1656.110
v -10000.000 3939.394 1760.999
v -10000.000 4545.455 1885.897
v -10000.000 5151.515 2031.540
v -10000.000 5757.576 2198.558
v -10000.000 6363.636 2387.449
v -10000.000 6969.697 2598.584
v -10000.000 7575.758 2832.225
v -10000.000 8181.818 3088.561
v -10000.000 8787.879 3367.752
v -10000.000 9393.939 3669.970
v -10000.000 10000.000 3995.444
v -9393.939 -10000.000 3740.231
v -9393.939 -9393.939 3413.112
v -9393.939 -8787.879 3100.306
v -9393.939 -8181.818 2803.676
v -9393.939 -7575.758 2526.117
v -9393.939 -6969.697 2271.080
v -9393.939 -6363.636 2042.009
v -9393.939 -5757.576 1841.773
v -9393.939 -5151.515 1672.186
v -9393.939 -4545.455 1533.663
v -9393.939 -3939.394 1425.084
v -9393.939 -3333.333 1343.872
v -9393.939 -2727.273 1286.290
v -9393.939 -2121.212 1247.897
v -9393.939 -1515.152 1224.127
v -9393.939 -909.091 1210.883
v -9393.939 -303.030 1205.086
v -9393.939 303.030 1205.086
v -9393.939 909.091 1210.883
v -9393.939 1515.152 1224.127
v -9393.939 2121.212 1247.897
v -9393.939 2727.273 1286.290
v -9393.939 3333.333 1343.872
v -9393.939 3939.394 1425.084
v -9393.939 4545.455 1533.663
v -9393.939 5151.515 1672.186
v -9393.939 5757.576 1841.773
v -9393.939 6363.636 2042.009
v -9393.939 6969.697 2271.080
v -9393.939 7575.758 2526.117
v -9393.939 8181.818 2803.676
v -9393.939 8787.879 3100.306
v -9393.939 9393.939 3413.112
v -9393.939 10000.000 3740.231
v -8787.879 -10000.000 3498.313
v -8787.879 -9393.939 3170.567
v -8787.879 -8787.879 2849.626
v -8787.879 -8181.818 2539.117
v -8787.879 -7575.758 2244.530
v -8787.879 -6969.697 1972.364
v -8787.879 -6363.636 1729.126
v -8787.879 -5757.576 1520.327
v -8787.879 -5151.515 1349.609
v -8787.879 -4545.455 1218.144
v -8787.879 -3939.394 1124.370
v -8787.879 -3333.333 1064.131
v -8787.879 -2727.273 1031.175
v -8787.879 -2121.212 1017.973
v -8787.879 -1515.152 1016.713
v -8787.879 -909.091 1020.359
v -8787.879 -303.030 1023.605
v -8787.879 303.030 1023.605
v -8787.879 909.091 1020.359
v -8787.879 1515.152 1016.713
v -8787.879 2121.212 1017.973
v -8787.879 2727.273 1031.175
v -8787.879 3333.333 1064.131
v -8787.879 3939.394 1124.370
v -8787.879 4545.455 1218.144
v -8787.879 5151.515 1349.609
v -8787.879 5757.576 1520.327
v -8787.879 6363.636 1729.126
v -8787.879 6969.697 1972.364
v -8787.879 7575.758 2244.530
v -8787.879 8181.818 2539.117
v -8787.879 8787.879 2849.626
v -8787.879 9393.939 3170.567
v -8787.879 10000.000 3498.313
v -8181.818 -10000.000 3260.912
v -8181.818 -9393.939 2934.237
v -8181.818 -8787.879 2609.378
v -8181.818 -8181.818 2291.157
v -8181.818 -7575.758 1986.810
v -8181.818 -6969.697 1704.889
v -8181.818 -6363.636 1453.957
v -8181.818 -5757.576 1241.291
v -8181.818 -5151.515 1071.745
v -8181.818 -4545.455 946.966
v -8181.818 -3939.394 865.056
v -8181.818 -3333.333 820.738
v -8181.818 -2727.273 806.012
v -8181.818 -2121.212 811.196
v -8181.818 -1515.152 826.233
v -8181.818 -909.091 842.047
v -8181.818 -303.030 851.792
v -8181.818 303.030 851.792
v -8181.818 909.091 842.047
v -8181.818 1515.152 826.233
v -8181.818 2121.212 811.196
v -8181.818 2727.273 806.012
v -8181.818 3333.333 820.738
v -8181.818 3939.394 865.056
v -8181.818 4545.455 946.966
v -8181.818 5151.515 1071.745
v -8181.818 5757.576 1241.291
v -8181.818 6363.636 1453.957
v -8181.818 6969.697 1704.889
v -8181.818 7575.758 1986.810
v -8181.818 8181.818 2291.157
v -8181.818 8787.879 2609.378
v -8181.818 9393.939 2934.237
v -8181.818 10000.000 3260.912
v -7575.758 -10000.000 3021.931
v -7575.758 -9393.939 2698.468
v -7575.758 -8787.879 2375.091
v -7575.758 -8181.818 2057.071
v -7575.758 -7575.758 1752.299
v -7575.758 -6969.697 1470.087
v -7575.758 -6363.636 1219.757
v -7575.758 -5757.576 1009.217
v -7575.758 -5151.515 843.736
v -7575.758 -4545.455 725.082
v -7575.758 -3939.394 651.151
v -7575.758 -3333.333 616.152
v -7575.758 -2727.273 611.317
v -7575.758 -2121.212 626.040
v -7575.758 -1515.152 649.300
v -7575.758 -909.091 671.153
v -7575.758 -303.030 684.095
v -7575.758 303.030 684.095
v -7575.758 909.091 671.153
v -7575.758 1515.152 649.300
v -7575.758 2121.212 626.040
v -7575.758 2727.273 611.317
v -7575.758 3333.333 616.152
v -7575.758 3939.394 651.151
v -7575.758 4545.455 725.082
v -7575.758 5151.515 843.736
v -7575.758 5757.576 1009.217
v -7575.758 6363.636 1219.757
v -7575.758 6969.697 1470.087
v -7575.758 7575.758 1752.299
v -7575.758 8181.818 2057.071
v -7575.758 8787.879 2375.091
v -7575.758 9393.939 2698.468
v -7575.758 10000.000 3021.931
v -6969.697 -10000.000 2778.750
v -6969.697 -9393.939 2460.786
v -6969.697 -8787.879 2144.715
v -6969.697 -8181.818 1835.450
v -6969.697 -7575.758 1540.348
v -6969.697 -6969.697 1268.088
v -6969.697 -6363.636 1027.333
v -6969.697 -5757.576 825.406
v -6969.697 -5151.515 667.122
v -6969.697 -4545.455 553.984
v -6969.697 -3939.394 483.834
v -6969.697 -3333.333 451.019
v -6969.697 -2727.273 447.071
v -6969.697 -2121.212 461.781
v -6969.697 -1515.152 484.555
v -6969.697 -909.091 505.836
v -6969.697 -303.030 518.414
v -6969.697 303.030 518.414
v -6969.697 909.091 505.836
v -6969.697 1515.152 484.555
v -6969.697 2121.212 461.781
v -6969.697 2727.273 447.071
v -6969.697 3333.333 451.019
v -6969.697 3939.394 483.834
v -6969.697 4545.455 553.984
v -6969.697 5151.515 667.122
v -6969.697 5757.576 825.406
v -6969.697 6363.636 1027.333
v -6969.697 6969.697 1268.088
v -6969.697 7575.758 1540.348
v -6969.697 8181.818 1835.450
v -6969.697 8787.879 2144.715
v -6969.697 9393.939 2460.786
v -6969.697 10000.000 2778.750
v -6363.636 -10000.000 2532.533
v -6363.636 -9393.939 2222.175
v -6363.636 -8787.879 1918.832
v -6363.636 -8181.818 1626.308
v -6363.636 -7575.758 1350.318
v -6363.636 -6969.697 1097.594
v -6363.636 -6363.636 874.831
v -6363.636 -5757.576 687.615
v -6363.636 -5151.515 539.507
v -6363.636 -4545.455 431.388
v -6363.636 -3939.394 361.183
v -6363.636 -3333.333 323.996
v -6363.636 -2727.273 312.648
v -6363.636 -2121.212 318.553
v -6363.636 -1515.152 332.826
v -6363.636 -909.091 347.458
v -6363.636 -303.030 356.399
v -6363.636 303.030 356.399
v -6363.636 909.091 347.458
v -6363.636 1515.152 332.826
v -6363.636 2121.212 318.553
v -6363.636 2727.273 312.648
v -6363.636 3333.333 323.996
v -6363.636 3939.394 361.183
v -6363.636 4545.455 431.388
v -6363.636 5151.515 539.507
v -6363.636 5757.576 687.615
v -6363.636 6363.636 874.831
v -6363.636 6969.697 1097.594
v -6363.636 7575.758 1350.318
v -6363.636 8181.818 1626.308
v -6363.636 8787.879 1918.832
v -6363.636 9393.939 2222.175
v -6363.636 10000.000 2532.533
v -5757.576 -10000.000 2287.990
v -5757.576 -9393.939 1986.856
v -5757.576 -8787.879 1700.493
v -5757.576 -8181.818 1430.996
v -5757.576 -7575.758 1181.568
v -5757.576 -6969.697 955.967
v -5757.576 -6363.636 757.876
v -5757.576 -5757.576 590.255
v -5757.576 -5151.515 454.775
v -5757.576 -4545.455 351.425
v -5757.576 -3939.394 278.329
v -5757.576 -3333.333 231.828
v -5757.576 -2727.273 206.808
v -5757.576 -2121.212 197.256
v -5757.576 -1515.152 196.974
v -5757.576 -909.091 200.370
v -5757.576 -303.030 203.208
v -5757.576 303.030 203.208
v -5757.576 909.091 200.370
v -5757.576 1515.152 196.974
v -5757.576 2121.212 197.256
v -5757.576 2727.273 206.808
v -5757.576 3333.333 231.828
v -5757.576 3939.394 278.329
v -5757.576 4545.455 351.425
v -5757.576 5151.515 454.775
v -5757.576 5757.576 590.255
v -5757.576 6363.636 757.876
v -5757.576 6969.697 955.967
v -5757.576 7575.758 1181.568
v -5757.576 8181.818 1430.996
v -5757.576 8787.879 1700.493
v -5757.576 9393.939 1986.856
v -5757.576 10000.000 2287.990
v -5151.515 -10000.000 2052.642
v -5151.515 -9393.939 1761.618
v -5151.515 -8787.879 1494.693
v -5151.515 -8181.818 1251.911
v -5151.515 -7575.758 1033.442
v -5151.515 -6969.697 839.473
v -5151.515 -6363.636 670.068
v -5151.515 -5757.576 525.036
v -5151.515 -5151.515 403.804
v -5151.515 -4545.455 305.315
v -5151.515 -3939.394 227.976
v -5151.515 -3333.333 169.652
v -5151.515 -2727.273 127.742
v -5151.515 -2121.212 99.327
v -5151.515 -1515.152 81.417
v -5151.515 -909.091 71.274
v -5151.515 -303.030 66.781
v -5151.515 303.030 66.781
v -5151.515 909.091 71.274
v -5151.515 1515.152 81.417
v -5151.515 2121.212 99.327
v -5151.515 2727.273 127.742
v -5151.515 3333.333 169.652
v -5151.515 3939.394 227.976
v -5151.515 4545.455 305.315
v -5151.515 5151.515 403.804
v -5151.515 5757.576 525.036
v -5151.515 6363.636 670.068
v -5151.515 6969.697 839.473
v -5151.515 7575.758 1033.442
v -5151.515 8181.818 1251.911
v -5151.515 8787.879 1494.693
v -5151.515 9393.939 1761.618
v -5151.515 10000.000 2052.642
v -4545.455 -10000.000 1835.676
v -4545.455 -9393.939 1554.764
v -4545.455 -8787.879 1307.576
v -4545.455 -8181.818 1092.049
v -4545.455 -7575.758 905.248
v -4545.455 -6969.697 743.690
v -4545.455 -6363.636 603.739
v -4545.455 -5757.576 481.986
v -4545.455 -5151.515 375.576
v -4545.455 -4545.455 282.416
v -4545.455 -3939.394 201.232
v -4545.455 -3333.333 131.481
v -4545.455 -2727.273 73.131
v -4545.455 -2121.212 26.384
v -4545.455 -1515.152 -8.587
v -4545.455 -909.091 -31.771
v -4545.455 -303.030 -43.298
v -4545.455 303.030 -43.298
v -4545.455 909.091 -31.771
v -4545.455 1515.152 -8.587
v -4545.455 2121.212 26.384
v -4545.455 2727.273 73.131
v -4545.455 3333.333 131.481
v -4545.455 3939.394 201.232
v -4545.455 4545.455 282.416
v -4545.455 5151.515 375.576
v -4545.455 5757.576 481.986
v -4545.455 6363.636 603.739
v -4545.455 6969.697 743.690
v -4545.455 7575.758 905.248
v -4545.455 8181.818 1092.049
v -4545.455 8787.879 1307.576
v -4545.455 9393.939 1554.764
v -4545.455 10000.000 1835.676
v -3939.394 -10000.000 1646.576
v -3939.394 -9393.939 1374.863
v -3939.394 -8787.879 1145.471
v -3939.394 -8181.818 954.488
v -3939.394 -7575.758 796.234
v -3939.394 -6969.697 663.999
v -3939.394 -6363.636 550.889
v -3939.394 -5757.576 450.680
v -3939.394 -5151.515 358.536
v -3939.394 -4545.455 271.493
v -3939.394 -3939.394 188.607
v -3939.394 -3333.333 110.771
v -3939.394 -2727.273 40.206
v -3939.394 -2121.212 -20.244
v -3939.394 -1515.152 -67.853
v -3939.394 -909.091 -100.562
v -3939.394 -303.030 -117.258
v -3939.394 303.030 -117.258
v -3939.394 909.091 -100.562
v -3939.394 1515.152 -67.853
v -3939.394 2121.212 -20.244
v -3939.394 2727.273 40.206
v -3939.394 3333.333 110.771
v -3939.394 3939.394 188.607
v -3939.394 4545.455 271.493
v -3939.394 5151.515 358.536
v -3939.394 5757.576 450.680
v -3939.394 6363.636 550.889
v -3939.394 6969.697 663.999
v -3939.394 7575.758 796.234
v -3939.394 8181.818 954.488
v -3939.394 8787.879 1145.471
v -3939.394 9393.939 1374.863
v -3939.394 10000.000 1646.576
v -3333.333 -10000.000 1493.707
v -3333.333 -9393.939 1229.450
v -3333.333 -8787.879 1013.910
v -3333.333 -8181.818 841.840
v -3333.333 -7575.758 705.584
v -3333.333 -6969.697 596.102
v -3333.333 -6363.636 504.162
v -3333.333 -5757.576 421.534
v -3333.333 -5151.515 342.002
v -3333.333 -4545.455 262.042
v -3333.333 -3939.394 181.032
v -3333.333 -3333.333 100.974
v -3333.333 -2727.273 25.733
v -3333.333 -2121.212 -40.170
v -3333.333 -1515.152 -96.726
v -3333.333 -909.091 -139.569
v -3333.333 -303.030 -162.625
v -3333.333 303.030 -162.625
v -3333.333 909.091 -139.569
v -3333.333 1515.152 -96.726
v -3333.333 2121.212 -40.170
v -3333.333 2727.273 25.733
v -3333.333 3333.333 100.974
v -3333.333 3939.394 181.032
v -3333.333 4545.455 262.042
v -3333.333 5151.515 342.002
v -3333.333 5757.576 421.534
v -3333.333 6363.636 504.162
v -3333.333 6969.697 596.102
v -3333.333 7575.758 705.584
v -3333.333 8181.818 841.840
v -3333.333 8787.879 1013.910
v -3333.333 9393.939 1229.450
v -3333.333 10000.000 1493.707
v -2727.273 -10000.000 1383.065
v -2727.273 -9393.939 1123.887
v -2727.273 -8787.879 916.753
v -2727.273 -8181.818 755.791
v -2727.273 -7575.758 632.418
v -2727.273 -6969.697 536.503
v -2727.273 -6363.636 457.731
v -2727.273 -5757.576 386.974
v -2727.273 -5151.515 317.448
v -2727.273 -4545.455 245.482
v -2727.273 -3939.394 170.767
v -2727.273 -3333.333 95.994
v -2727.273 -2727.273 25.110
v -2727.273 -2121.212 -45.681
v -2727.273 -1515.152 -109.996
v -2727.273 -909.091 -158.717
v -2727.273 -303.030 -184.936
v -2727.273 303.030 -184.936
v -2727.273 909.091 -158.717
v -2727.273 1515.152 -109.996
v -2727.273 2121.212 -45.681
v -2727.273 2727.273 25.110
v -2727.273 3333.333 95.994
v -2727.273 3939.394 170.767
v -2727.273 4545.455 245.482
v -2727.273 5151.515 317.448
v -2727.273 5757.576 386.974
v -2727.273 6363.636 457.731
v -2727.273 6969.697 536.503
v -2727.273 7575.758 632.418
v -2727.273 8181.818 755.791
v -2727.273 8787.879 916.753
v -2727.273 9393.939 1123.887
v -2727.273 10000.000 1383.065
v -2121.212 -10000.000 1317.365
v -2121.212 -9393.939 1060.538
v -2121.212 -8787.879 855.570
v -2121.212 -8181.818 696.773
v -2121.212 -7575.758 575.819
v -2121.212 -6969.697 482.882
v -2121.212 -6363.636 407.985
v -2121.212 -5757.576 342.339
v -2121.212 -5151.515 279.493
v -2121.212 -4545.455 216.090
v -2121.212 -3939.394 152.107
v -2121.212 -3333.333 90.391
v -2121.212 -2727.273 24.580
v -2121.212 -2121.212 -44.716
v -2121.212 -1515.152 -107.672
v -2121.212 -909.091 -155.363
v -2121.212 -303.030 0.000
v -2121.212 303.030 0.000
v -2121.212 909.091 -155.363
v -2121.212 1515.152 -107.672
v -2121.212 2121.212 -44.716
v -2121.212 2727.273 24.580
v -2121.212 3333.333 90.391
v -2121.212 3939.394 152.107
v -2121.212 4545.455 216.090
v -2121.212 5151.515 279.493
v -2121.212 5757.576 342.339
v -2121.212 6363.636 407.985
v -2121.212 6969.697 482.882
v -2121.212 7575.758 575.819
v -2121.212 8181.818 696.773
v -2121.212 8787.879 855.570
v -2121.212 9393.939 1060.538
v -2121.212 10000.000 1317.365
v -1515.152 -10000.000 1295.613
v -1515.152 -9393.939 1038.375
v -1515.152 -8787.879 829.354
v -1515.152 -8181.818 663.830
v -1515.152 -7575.758 534.877
v -1515.152 -6969.697 434.334
v -1515.152 -6363.636 353.928
v -1515.152 -5757.576 286.406
v -1515.152 -5151.515 226.501
v -1515.152 -4545.455 171.579
v -1515.152 -3939.394 121.853
v -1515.152 -3333.333 75.625
v -1515.152 -2727.273 20.564
v -1515.152 -2121.212 -37.411
v -1515.152 -1515.152 0.000
v -1515.152 -909.091 0.000
v -1515.152 -303.030 0.000
v -1515.152 303.030 0.000
v -1515.152 909.091 0.000
v -1515.152 1515.152 0.000
v -1515.152 2121.212 -37.411
v -1515.152 2727.273 20.564
v -1515.152 3333.333 75.625
v -1515.152 3939.394 121.853
v -1515.152 4545.455 171.579
v -1515.152 5151.515 226.501
v -1515.152 5757.576 286.406
v -1515.152 6363.636 353.928
v -1515.152 6969.697 434.334
v -1515.152 7575.758 534.877
v -1515.152 8181.818 663.830
v -1515.152 8787.879 829.354
v -1515.152 9393.939 1038.375
v -1515.152 10000.000 1295.613
v -909.091 -10000.000 1313.196
v -909.091 -9393.939 1053.072
v -909.091 -8787.879 834.607
v -909.091 -8181.818 654.688
v -909.091 -7575.758 508.750
v -909.091 -6969.697 391.413
v -909.091 -6363.636 297.237
v -909.091 -5757.576 221.471
v -909.091 -5151.515 160.706
v -909.091 -4545.455 113.313
v -909.091 -3939.394 79.604
v -909.091 -3333.333 50.137
v -909.091 -2727.273 13.634
v -909.091 -2121.212 -24.803
v -909.091 -1515.152 0.000
v -909.091 -909.091 0.000
v -909.091 -303.030 0.000
v -909.091 303.030 0.000
v -909.091 909.091 0.000
v -909.091 1515.152 0.000
v -909.091 2121.212 -24.803
v -909.091 2727.273 13.634
v -909.091 3333.333 50.137
v -909.091 3939.394 79.604
v -909.091 4545.455 113.313
v -909.091 5151.515 160.706
v -909.091 5757.576 221.471
v -909.091 6363.636 297.237
v -909.091 6969.697 391.413
v -909.091 7575.758 508.750
v -909.091 8181.818 654.688
v -909.091 8787.879 834.607
v -909.091 9393.939 1053.072
v -909.091 10000.000 1313.196
v -303.030 -10000.000 1362.509
v -303.030 -9393.939 1097.590
v -303.030 -8787.879 865.794
v -303.030 -8181.818 666.040
v -303.030 -7575.758 496.736
v -303.030 -6969.697 356.011
v -303.030 -6363.636 241.976
v -303.030 -5757.576 152.988
v -303.030 -5151.515 87.883
v -303.030 -4545.455 46.134
v -303.030 -3939.394 27.826
v -303.030 -3333.333 17.541
v -303.030 -2727.273 4.770
v -303.030 -2121.212 0.000
v -303.030 -1515.152 0.000
v -303.030 -909.091 0.000
v -303.030 -303.030 0.000
v -303.030 303.030 0.000
v -303.030 909.091 0.000
v -303.030 1515.152 0.000
v -303.030 2121.212 0.000
v -303.030 2727.273 4.770
v -303.030 3333.333 17.541
v -303.030 3939.394 27.826
v -303.030 4545.455 46.134
v -303.030 5151.515 87.883
v -303.030 5757.576 152.988
v -303.030 6363.636 241.976
v -303.030 6969.697 356.011
v -303.030 7575.758 496.736
v -303.030 8181.818 666.040
v -303.030 8787.879 865.794
v -303.030 9393.939 1097.590
v -303.030 10000.000 1362.509
v 303.030 -10000.000 1434.009
v 303.030 -9393.939 1163.144
v 303.030 -8787.879 916.109
v 303.030 -8181.818 693.981
v 303.030 -7575.758 498.343
v 303.030 -6969.697 331.055
v 303.030 -6363.636 193.996
v 303.030 -5757.576 88.786
v 303.030 -5151.515 16.561
v 303.030 -4545.455 -22.196
v 303.030 -3939.394 -27.826
v 303.030 -3333.333 -17.541
v 303.030 -2727.273 -4.770
v 303.030 -2121.212 0.000
v 303.030 -1515.152 0.000
v 303.030 -909.091 0.000
v 303.030 -303.030 0.000
v 303.030 303.030 0.000
v 303.030 909.091 0.000
v 303.030 1515.152 0.000
v 303.030 2121.212 0.000
v 303.030 2727.273 -4.770
v 303.030 3333.333 -17.541
v 303.030 3939.394 -27.826
v 303.030 4545.455 -22.196
v 303.030 5151.515 16.561
v 303.030 5757.576 88.786
v 303.030 6363.636 193.996
v 303.030 6969.697 331.055
v 303.030 7575.758 498.343
v 303.030 8181.818 693.981
v 303.030 8787.879 916.109
v 303.030 9393.939 1163.144
v 303.030 10000.000 1434.009
v 909.091 -10000.000 1517.561
v 909.091 -9393.939 1240.442
v 909.091 -8787.879 978.417
v 909.091 -8181.818 734.550
v 909.091 -7575.758 513.342
v 909.091 -6969.697 320.084
v 909.091 -6363.636 160.099
v 909.091 -5757.576 37.967
v 909.091 -5151.515 -43.149
v 909.091 -4545.455 -81.991
v 909.091 -3939.394 -79.461
v 909.091 -3333.333 -50.137
v 909.091 -2727.273 -13.634
v 909.091 -2121.212 24.803
v 909.091 -1515.152 0.000
v 909.091 -909.091 0.000
v 909.091 -303.030 0.000
v 909.091 303.030 0.000
v 909.091 909.091 0.000
v 909.091 1515.152 0.000
v 909.091 2121.212 24.803
v 909.091 2727.273 -13.634
v 909.091 3333.333 -50.137
v 909.091 3939.394 -79.461
v 909.091 4545.455 -81.991
v 909.091 5151.515 -43.149
v 909.091 5757.576 37.967
v 909.091 6363.636 160.099
v 909.091 6969.697 320.084
v 909.091 7575.758 513.342
v 909.091 8181.818 734.550
v 909.091 8787.879 978.417
v 909.091 9393.939 1240.442
v 909.091 10000.000 1517.561
v 1515.152 -10000.000 1603.870
v 1515.152 -9393.939 1320.996
v 1515.152 -8787.879 1046.272
v 1515.152 -8181.818 784.291
v 1515.152 -7575.758 541.804
v 1515.152 -6969.697 326.744
v 1515.152 -6363.636 147.074
v 1515.152 -5757.576 9.615
v 1515.152 -5151.515 -80.986
v 1515.152 -4545.455 -123.010
v 1515.152 -3939.394 -118.074
v 1515.152 -3333.333 -75.625
v 1515.152 -2727.273 -20.564
v 1515.152 -2121.212 37.411
v 1515.152 -1515.152 0.000
v 1515.152 -909.091 0.000
v 1515.152 -303.030 0.000
v 1515.152 303.030 0.000
v 1515.152 909.091 0.000
v 1515.152 1515.152 0.000
v 1515.152 2121.212 37.411
v 1515.152 2727.273 -20.564
v 1515.152 3333.333 -75.625
v 1515.152 3939.394 -118.074
v 1515.152 4545.455 -123.010
v 1515.152 5151.515 -80.986
v 1515.152 5757.576 9.615
v 1515.152 6363.636 147.074
v 1515.152 6969.697 326.744
v 1515.152 7575.758 541.804
v 1515.152 8181.818 784.291
v 1515.152 8787.879 1046.272
v 1515.152 9393.939 1320.996
v 1515.152 10000.000 1603.870
v 2121.212 -10000.000 1685.811
v 2121.212 -9393.939 1398.343
v 2121.212 -8787.879 1114.843
v 2121.212 -8181.818 840.755
v 2121.212 -7575.758 584.098
v 2121.212 -6969.697 354.285
v 2121.212 -6363.636 160.742
v 2121.212 -5757.576 11.504
v 2121.212 -5151.515 -88.031
v 2121.212 -4545.455 -136.019
v 2121.212 -3939.394 -134.667
v 2121.212 -3333.333 -90.391
v 2121.212 -2727.273 -24.580
v 2121.212 -2121.212 44.716
v 2121.212 -1515.152 107.672
v 2121.212 -909.091 155.363
v 2121.212 -303.030 0.000
v 2121.212 303.030 0.000
v 2121.212 909.091 155.363
v 2121.212 1515.152 107.672
v 2121.212 2121.212 44.716
v 2121.212 2727.273 -24.580
v 2121.212 3333.333 -90.391
v 2121.212 3939.394 -134.667
v 2121.212 4545.455 -136.019
v 2121.212 5151.515 -88.031
v 2121.212 5757.576 11.504
v 2121.212 6363.636 160.742
v 2121.212 6969.697 354.285
v 2121.212 7575.758 584.098
v 2121.212 8181.818 840.755
v 2121.212 8787.879 1114.843
v 2121.212 9393.939 1398.343
v 2121.212 10000.000 1685.811
v 2727.273 -10000.000 1759.464
v 2727.273 -9393.939 1468.983
v 2727.273 -8787.879 1181.621
v 2727.273 -8181.818 902.881
v 2727.273 -7575.758 640.876
v 2727.273 -6969.697 405.129
v 2727.273 -6363.636 205.151
v 2727.273 -5757.576 48.997
v 2727.273 -5151.515 -58.010
v 2727.273 -4545.455 -114.227
v 2727.273 -3939.394 -122.197
v 2727.273 -3333.333 -88.690
v 2727.273 -2727.273 -25.110
v 2727.273 -2121.212 45.681
v 2727.273 -1515.152 109.996
v 2727.273 -909.091 158.717
v 2727.273 -303.030 184.936
v 2727.273 303.030 184.936
v 2727.273 909.091 158.717
v 2727.273 1515.152 109.996
v 2727.273 2121.212 45.681
v 2727.273 2727.273 -25.110
v 2727.273 3333.333 -88.690
v 2727.273 3939.394 -122.197
v 2727.273 4545.455 -114.227
v 2727.273 5151.515 -58.010
v 2727.273 5757.576 48.997
v 2727.273 6363.636 205.151
v 2727.273 6969.697 405.129
v 2727.273 7575.758 640.876
v 2727.273 8181.818 902.881
v 2727.273 8787.879 1181.621
v 2727.273 9393.939 1468.983
v 2727.273 10000.000 1759.464
v 3333.333 -10000.000 1824.696
v 3333.333 -9393.939 1532.913
v 3333.333 -8787.879 1246.824
v 3333.333 -8181.818 971.184
v 3333.333 -7575.758 713.021
v 3333.333 -6969.697 480.578
v 3333.333 -6363.636 282.055
v 3333.333 -5757.576 124.332
v 3333.333 -5151.515 11.841
v 3333.333 -4545.455 -54.271
v 3333.333 -3939.394 -76.588
v 3333.333 -3333.333 -61.429
v 3333.333 -2727.273 -18.429
v 3333.333 -2121.212 40.170
v 3333.333 -1515.152 96.726
v 3333.333 -909.091 139.569
v 3333.333 -303.030 162.625
v 3333.333 303.030 162.625
v 3333.333 909.091 139.569
v 3333.333 1515.152 96.726
v 3333.333 2121.212 40.170
v 3333.333 2727.273 -18.429
v 3333.333 3333.333 -61.429
v 3333.333 3939.394 -76.588
v 3333.333 4545.455 -54.271
v 3333.333 5151.515 11.841
v 3333.333 5757.576 124.332
v 3333.333 6363.636 282.055
v 3333.333 6969.697 480.578
v 3333.333 7575.758 713.021
v 3333.333 8181.818 971.184
v 3333.333 8787.879 1246.824
v 3333.333 9393.939 1532.913
v 3333.333 10000.000 1824.696
v 3939.394 -10000.000 1885.230
v 3939.394 -9393.939 1593.670
v 3939.394 -8787.879 1313.410
v 3939.394 -8181.818 1047.749
v 3939.394 -7575.758 801.597
v 3939.394 -6969.697 580.703
v 3939.394 -6363.636 390.742
v 3939.394 -5757.576 236.387
v 3939.394 -5151.515 120.479
v 3939.394 -4545.455 43.421
v 3939.394 -3939.394 2.855
v 3939.394 -3333.333 -6.327
v 3939.394 -2727.273 8.364
v 3939.394 -2121.212 37.684
v 3939.394 -1515.152 71.632
v 3939.394 -909.091 100.705
v 3939.394 -303.030 117.258
v 3939.394 303.030 117.258
v 3939.394 909.091 100.705
v 3939.394 1515.152 71.632
v 3939.394 2121.212 37.684
v 3939.394 2727.273 8.364
v 3939.394 3333.333 -6.327
v 3939.394 3939.394 2.855
v 3939.394 4545.455 43.421
v 3939.394 5151.515 120.479
v 3939.394 5757.576 236.387
v 3939.394 6363.636 390.742
v 3939.394 6969.697 580.703
v 3939.394 7575.758 801.597
v 3939.394 8181.818 1047.749
v 3939.394 8787.879 1313.410
v 3939.394 9393.939 1593.670
v 3939.394 10000.000 1885.230
v 4545.455 -10000.000 1948.160
v 4545.455 -9393.939 1657.894
v 4545.455 -8787.879 1386.730
v 4545.455 -8181.818 1136.006
v 4545.455 -7575.758 907.776
v 4545.455 -6969.697 704.430
v 4545.455 -6363.636 528.257
v 4545.455 -5757.576 380.984
v 4545.455 -5151.515 263.374
v 4545.455 -4545.455 174.920
v 4545.455 -3939.394 113.682
v 4545.455 -3333.333 76.289
v 4545.455 -2727.273 58.123
v 4545.455 -2121.212 53.687
v 4545.455 -1515.152 57.156
v 4545.455 -909.091 63.092
v 4545.455 -303.030 67.236
v 4545.455 303.030 67.236
v 4545.455 909.091 63.092
v 4545.455 1515.152 57.156
v 4545.455 2121.212 53.687
v 4545.455 2727.273 58.123
v 4545.455 3333.333 76.289
v 4545.455 3939.394 113.682
v 4545.455 4545.455 174.920
v 4545.455 5151.515 263.374
v 4545.455 5757.576 380.984
v 4545.455 6363.636 528.257
v 4545.455 6969.697 704.430
v 4545.455 7575.758 907.776
v 4545.455 8181.818 1136.006
v 4545.455 8787.879 1386.730
v 4545.455 9393.939 1657.894
v 4545.455 10000.000 1948.160
v 5151.515 -10000.000 2023.009
v 5151.515 -9393.939 1734.449
v 5151.515 -8787.879 1473.840
v 5151.515 -8181.818 1240.330
v 5151.515 -7575.758 1032.777
v 5151.515 -6969.697 849.816
v 5151.515 -6363.636 689.953
v 5151.515 -5757.576 551.644
v 5151.515 -5151.515 433.363
v 5151.515 -4545.455 333.635
v 5151.515 -3939.394 251.040
v 5151.515 -3333.333 184.192
v 5151.515 -2727.273 131.696
v 5151.515 -2121.212 92.135
v 5151.515 -1515.152 64.098
v 5151.515 -909.091 46.283
v 5151.515 -303.030 37.662
v 5151.515 303.030 37.662
v 5151.515 909.091 46.283
v 5151.515 1515.152 64.098
v 5151.515 2121.212 92.135
v 5151.515 2727.273 131.696
v 5151.515 3333.333 184.192
v 5151.515 3939.394 251.040
v 5151.515 4545.455 333.635
v 5151.515 5151.515 433.363
v 5151.515 5757.576 551.644
v 5151.515 6363.636 689.953
v 5151.515 6969.697 849.816
v 5151.515 7575.758 1032.777
v 5151.515 8181.818 1240.330
v 5151.515 8787.879 1473.840
v 5151.515 9393.939 1734.449
v 5151.515 10000.000 2023.009
v 5757.576 -10000.000 2120.441
v 5757.576 -9393.939 1833.241
v 5757.576 -8787.879 1582.590
v 5757.576 -8181.818 1365.521
v 5757.576 -7575.758 1177.803
v 5757.576 -6969.697 1014.446
v 5757.576 -6363.636 870.309
v 5757.576 -5757.576 740.701
v 5757.576 -5151.515 621.905
v 5757.576 -4545.455 511.545
v 5757.576 -3939.394 408.738
v 5757.576 -3333.333 314.037
v 5757.576 -2727.273 229.163
v 5757.576 -2121.212 156.587
v 5757.576 -1515.152 99.047
v 5757.576 -909.091 59.068
v 5757.576 -303.030 38.565
v 5757.576 303.030 38.565
v 5757.576 909.091 59.068
v 5757.576 1515.152 99.047
v 5757.576 2121.212 156.587
v 5757.576 2727.273 229.163
v 5757.576 3333.333 314.037
v 5757.576 3939.394 408.738
v 5757.576 4545.455 511.545
v 5757.576 5151.515 621.905
v 5757.576 5757.576 740.701
v 5757.576 6363.636 870.309
v 5757.576 6969.697 1014.446
v 5757.576 7575.758 1177.803
v 5757.576 8181.818 1365.521
v 5757.576 8787.879 1582.590
v 5757.576 9393.939 1833.241
v 5757.576 10000.000 2120.441
v 6363.636 -10000.000 2250.822
v 6363.636 -9393.939 1963.892
v 6363.636 -8787.879 1720.595
v 6363.636 -8181.818 1516.220
v 6363.636 -7575.758 1343.988
v 6363.636 -6969.697 1195.919
v 6363.636 -6363.636 1063.871
v 6363.636 -5757.576 940.570
v 6363.636 -5151.515 820.514
v 6363.636 -4545.455 700.608
v 6363.636 -3939.394 580.448
v 6363.636 -3333.333 462.221
v 6363.636 -2727.273 350.235
v 6363.636 -2121.212 250.174
v 6363.636 -1515.152 168.176
v 6363.636 -909.091 109.878
v 6363.636 -303.030 79.573
v 6363.636 303.030 79.573
v 6363.636 909.091 109.878
v 6363.636 1515.152 168.176
v 6363.636 2121.212 250.174
v 6363.636 2727.273 350.235
v 6363.636 3333.333 462.221
v 6363.636 3939.394 580.448
v 6363.636 4545.455 700.608
v 6363.636 5151.515 820.514
v 6363.636 5757.576 940.570
v 6363.636 6363.636 1063.871
v 6363.636 6969.697 1195.919
v 6363.636 7575.758 1343.988
v 6363.636 8181.818 1516.220
v 6363.636 8787.879 1720.595
v 6363.636 9393.939 1963.892
v 6363.636 10000.000 2250.822
v 6969.697 -10000.000 2422.816
v 6969.697 -9393.939 2134.453
v 6969.697 -8787.879 1894.247
v 6969.697 -8181.818 1696.357
v 6969.697 -7575.758 1532.351
v 6969.697 -6969.697 1392.318
v 6969.697 -6363.636 1266.180
v 6969.697 -5757.576 1145.007
v 6969.697 -5151.515 1022.166
v 6969.697 -4545.455 894.136
v 6969.697 -3939.394 760.869
v 6969.697 -3333.333 625.662
v 6969.697 -2727.273 494.561
v 6969.697 -2121.212 375.386
v 6969.697 -1515.152 276.523
v 6969.697 -909.091 205.661
v 6969.697 -303.030 168.652
v 6969.697 303.030 168.652
v 6969.697 909.091 205.661
v 6969.697 1515.152 276.523
v 6969.697 2121.212 375.386
v 6969.697 2727.273 494.561
v 6969.697 3333.333 625.662
v 6969.697 3939.394 760.869
v 6969.697 4545.455 894.136
v 6969.697 5151.515 1022.166
v 6969.697 5757.576 1145.007
v 6969.697 6363.636 1266.180
v 6969.697 6969.697 1392.318
v 6969.697 7575.758 1532.351
v 6969.697 8181.818 1696.357
v 6969.697 8787.879 1894.247
v 6969.697 9393.939 2134.453
v 6969.697 10000.000 2422.816
v 7575.758 -10000.000 2642.236
v 7575.758 -9393.939 2350.349
v 7575.758 -8787.879 2107.903
v 7575.758 -8181.818 1908.693
v 7575.758 -7575.758 1743.768
v 7575.758 -6969.697 1602.612
v 7575.758 -6363.636 1474.548
v 7575.758 -5757.576 1350.153
v 7575.758 -5151.515 1222.482
v 7575.758 -4545.455 1087.942
v 7575.758 -3939.394 946.680
v 7575.758 -3333.333 802.453
v 7575.758 -2727.273 661.977
v 7575.758 -2121.212 533.877
v 7575.758 -1515.152 427.381
v 7575.758 -909.091 350.939
v 7575.758 -303.030 310.984
v 7575.758 303.030 310.984
v 7575.758 909.091 350.939
v 7575.758 1515.152 427.381
v 7575.758 2121.212 533.877
v 7575.758 2727.273 661.977
v 7575.758 3333.333 802.453
v 7575.758 3939.394 946.680
v 7575.758 4545.455 1087.942
v 7575.758 5151.515 1222.482
v 7575.758 5757.576 1350.153
v 7575.758 6363.636 1474.548
v 7575.758 6969.697 1602.612
v 7575.758 7575.758 1743.768
v 7575.758 8181.818 1908.693
v 7575.758 8787.879 2107.903
v 7575.758 9393.939 2350.349
v 7575.758 10000.000 2642.236
v 8181.818 -10000.000 2911.286
v 8181.818 -9393.939 2613.687
v 8181.818 -8787.879 2363.349
v 8181.818 -8181.818 2154.529
v 8181.818 -7575.758 1978.954
v 8181.818 -6969.697 1826.918
v 8181.818 -6363.636 1688.571
v 8181.818 -5757.576 1555.227
v 8181.818 -5151.515 1420.496
v 8181.818 -4545.455 1281.089
v 8181.818 -3939.394 1137.181
v 8181.818 -3333.333 992.286
v 8181.818 -2727.273 852.660
v 8181.818 -2121.212 726.333
v 8181.818 -1515.152 621.888
v 8181.818 -909.091 547.191
v 8181.818 -303.030 508.229
v 8181.818 303.030 508.229
v 8181.818 909.091 547.191
v 8181.818 1515.152 621.888
v 8181.818 2121.212 726.333
v 8181.818 2727.273 852.660
v 8181.818 3333.333 992.286
v 8181.818 3939.394 1137.181
v 8181.818 4545.455 1281.089
v 8181.818 5151.515 1420.496
v 8181.818 5757.576 1555.227
v 8181.818 6363.636 1688.571
v 8181.818 6969.697 1826.918
v 8181.818 7575.758 1978.954
v 8181.818 8181.818 2154.529
v 8181.818 8787.879 2363.349
v 8181.818 9393.939 2613.687
v 8181.818 10000.000 2911.286
v 8787.879 -10000.000 3228.324
v 8787.879 -9393.939 2923.031
v 8787.879 -8787.879 2659.636
v 8787.879 -8181.818 2433.610
v 8787.879 -7575.758 2238.464
v 8787.879 -6969.697 2066.598
v 8787.879 -6363.636 1910.301
v 8787.879 -5757.576 1762.756
v 8787.879 -5151.515 1618.923
v 8787.879 -4545.455 1476.161
v 8787.879 -3939.394 1334.512
v 8787.879 -3333.333 1196.603
v 8787.879 -2727.273 1067.198
v 8787.879 -2121.212 952.440
v 8787.879 -1515.152 858.914
v 8787.879 -909.091 792.665
v 8787.879 -303.030 758.298
v 8787.879 303.030 758.298
v 8787.879 909.091 792.665
v 8787.879 1515.152 858.914
v 8787.879 2121.212 952.440
v 8787.879 2727.273 1067.198
v 8787.879 3333.333 1196.603
v 8787.879 3939.394 1334.512
v 8787.879 4545.455 1476.161
v 8787.879 5151.515 1618.923
v 8787.879 5757.576 1762.756
v 8787.879 6363.636 1910.301
v 8787.879 6969.697 2066.598
v 8787.879 7575.758 2238.464
v 8787.879 8181.818 2433.610
v 8787.879 8787.879 2659.636
v 8787.879 9393.939 2923.031
v 8787.879 10000.000 3228.324
v 9393.939 -10000.000 3588.156
v 9393.939 -9393.939 3273.684
v 9393.939 -8787.879 2993.292
v 9393.939 -8181.818 2744.248
v 9393.939 -7575.758 2522.700
v 9393.939 -6969.697 2324.159
v 9393.939 -6363.636 2144.058
v 9393.939 -5757.576 1978.325
v 9393.939 -5151.515 1823.881
v 9393.939 -4545.455 1678.995
v 9393.939 -3939.394 1543.449
v 9393.939 -3333.333 1418.490
v 9393.939 -2727.273 1306.580
v 9393.939 -2121.212 1210.984
v 9393.939 -1515.152 1135.244
v 9393.939 -909.091 1082.631
v 9393.939 -303.030 1055.648
v 9393.939 303.030 1055.648
v 9393.939 909.091 1082.631
v 9393.939 1515.152 1135.244
v 9393.939 2121.212 1210.984
v 9393.939 2727.273 1306.580
v 9393.939 3333.333 1418.490
v 9393.939 3939.394 1543.449
v 9393.939 4545.455 1678.995
v 9393.939 5151.515 1823.881
v 9393.939 5757.576 1978.325
v 9393.939 6363.636 2144.058
v 9393.939 6969.697 2324.159
v 9393.939 7575.758 2522.700
v 9393.939 8181.818 2744.248
v 9393.939 8787.879 2993.292
v 9393.939 9393.939 3273.684
v 9393.939 10000.000 3588.156
v 10000.000 -10000.000 3982.843
v 10000.000 -9393.939 3658.417
v 10000.000 -8787.879 3358.885
v 10000.000 -8181.818 3083.637
v 10000.000 -7575.758 2831.942
v 10000.000 -6969.697 2602.982
v 10000.000 -6363.636 2395.905
v 10000.000 -5757.576 2209.873
v 10000.000 -5151.515 2044.110
v 10000.000 -4545.455 1897.939
v 10000.000 -3939.394 1770.807
v 10000.000 -3333.333 1662.293
v 10000.000 -2727.273 1572.105
v 10000.000 -2121.212 1500.059
v 10000.000 -1515.152 1446.059
v 10000.000 -909.091 1410.065
v 10000.000 -303.030 1392.068
v 10000.000 303.030 1392.068
v 10000.000 909.091 1410.065
v 10000.000 1515.152 1446.059
v 10000.000 2121.212 1500.059
v 10000.000 2727.273 1572.105
v 10000.000 3333.333 1662.293
v 10000.000 3939.394 1770.807
v 10000.000 4545.455 1897.939
v 10000.000 5151.515 2044.110
v 10000.000 5757.576 2209.873
v 10000.000 6363.636 2395.905
v 10000.000 6969.697 2602.982
v 10000.000 7575.758 2831.942
v 10000.000 8181.818 3083.637
v 10000.000 8787.879 3358.885
v 10000.000 9393.939 3658.417
v 10000.000 10000.000 3982.843
v -10000.000 -10000.000 -800.000
v -10000.000 -9393.939 -800.000
v -10000.000 -8787.879 -800.000
v -10000.000 -8181.818 -800.000
v -10000.000 -7575.758 -800.000
v -10000.000 -6969.697 -800.000
v -10000.000 -6363.636 -800.000
v -10000.000 -5757.576 -800.000
v -10000.000 -5151.515 -800.000
v -10000.000 -4545.455 -800.000
v -10000.000 -3939.394 -800.000
v -10000.000 -3333.333 -800.000
v -10000.000 -2727.273 -800.000
v -10000.000 -2121.212 -800.000
v -10000.000 -1515.152 -800.000
v -10000.000 -909.091 -800.000
v -10000.000 -303.030 -800.000
v -10000.000 303.030 -800.000
v -10000.000 909.091 -800.000
v -10000.000 1515.152 -800.000
v -10000.000 2121.212 -800.000
v -10000.000 2727.273 -800.000
v -10000.000 3333.333 -800.000
v -10000.000 3939.394 -800.000
v -10000.000 4545.455 -800.000
v -10000.000 5151.515 -800.000
v -10000.000 5757.576 -800.000
v -10000.000 6363.636 -800.000
v -10000.000 6969.697 -800.000
v -10000.000 7575.758 -800.000
v -10000.000 8181.818 -800.000
v -10000.000 8787.879 -800.000
v -10000.000 9393.939 -800.000
v -10000.000 10000.000 -800.000
v -9393.939 -10000.000 -800.000
v -9393.939 -9393.939 -800.000
v -9393.939 -8787.879 -800.000
v -9393.939 -8181.818 -800.000
v -9393.939 -7575.758 -800.000
v -9393.939 -6969.697 -800.000
v -9393.939 -6363.636 -800.000
v -9393.939 -5757.576 -800.000
v -9393.939 -5151.515 -800.000
v -9393.939 -4545.455 -800.000
v -9393.939 -3939.394 -800.000
v -9393.939 -3333.333 -800.000
v -9393.939 -2727.273 -800.000
v -9393.939 -2121.212 -800.000
v -9393.939 -1515.152 -800.000
v -9393.939 -909.091 -800.000
v -9393.939 -303.030 -800.000
v -9393.939 303.030 -800.000
v -9393.939 909.091 -800.000
v -9393.939 1515.152 -800.000
v -9393.939 2121.212 -800.000
v -9393.939 2727.273 -800.000
v -9393.939 3333.333 -800.000
v -9393.939 3939.394 -800.000
v -9393.939 4545.455 -800.000
v -9393.939 5151.515 -800.000
v -9393.939 5757.576 -800.000
v -9393.939 6363.636 -800.000
v -9393.939 6969.697 -800.000
v -9393.939 7575.758 -800.000
v -9393.939 8181.818 -800.000
v -9393.939 8787.879 -800.000
v -9393.939 9393.939 -800.000
v -9393.939 10000.000 -800.000
v -8787.879 -10000.000 -800.000
v -8787.879 -9393.939 -800.000
v -8787.879 -8787.879 -800.000
v -8787.879 -8181.818 -800.000
v -8787.879 -7575.758 -800.000
v -8787.879 -6969.697 -800.000
v -8787.879 -6363.636 -800.000
v -8787.879 -5757.576 -800.000
v -8787.879 -5151.515 -800.000
v -8787.879 -4545.455 -800.000
v -8787.879 -3939.394 -800.000
v -8787.879 -3333.333 -800.000
v -8787.879 -2727.273 -800.000
v -8787.879 -2121.212 -800.000
v -8787.879 -1515.152 -800.000
v -8787.879 -909.091 -800.000
v -8787.879 -303.030 -800.000
v -8787.879 303.030 -800.000
v -8787.879 909.091 -800.000
v -8787.879 1515.152 -800.000
v -8787.879 2121.212 -800.000
v -8787.879 2727.273 -800.000
v -8787.879 3333.333 -800.000
v -8787.879 3939.394 -800.000
v -8787.879 4545.455 -800.000
v -8787.879 5151.515 -800.000
v -8787.879 5757.576 -800.000
v -8787.879 6363.636 -800.000
v -8787.879 6969.697 -800.000
v -8787.879 7575.758 -800.000
v -8787.879 8181.818 -800.000
v -8787.879 8787.879 -800.000
v -8787.879 9393.939 -800.000
v -8787.879 10000.000 -800.000
v -8181.818 -10000.000 -800.000
v -8181.818 -9393.939 -800.000
v -8181.818 -8787.879 -800.000
v -8181.818 -8181.818 -800.000
v -8181.818 -7575.758 -800.000
v -8181.818 -6969.697 -800.000
v -8181.818 -6363.636 -800.000
v -8181.818 -5757.576 -800.000
v -8181.818 -5151.515 -800.000
v -8181.818 -4545.455 -800.000
v -8181.818 -3939.394 -800.000
v -8181.818 -3333.333 -800.000
v -8181.818 -2727.273 -800.000
v -8181.818 -2121.212 -800.000
v -8181.818 -1515.152 -800.000
v -8181.818 -909.091 -800.000
v -8181.818 -303.030 -800.000
v -8181.818 303.030 -800.000
v -8181.818 909.091 -800.000
v -8181.818 1515.152 -800.000
v -8181.818 2121.212 -800.000
v -8181.818 2727.273 -800.000
v -8181.818 3333.333 -800.000
v -8181.818 3939.394 -800.000
v -8181.818 4545.455 -800.000
v -8181.818 5151.515 -800.000
v -8181.818 5757.576 -800.000
v -8181.818 6363.636 -800.000
v -8181.818 6969.697 -800.000
v -8181.818 7575.758 -800.000
v -8181.818 8181.818 -800.000
v -8181.818 8787.879 -800.000
v -8181.818 9393.939 -800.000
v -8181.818 10000.000 -800.000
v -7575.758 -10000.000 -800.000
v -7575.758 -9393.939 -800.000
v -7575.758 -8787.879 -800.000
v -7575.758 -8181.818 -800.000
v -7575.758 -7575.758 -800.000
v -7575.758 -6969.697 -800.000
v -7575.758 -6363.636 -800.000
v -7575.758 -5757.576 -800.000
v -7575.758 -5151.515 -800.000
v -7575.758 -4545.455 -800.000
v -7575.758 -3939.394 -800.000
v -7575.758 -3333.333 -800.000
v -7575.758 -2727.273 -800.000
v -7575.758 -2121.212 -800.000
v -7575.758 -1515.152 -800.000
v -7575.758 -909.091 -800.000
v -7575.758 -303.030 -800.000
v -7575.758 303.030 -800.000
v -7575.758 909.091 -800.000
v -7575.758 1515.152 -800.000
v -7575.758 2121.212 -800.000
v -7575.758 2727.273 -800.000
v -7575.758 3333.333 -800.000
v -7575.758 3939.394 -800.000
v -7575.758 4545.455 -800.000
v -7575.758 5151.515 -800.000
v -7575.758 5757.576 -800.000
v -7575.758 6363.636 -800.000
v -7575.758 6969.697 -800.000
v -7575.758 7575.758 -800.000
v -7575.758 8181.818 -800.000
v -7575.758 8787.879 -800.000
v -7575.758 9393.939 -800.000
v -7575.758 10000.000 -800.000
v -6969.697 -10000.000 -800.000
v -6969.697 -9393.939 -800.000
v -6969.697 -8787.879 -800.000
v -6969.697 -8181.818 -800.000
v -6969.697 -7575.758 -800.000
v -6969.697 -6969.697 -800.000
v -6969.697 -6363.636 -800.000
v -6969.697 -5757.576 -800.000
v -6969.697 -5151.515 -800.000
v -6969.697 -4545.455 -800.000
v -6969.697 -3939.394 -800.000
v -6969.697 -3333.333 -800.000
v -6969.697 -2727.273 -800.000
v -6969.697 -2121.212 -800.000
v -6969.697 -1515.152 -800.000
v -6969.697 -909.091 -800.000
v -6969.697 -303.030 -800.000
v -6969.697 303.030 -800.000
v -6969.697 909.091 -800.000
v -6969.697 1515.152 -800.000
v -6969.697 2121.212 -800.000
v -6969.697 2727.273 -800.000
v -6969.697 3333.333 -800.000
v -6969.697 3939.394 -800.000
v -6969.697 4545.455 -800.000
v -6969.697 5151.515 -800.000
v -6969.697 5757.576 -800.000
v -6969.697 6363.636 -800.000
v -6969.697 6969.697 -800.000
v -6969.697 7575.758 -800.000
v -6969.697 8181.818 -800.000
v -6969.697 8787.879 -800.000
v -6969.697 9393.939 -800.000
v -6969.697 10000.000 -800.000
v -6363.636 -10000.000 -800.000
v -6363.636 -9393.939 -800.000
v -6363.636 -8787.879 -800.000
v -6363.636 -8181.818 -800.000
v -6363.636 -7575.758 -800.000
v -6363.636 -6969.697 -800.000
v -6363.636 -6363.636 -800.000
v -6363.636 -5757.576 -800.000
v -6363.636 -5151.515 -800.000
v -6363.636 -4545.455 -800.000
v -6363.636 -3939.394 -800.000
v -6363.636 -3333.333 -800.000
v -6363.636 -2727.273 -800.000
v -6363.636 -2121.212 -800.000
v -6363.636 -1515.152 -800.000
v -6363.636 -909.091 -800.000
v -6363.636 -303.030 -800.000
v -6363.636 303.030 -800.000
v -6363.636 909.091 -800.000
v -6363.636 1515.152 -800.000
v -6363.636 2121.212 -800.000
v -6363.636 2727.273 -800.000
v -6363.636 3333.333 -800.000
v -6363.636 3939.394 -800.000
v -6363.636 4545.455 -800.000
v -6363.636 5151.515 -800.000
v -6363.636 5757.576 -800.000
v -6363.636 6363.636 -800.000
v -6363.636 6969.697 -800.000
v -6363.636 7575.758 -800.000
v -6363.636 8181.818 -800.000
v -6363.636 8787.879 -800.000
v -6363.636 9393.939 -800.000
v -6363.636 10000.000 -800.000
v -5757.576 -10000.000 -800.000
v -5757.576 -9393.939 -800.000
v -5757.576 -8787.879 -800.000
v -5757.576 -8181.818 -800.000
v -5757.576 -7575.758 -800.000
v -5757.576 -6969.697 -800.000
v -5757.576 -6363.636 -800.000
v -5757.576 -5757.576 -800.000
v -5757.576 -5151.515 -800.000
v -5757.576 -4545.455 -800.000
v -5757.576 -3939.394 -800.000
v -5757.576 -3333.333 -800.000
v -5757.576 -2727.273 -800.000
v -5757.576 -2121.212 -800.000
v -5757.576 -1515.152 -800.000
v -5757.576 -909.091 -800.000
v -5757.576 -303.030 -800.000
v -5757.576 303.030 -800.000
v -5757.576 909.091 -800.000
v -5757.576 1515.152 -800.000
v -5757.576 2121.212 -800.000
v -5757.576 2727.273 -800.000
v -5757.576 3333.333 -800.000
v -5757.576 3939.394 -800.000
v -5757.576 4545.455 -800.000
v -5757.576 5151.515 -800.000
v -5757.576 5757.576 -800.000
v -5757.576 6363.636 -800.000
v -5757.576 6969.697 -800.000
v -5757.576 7575.758 -800.000
v -5757.576 8181.818 -800.000
v -5757.576 8787.879 -800.000
v -5757.576 9393.939 -800.000
v -5757.576 10000.000 -800.000
v -5151.515 -10000.000 -800.000
v -5151.515 -9393.939 -800.000
v -5151.515 -8787.879 -800.000
v -5151.515 -8181.818 -800.000
v -5151.515 -7575.758 -800.000
v -5151.515 -6969.697 -800.000
v -5151.515 -6363.636 -800.000
v -5151.515 -5757.576 -800.000
v -5151.515 -5151.515 -800.000
v -5151.515 -4545.455 -800.000
v -5151.515 -3939.394 -800.000
v -5151.515 -3333.333 -800.000
v -5151.515 -2727.273 -800.000
v -5151.515 -2121.212 -800.000
v -5151.515 -1515.152 -800.000
v -5151.515 -909.091 -800.000
v -5151.515 -303.030 -800.000
v -5151.515 303.030 -800.000
v -5151.515 909.091 -800.000
v -5151.515 1515.152 -800.000
v -5151.515 2121.212 -800.000
v -5151.515 2727.273 -800.000
v -5151.515 3333.333 -800.000
v -5151.515 3939.394 -800.000
v -5151.515 4545.455 -800.000
v -5151.515 5151.515 -800.000
v -5151.515 5757.576 -800.000
v -5151.515 6363.636 -800.000
v -5151.515 6969.697 -800.000
v -5151.515 7575.758 -800.000
v -5151.515 8181.818 -800.000
v -5151.515 8787.879 -800.000
v -5151.515 9393.939 -800.000
v -5151.515 10000.000 -800.000
v -4545.455 -10000.000 -800.000
v -4545.455 -9393.939 -800.000
v -4545.455 -8787.879 -800.000
v -4545.455 -8181.818 -800.000
v -4545.455 -7575.758 -800.000
v -4545.455 -6969.697 -800.000
v -4545.455 -6363.636 -800.000
v -4545.455 -5757.576 -800.000
v -4545.455 -5151.515 -800.000
v -4545.455 -4545.455 -800.000
v -4545.455 -3939.394 -800.000
v -4545.455 -3333.333 -800.000
v -4545.455 -2727.273 -800.000
v -4545.455 -2121.212 -800.000
v -4545.455 -1515.152 -800.000
v -4545.455 -909.091 -800.000
v -4545.455 -303.030 -800.000
v -4545.455 303.030 -800.000
v -4545.455 909.091 -800.000
v -4545.455 1515.152 -800.000
v -4545.455 2121.212 -800.000
v -4545.455 2727.273 -800.000
v -4545.455 3333.333 -800.000
v -4545.455 3939.394 -800.000
v -4545.455 4545.455 -800.000
v -4545.455 5151.515 -800.000
v -4545.455 5757.576 -800.000
v -4545.455 6363.636 -800.000
v -4545.455 6969.697 -800.000
v -4545.455 7575.758 -800.000
v -4545.455 8181.818 -800.000
v -4545.455 8787.879 -800.000
v -4545.455 9393.939 -800.000
v -4545.455 10000.000 -800.000
v -3939.394 -10000.000 -800.000
v -3939.394 -9393.939 -800.000
v -3939.394 -8787.879 -800.000
v -3939.394 -8181.818 -800.000
v -3939.394 -7575.758 -800.000
v -3939.394 -6969.697 -800.000
v -3939.394 -6363.636 -800.000
v -3939.394 -5757.576 -800.000
v -3939.394 -5151.515 -800.000
v -3939.394 -4545.455 -800.000
v -3939.394 -3939.394 -800.000
v -3939.394 -3333.333 -800.000
v -3939.394 -2727.273 -800.000
v -3939.394 -2121.212 -800.000
v -3939.394 -1515.152 -800.000
v -3939.394 -909.091 -800.000
v -3939.394 -303.030 -800.000
v -3939.394 303.030 -800.000
v -3939.394 909.091 -800.000
v -3939.394 1515.152 -800.000
v -3939.394 2121.212 -800.000
v -3939.394 2727.273 -800.000
v -3939.394 3333.333 -800.000
v -3939.394 3939.394 -800.000
v -3939.394 4545.455 -800.000
v -3939.394 5151.515 -800.000
v -3939.394 5757.576 -800.000
v -3939.394 6363.636 -800.000
v -3939.394 6969.697 -800.000
v -3939.394 7575.758 -800.000
v -3939.394 8181.818 -800.000
v -3939.394 8787.879 -800.000
v -3939.394 9393.939 -800.000
v -3939.394 10000.000 -800.000
v -3333.333 -10000.000 -800.000
v -3333.333 -9393.939 -800.000
v -3333.333 -8787.879 -800.000
v -3333.333 -8181.818 -800.000
v -3333.333 -7575.758 -800.000
v -3333.333 -6969.697 -800.000
v -3333.333 -6363.636 -800.000
v -3333.333 -5757.576 -800.000
v -3333.333 -5151.515 -800.000
v -3333.333 -4545.455 -800.000
v -3333.333 -3939.394 -800.000
v -3333.333 -3333.333 -800.000
v -3333.333 -2727.273 -800.000
v -3333.333 -2121.212 -800.000
v -3333.333 -1515.152 -800.000
v -3333.333 -909.091 -800.000
v -3333.333 -303.030 -800.000
v -3333.333 303.030 -800.000
v -3333.333 909.091 -800.000
v -3333.333 1515.152 -800.000
v -3333.333 2121.212 -800.000
v -3333.333 2727.273 -800.000
v -3333.333 3333.333 -800.000
v -3333.333 3939.394 -800.000
v -3333.333 4545.455 -800.000
v -3333.333 5151.515 -800.000
v -3333.333 5757.576 -800.000
v -3333.333 6363.636 -800.000
v -3333.333 6969.697 -800.000
v -3333.333 7575.758 -800.000
v -3333.333 8181.818 -800.000
v -3333.333 8787.879 -800.000
v -3333.333 9393.939 -800.000
v -3333.333 10000.000 -800.000
v -2727.273 -10000.000 -800.000
v -2727.273 -9393.939 -800.000
v -2727.273 -8787.879 -800.000
v -2727.273 -8181.818 -800.000
v -2727.273 -7575.758 -800.000
v -2727.273 -6969.697 -800.000
v -2727.273 -6363.636 -800.000
v -2727.273 -5757.576 -800.000
v -2727.273 -5151.515 -800.000
v -2727.273 -4545.455 -800.000
v -2727.273 -3939.394 -800.000
v -2727.273 -3333.333 -800.000
v -2727.273 -2727.273 -800.000
v -2727.273 -2121.212 -800.000
v -2727.273 -1515.152 -800.000
v -2727.273 -909.091 -800.000
v -2727.273 -303.030 -800.000
v -2727.273 303.030 -800.000
v -2727.273 909.091 -800.000
v -2727.273 1515.152 -800.000
v -2727.273 2121.212 -800.000
v -2727.273 2727.273 -800.000
v -2727.273 3333.333 -800.000
v -2727.273 3939.394 -800.000
v -2727.273 4545.455 -800.000
v -2727.273 5151.515 -800.000
v -2727.273 5757.576 -800.000
v -2727.273 6363.636 -800.000
v -2727.273 6969.697 -800.000
v -2727.273 7575.758 -800.000
v -2727.273 8181.818 -800.000
v -2727.273 8787.879 -800.000
v -2727.273 9393.939 -800.000
v -2727.273 10000.000 -800.000
v -2121.212 -10000.000 -800.000
v -2121.212 -9393.939 -800.000
v -2121.212 -8787.879 -800.000
v -2121.212 -8181.818 -800.000
v -2121.212 -7575.758 -800.000
v -2121.212 -6969.697 -800.000
v -2121.212 -6363.636 -800.000
v -2121.212 -5757.576 -800.000
v -2121.212 -5151.515 -800.000
v -2121.212 -4545.455 -800.000
v -2121.212 -3939.394 -800.000
v -2121.212 -3333.333 -800.000
v -2121.212 -2727.273 -800.000
v -2121.212 -2121.212 -800.000
v -2121.212 -1515.152 -800.000
v -2121.212 -909.091 -800.000
v -2121.212 -303.030 -800.000
v -2121.212 303.030 -800.000
v -2121.212 909.091 -800.000
v -2121.212 1515.152 -800.000
v -2121.212 2121.212 -800.000
v -2121.212 2727.273 -800.000
v -2121.212 3333.333 -800.000
v -2121.212 3939.394 -800.000
v -2121.212 4545.455 -800.000
v -2121.212 5151.515 -800.000
v -2121.212 5757.576 -800.000
v -2121.212 6363.636 -800.000
v -2121.212 6969.697 -800.000
v -2121.212 7575.758 -800.000
v -2121.212 8181.818 -800.000
v -2121.212 8787.879 -800.000
v -2121.212 9393.939 -800.000
v -2121.212 10000.000 -800.000
v -1515.152 -10000.000 -800.000
v -1515.152 -9393.939 -800.000
v -1515.152 -8787.879 -800.000
v -1515.152 -8181.818 -800.000
v -1515.152 -7575.758 -800.000
v -1515.152 -6969.697 -800.000
v -1515.152 -6363.636 -800.000
v -1515.152 -5757.576 -800.000
v -1515.152 -5151.515 -800.000
v -1515.152 -4545.455 -800.000
v -1515.152 -3939.394 -800.000
v -1515.152 -3333.333 -800.000
v -1515.152 -2727.273 -800.000
v -1515.152 -2121.212 -800.000
v -1515.152 -1515.152 -800.000
v -1515.152 -909.091 -800.000
v -1515.152 -303.030 -800.000
v -1515.152 303.030 -800.000
v -1515.152 909.091 -800.000
v -1515.152 1515.152 -800.000
v -1515.152 2121.212 -800.000
v -1515.152 2727.273 -800.000
v -1515.152 3333.333 -800.000
v -1515.152 3939.394 -800.000
v -1515.152 4545.455 -800.000
v -1515.152 5151.515 -800.000
v -1515.152 5757.576 -800.000
v -1515.152 6363.636 -800.000
v -1515.152 6969.697 -800.000
v -1515.152 7575.758 -800.000
v -1515.152 8181.818 -800.000
v -1515.152 8787.879 -800.000
v -1515.152 9393.939 -800.000
v -1515.152 10000.000 -800.000
v -909.091 -10000.000 -800.000
v -909.091 -9393.939 -800.000
v -909.091 -8787.879 -800.000
v -909.091 -8181.818 -800.000
v -909.091 -7575.758 -800.000
v -909.091 -6969.697 -800.000
v -909.091 -6363.636 -800.000
v -909.091 -5757.576 -800.000
v -909.091 -5151.515 -800.000
v -909.091 -4545.455 -800.000
v -909.091 -3939.394 -800.000
v -909.091 -3333.333 -800.000
v -909.091 -2727.273 -800.000
v -909.091 -2121.212 -800.000
v -909.091 -1515.152 -800.000
v -909.091 -909.091 -800.000
v -909.091 -303.030 -800.000
v -909.091 303.030 -800.000
v -909.091 909.091 -800.000
v -909.091 1515.152 -800.000
v -909.091 2121.212 -800.000
v -909.091 2727.273 -800.000
v -909.091 3333.333 -800.000
v -909.091 3939.394 -800.000
v -909.091 4545.455 -800.000
v -909.091 5151.515 -800.000
v -909.091 5757.576 -800.000
v -909.091 6363.636 -800.000
v -909.091 6969.697 -800.000
v -909.091 7575.758 -800.000
v -909.091 8181.818 -800.000
v -909.091 8787.879 -800.000
v -909.091 9393.939 -800.000
v -909.091 10000.000 -800.000
v -303.030 -10000.000 -800.000
v -303.030 -9393.939 -800.000
v -303.030 -8787.879 -800.000
v -303.030 -8181.818 -800.000
v -303.030 -7575.758 -800.000
v -303.030 -6969.697 -800.000
v -303.030 -6363.636 -800.000
v -303.030 -5757.576 -800.000
v -303.030 -5151.515 -800.000
v -303.030 -4545.455 -800.000
v -303.030 -3939.394 -800.000
v -303.030 -3333.333 -800.000
v -303.030 -2727.273 -800.000
v -303.030 -2121.212 -800.000
v -303.030 -1515.152 -800.000
v -303.030 -909.091 -800.000
v -303.030 -303.030 -800.000
v -303.030 303.030 -800.000
v -303.030 909.091 -800.000
v -303.030 1515.152 -800.000
v -303.030 2121.212 -800.000
v -303.030 2727.273 -800.000
v -303.030 3333.333 -800.000
v -303.030 3939.394 -800.000
v -303.030 4545.455 -800.000
v -303.030 5151.515 -800.000
v -303.030 5757.576 -800.000
v -303.030 6363.636 -800.000
v -303.030 6969.697 -800.000
v -303.030 7575.758 -800.000
v -303.030 8181.818 -800.000
v -303.030 8787.879 -800.000
v -303.030 9393.939 -800.000
v -303.030 10000.000 -800.000
v 303.030 -10000.000 -800.000
v 303.030 -9393.939 -800.000
v 303.030 -8787.879 -800.000
v 303.030 -8181.818 -800.000
v 303.030 -7575.758 -800.000
v 303.030 -6969.697 -800.000
v 303.030 -6363.636 -800.000
v 303.030 -5757.576 -800.000
v 303.030 -5151.515 -800.000
v 303.030 -4545.455 -800.000
v 303.030 -3939.394 -800.000
v 303.030 -3333.333 -800.000
v 303.030 -2727.273 -800.000
v 303.030 -2121.212 -800.000
v 303.030 -1515.152 -800.000
v 303.030 -909.091 -800.000
v 303.030 -303.030 -800.000
v 303.030 303.030 -800.000
v 303.030 909.091 -800.000
v 303.030 1515.152 -800.000
v 303.030 2121.212 -800.000
v 303.030 2727.273 -800.000
v 303.030 3333.333 -800.000
v 303.030 3939.394 -800.000
v 303.030 4545.455 -800.000
v 303.030 5151.515 -800.000
v 303.030 5757.576 -800.000
v 303.030 6363.636 -800.000
v 303.030 6969.697 -800.000
v 303.030 7575.758 -800.000
v 303.030 8181.818 -800.000
v 303.030 8787.879 -800.000
v 303.030 9393.939 -800.000
v 303.030 10000.000 -800.000
v 909.091 -10000.000 -800.000
v 909.091 -9393.939 -800.000
v 909.091 -8787.879 -800.000
v 909.091 -8181.818 -800.000
v 909.091 -7575.758 -800.000
v 909.091 -6969.697 -800.000
v 909.091 -6363.636 -800.000
v 909.091 -5757.576 -800.000
v 909.091 -5151.515 -800.000
v 909.091 -4545.455 -800.000
v 909.091 -3939.394 -800.000
v 909.091 -3333.333 -800.000
v 909.091 -2727.273 -800.000
v 909.091 -2121.212 -800.000
v 909.091 -1515.152 -800.000
v 909.091 -909.091 -800.000
v 909.091 -303.030 -800.000
v 909.091 303.030 -800.000
v 909.091 909.091 -800.000
v 909.091 1515.152 -800.000
v 909.091 2121.212 -800.000
v 909.091 2727.273 -800.000
v 909.091 3333.333 -800.000
v 909.091 3939.394 -800.000
v 909.091 4545.455 -800.000
v 909.091 5151.515 -800.000
v 909.091 5757.576 -800.000
v 909.091 6363.636 -800.000
v 909.091 6969.697 -800.000
v 909.091 7575.758 -800.000
v 909.091 8181.818 -800.000
v 909.091 8787.879 -800.000
v 909.091 9393.939 -800.000
v 909.091 10000.000 -800.000
v 1515.152 -10000.000 -800.000
v 1515.152 -9393.939 -800.000
v 1515.152 -8787.879 -800.000
v 1515.152 -8181.818 -800.000
v 1515.152 -7575.758 -800.000
v 1515.152 -6969.697 -800.000
v 1515.152 -6363.636 -800.000
v 1515.152 -5757.576 -800.000
v 1515.152 -5151.515 -800.000
v 1515.152 -4545.455 -800.000
v 1515.152 -3939.394 -800.000
v 1515.152 -3333.333 -800.000
v 1515.152 -2727.273 -800.000
v 1515.152 -2121.212 -800.000
v 1515.152 -1515.152 -800.000
v 1515.152 -909.091 -800.000
v 1515.152 -303.030 -800.000
v 1515.152 303.030 -800.000
v 1515.152 909.091 -800.000
v 1515.152 1515.152 -800.000
v 1515.152 2121.212 -800.000
v 1515.152 2727.273 -800.000
v 1515.152 3333.333 -800.000
v 1515.152 3939.394 -800.000
v 1515.152 4545.455 -800.000
v 1515.152 5151.515 -800.000
v 1515.152 5757.576 -800.000
v 1515.152 6363.636 -800.000
v 1515.152 6969.697 -800.000
v 1515.152 7575.758 -800.000
v 1515.152 8181.818 -800.000
v 1515.152 8787.879 -800.000
v 1515.152 9393.939 -800.000
v 1515.152 10000.000 -800.000
v 2121.212 -10000.000 -800.000
v 2121.212 -9393.939 -800.000
v 2121.212 -8787.879 -800.000
v 2121.212 -8181.818 -800.000
v 2121.212 -7575.758 -800.000
v 2121.212 -6969.697 -800.000
v 2121.212 -6363.636 -800.000
v 2121.212 -5757.576 -800.000
v 2121.212 -5151.515 -800.000
v 2121.212 -4545.455 -800.000
v 2121.212 -3939.394 -800.000
v 2121.212 -3333.333 -800.000
v 2121.212 -2727.273 -800.000
v 2121.212 -2121.212 -800.000
v 2121.212 -1515.152 -800.000
v 2121.212 -909.091 -800.000
v 2121.212 -303.030 -800.000
v 2121.212 303.030 -800.000
v 2121.212 909.091 -800.000
v 2121.212 1515.152 -800.000
v 2121.212 2121.212 -800.000
v 2121.212 2727.273 -800.000
v 2121.212 3333.333 -800.000
v 2121.212 3939.394 -800.000
v 2121.212 4545.455 -800.000
v 2121.212 5151.515 -800.000
v 2121.212 5757.576 -800.000
v 2121.212 6363.636 -800.000
v 2121.212 6969.697 -800.000
v 2121.212 7575.758 -800.000
v 2121.212 8181.818 -800.000
v 2121.212 8787.879 -800.000
v 2121.212 9393.939 -800.000
v 2121.212 10000.000 -800.000
v 2727.273 -10000.000 -800.000
v 2727.273 -9393.939 -800.000
v 2727.273 -8787.879 -800.000
v 2727.273 -8181.818 -800.000
v 2727.273 -7575.758 -800.000
v 2727.273 -6969.697 -800.000
v 2727.273 -6363.636 -800.000
v 2727.273 -5757.576 -800.000
v 2727.273 -5151.515 -800.000
v 2727.273 -4545.455 -800.000
v 2727.273 -3939.394 -800.000
v 2727.273 -3333.333 -800.000
v 2727.273 -2727.273 -800.000
v 2727.273 -2121.212 -800.000
v 2727.273 -1515.152 -800.000
v 2727.273 -909.091 -800.000
v 2727.273 -303.030 -800.000
v 2727.273 303.030 -800.000
v 2727.273 909.091 -800.000
v 2727.273 1515.152 -800.000
v 2727.273 2121.212 -800.000
v 2727.273 2727.273 -800.000
v 2727.273 3333.333 -800.000
v 2727.273 3939.394 -800.000
v 2727.273 4545.455 -800.000
v 2727.273 5151.515 -800.000
v 2727.273 5757.576 -800.000
v 2727.273 6363.636 -800.000
v 2727.273 6969.697 -800.000
v 2727.273 7575.758 -800.000
v 2727.273 8181.818 -800.000
v 2727.273 8787.879 -800.000
v 2727.273 9393.939 -800.000
v 2727.273 10000.000 -800.000
v 3333.333 -10000.000 -800.000
v 3333.333 -9393.939 -800.000
v 3333.333 -8787.879 -800.000
v 3333.333 -8181.818 -800.000
v 3333.333 -7575.758 -800.000
v 3333.333 -6969.697 -800.000
v 3333.333 -6363.636 -800.000
v 3333.333 -5757.576 -800.000
v 3333.333 -5151.515 -800.000
v 3333.333 -4545.455 -800.000
v 3333.333 -3939.394 -800.000
v 3333.333 -3333.333 -800.000
v 3333.333 -2727.273 -800.000
v 3333.333 -2121.212 -800.000
v 3333.333 -1515.152 -800.000
v 3333.333 -909.091 -800.000
v 3333.333 -303.030 -800.000
v 3333.333 303.030 -800.000
v 3333.333 909.091 -800.000
v 3333.333 1515.152 -800.000
v 3333.333 2121.212 -800.000
v 3333.333 2727.273 -800.000
v 3333.333 3333.333 -800.000
v 3333.333 3939.394 -800.000
v 3333.333 4545.455 -800.000
v 3333.333 5151.515 -800.000
v 3333.333 5757.576 -800.000
v 3333.333 6363.636 -800.000
v 3333.333 6969.697 -800.000
v 3333.333 7575.758 -800.000
v 3333.333 8181.818 -800.000
v 3333.333 8787.879 -800.000
v 3333.333 9393.939 -800.000
v 3333.333 10000.000 -800.000
v 3939.394 -10000.000 -800.000
v 3939.394 -9393.939 -800.000
v 3939.394 -8787.879 -800.000
v 3939.394 -8181.818 -800.000
v 3939.394 -7575.758 -800.000
v 3939.394 -6969.697 -800.000
v 3939.394 -6363.636 -800.000
v 3939.394 -5757.576 -800.000
v 3939.394 -5151.515 -800.000
v 3939.394 -4545.455 -800.000
v 3939.394 -3939.394 -800.000
v 3939.394 -3333.333 -800.000
v 3939.394 -2727.273 -800.000
v 3939.394 -2121.212 -800.000
v 3939.394 -1515.152 -800.000
v 3939.394 -909.091 -800.000
v 3939.394 -303.030 -800.000
v 3939.394 303.030 -800.000
v 3939.394 909.091 -800.000
v 3939.394 1515.152 -800.000
v 3939.394 2121.212 -800.000
v 3939.394 2727.273 -800.000
v 3939.394 3333.333 -800.000
v 3939.394 3939.394 -800.000
v 3939.394 4545.455 -800.000
v 3939.394 5151.515 -800.000
v 3939.394 5757.576 -800.000
v 3939.394 6363.636 -800.000
v 3939.394 6969.697 -800.000
v 3939.394 7575.758 -800.000
v 3939.394 8181.818 -800.000
v 3939.394 8787.879 -800.000
v 3939.394 9393.939 -800.000
v 3939.394 10000.000 -800.000
v 4545.455 -10000.000 -800.000
v 4545.455 -9393.939 -800.000
v 4545.455 -8787.879 -800.000
v 4545.455 -8181.818 -800.000
v 4545.455 -7575.758 -800.000
v 4545.455 -6969.697 -800.000
v 4545.455 -6363.636 -800.000
v 4545.455 -5757.576 -800.000
v 4545.455 -5151.515 -800.000
v 4545.455 -4545.455 -800.000
v 4545.455 -3939.394 -800.000
v 4545.455 -3333.333 -800.000
v 4545.455 -2727.273 -800.000
v 4545.455 -2121.212 -800.000
v 4545.455 -1515.152 -800.000
v 4545.455 -909.091 -800.000
v 4545.455 -303.030 -800.000
v 4545.455 303.030 -800.000
v 4545.455 909.091 -800.000
v 4545.455 1515.152 -800.000
v 4545.455 2121.212 -800.000
v 4545.455 2727.273 -800.000
v 4545.455 3333.333 -800.000
v 4545.455 3939.394 -800.000
v 4545.455 4545.455 -800.000
v 4545.455 5151.515 -800.000
v 4545.455 5757.576 -800.000
v 4545.455 6363.636 -800.000
v 4545.455 6969.697 -800.000
v 4545.455 7575.758 -800.000
v 4545.455 8181.818 -800.000
v 4545.455 8787.879 -800.000
v 4545.455 9393.939 -800.000
v 4545.455 10000.000 -800.000
v 5151.515 -10000.000 -800.000
v 5151.515 -9393.939 -800.000
v 5151.515 -8787.879 -800.000
v 5151.515 -8181.818 -800.000
v 5151.515 -7575.758 -800.000
v 5151.515 -6969.697 -800.000
v 5151.515 -6363.636 -800.000
v 5151.515 -5757.576 -800.000
v 5151.515 -5151.515 -800.000
v 5151.515 -4545.455 -800.000
v 5151.515 -3939.394 -800.000
v 5151.515 -3333.333 -800.000
v 5151.515 -2727.273 -800.000
v 5151.515 -2121.212 -800.000
v 5151.515 -1515.152 -800.000
v 5151.515 -909.091 -800.000
v 5151.515 -303.030 -800.000
v 5151.515 303.030 -800.000
v 5151.515 909.091 -800.000
v 5151.515 1515.152 -800.000
v 5151.515 2121.212 -800.000
v 5151.515 2727.273 -800.000
v 5151.515 3333.333 -800.000
v 5151.515 3939.394 -800.000
v 5151.515 4545.455 -800.000
v 5151.515 5151.515 -800.000
v 5151.515 5757.576 -800.000
v 5151.515 6363.636 -800.000
v 5151.515 6969.697 -800.000
v 5151.515 7575.758 -800.000
v 5151.515 8181.818 -800.000
v 5151.515 8787.879 -800.000
v 5151.515 9393.939 -800.000
v 5151.515 10000.000 -800.000
v 5757.576 -10000.000 -800.000
v 5757.576 -9393.939 -800.000
v 5757.576 -8787.879 -800.000
v 5757.576 -8181.818 -800.000
v 5757.576 -7575.758 -800.000
v 5757.576 -6969.697 -800.000
v 5757.576 -6363.636 -800.000
v 5757.576 -5757.576 -800.000
v 5757.576 -5151.515 -800.000
v 5757.576 -4545.455 -800.000
v 5757.576 -3939.394 -800.000
v 5757.576 -3333.333 -800.000
v 5757.576 -2727.273 -800.000
v 5757.576 -2121.212 -800.000
v 5757.576 -1515.152 -800.000
v 5757.576 -909.091 -800.000
v 5757.576 -303.030 -800.000
v 5757.576 303.030 -800.000
v 5757.576 909.091 -800.000
v 5757.576 1515.152 -800.000
v 5757.576 2121.212 -800.000
v 5757.576 2727.273 -800.000
v 5757.576 3333.333 -800.000
v 5757.576 3939.394 -800.000
v 5757.576 4545.455 -800.000
v 5757.576 5151.515 -800.000
v 5757.576 5757.576 -800.000
v 5757.576 6363.636 -800.000
v 5757.576 6969.697 -800.000
v 5757.576 7575.758 -800.000
v 5757.576 8181.818 -800.000
v 5757.576 8787.879 -800.000
v 5757.576 9393.939 -800.000
v 5757.576 10000.000 -800.000
v 6363.636 -10000.000 -800.000
v 6363.636 -9393.939 -800.000
v 6363.636 -8787.879 -800.000
v 6363.636 -8181.818 -800.000
v 6363.636 -7575.758 -800.000
v 6363.636 -6969.697 -800.000
v 6363.636 -6363.636 -800.000
v 6363.636 -5757.576 -800.000
v 6363.636 -5151.515 -800.000
v 6363.636 -4545.455 -800.000
v 6363.636 -3939.394 -800.000
v 6363.636 -3333.333 -800.000
v 6363.636 -2727.273 -800.000
v 6363.636 -2121.212 -800.000
v 6363.636 -1515.152 -800.000
v 6363.636 -909.091 -800.000
v 6363.636 -303.030 -800.000
v 6363.636 303.030 -800.000
v 6363.636 909.091 -800.000
v 6363.636 1515.152 -800.000
v 6363.636 2121.212 -800.000
v 6363.636 2727.273 -800.000
v 6363.636 3333.333 -800.000
v 6363.636 3939.394 -800.000
v 6363.636 4545.455 -800.000
v 6363.636 5151.515 -800.000
v 6363.636 5757.576 -800.000
v 6363.636 6363.636 -800.000
v 6363.636 6969.697 -800.000
v 6363.636 7575.758 -800.000
v 6363.636 8181.818 -800.000
v 6363.636 8787.879 -800.000
v 6363.636 9393.939 -800.000
v 6363.636 10000.000 -800.000
v 6969.697 -10000.000 -800.000
v 6969.697 -9393.939 -800.000
v 6969.697 -8787.879 -800.000
v 6969.697 -8181.818 -800.000
v 6969.697 -7575.758 -800.000
v 6969.697 -6969.697 -800.000
v 6969.697 -6363.636 -800.000
v 6969.697 -5757.576 -800.000
v 6969.697 -5151.515 -800.000
v 6969.697 -4545.455 -800.000
v 6969.697 -3939.394 -800.000
v 6969.697 -3333.333 -800.000
v 6969.697 -2727.273 -800.000
v 6969.697 -2121.212 -800.000
v 6969.697 -1515.152 -800.000
v 6969.697 -909.091 -800.000
v 6969.697 -303.030 -800.000
v 6969.697 303.030 -800.000
v 6969.697 909.091 -800.000
v 6969.697 1515.152 -800.000
v 6969.697 2121.212 -800.000
v 6969.697 2727.273 -800.000
v 6969.697 3333.333 -800.000
v 6969.697 3939.394 -800.000
v 6969.697 4545.455 -800.000
v 6969.697 5151.515 -800.000
v 6969.697 5757.576 -800.000
v 6969.697 6363.636 -800.000
v 6969.697 6969.697 -800.000
v 6969.697 7575.758 -800.000
v 6969.697 8181.818 -800.000
v 6969.697 8787.879 -800.000
v 6969.697 9393.939 -800.000
v 6969.697 10000.000 -800.000
v 7575.758 -10000.000 -800.000
v 7575.758 -9393.939 -800.000
v 7575.758 -8787.879 -800.000
v 7575.758 -8181.818 -800.000
v 7575.758 -7575.758 -800.000
v 7575.758 -6969.697 -800.000
v 7575.758 -6363.636 -800.000
v 7575.758 -5757.576 -800.000
v 7575.758 -5151.515 -800.000
v 7575.758 -4545.455 -800.000
v 7575.758 -3939.394 -800.000
v 7575.758 -3333.333 -800.000
v 7575.758 -2727.273 -800.000
v 7575.758 -2121.212 -800.000
v 7575.758 -1515.152 -800.000
v 7575.758 -909.091 -800.000
v 7575.758 -303.030 -800.000
v 7575.758 303.030 -800.000
v 7575.758 909.091 -800.000
v 7575.758 1515.152 -800.000
v 7575.758 2121.212 -800.000
v 7575.758 2727.273 -800.000
v 7575.758 3333.333 -800.000
v 7575.758 3939.394 -800.000
v 7575.758 4545.455 -800.000
v 7575.758 5151.515 -800.000
v 7575.758 5757.576 -800.000
v 7575.758 6363.636 -800.000
v 7575.758 6969.697 -800.000
v 7575.758 7575.758 -800.000
v 7575.758 8181.818 -800.000
v 7575.758 8787.879 -800.000
v 7575.758 9393.939 -800.000
v 7575.758 10000.000 -800.000
v 8181.818 -10000.000 -800.000
v 8181.818 -9393.939 -800.000
v 8181.818 -8787.879 -800.000
v 8181.818 -8181.818 -800.000
v 8181.818 -7575.758 -800.000
v 8181.818 -6969.697 -800.000
v 8181.818 -6363.636 -800.000
v 8181.818 -5757.576 -800.000
v 8181.818 -5151.515 -800.000
v 8181.818 -4545.455 -800.000
v 8181.818 -3939.394 -800.000
v 8181.818 -3333.333 -800.000
v 8181.818 -2727.273 -800.000
v 8181.818 -2121.212 -800.000
v 8181.818 -1515.152 -800.000
v 8181.818 -909.091 -800.000
v 8181.818 -303.030 -800.000
v 8181.818 303.030 -800.000
v 8181.818 909.091 -800.000
v 8181.818 1515.152 -800.000
v 8181.818 2121.212 -800.000
v 8181.818 2727.273 -800.000
v 8181.818 3333.333 -800.000
v 8181.818 3939.394 -800.000
v 8181.818 4545.455 -800.000
v 8181.818 5151.515 -800.000
v 8181.818 5757.576 -800.000
v 8181.818 6363.636 -800.000
v 8181.818 6969.697 -800.000
v 8181.818 7575.758 -800.000
v 8181.818 8181.818 -800.000
v 8181.818 8787.879 -800.000
v 8181.818 9393.939 -800.000
v 8181.818 10000.000 -800.000
v 8787.879 -10000.000 -800.000
v 8787.879 -9393.939 -800.000
v 8787.879 -8787.879 -800.000
v 8787.879 -8181.818 -800.000
v 8787.879 -7575.758 -800.000
v 8787.879 -6969.697 -800.000
v 8787.879 -6363.636 -800.000
v 8787.879 -5757.576 -800.000
v 8787.879 -5151.515 -800.000
v 8787.879 -4545.455 -800.000
v 8787.879 -3939.394 -800.000
v 8787.879 -3333.333 -800.000
v 8787.879 -2727.273 -800.000
v 8787.879 -2121.212 -800.000
v 8787.879 -1515.152 -800.000
v 8787.879 -909.091 -800.000
v 8787.879 -303.030 -800.000
v 8787.879 303.030 -800.000
v 8787.879 909.091 -800.000
v 8787.879 1515.152 -800.000
v 8787.879 2121.212 -800.000
v 8787.879 2727.273 -800.000
v 8787.879 3333.333 -800.000
v 8787.879 3939.394 -800.000
v 8787.879 4545.455 -800.000
v 8787.879 5151.515 -800.000
v 8787.879 5757.576 -800.000
v 8787.879 6363.636 -800.000
v 8787.879 6969.697 -800.000
v 8787.879 7575.758 -800.000
v 8787.879 8181.818 -800.000
v 8787.879 8787.879 -800.000
v 8787.879 9393.939 -800.000
v 8787.879 10000.000 -800.000
v 9393.939 -10000.000 -800.000
v 9393.939 -9393.939 -800.000
v 9393.939 -8787.879 -800.000
v 9393.939 -8181.818 -800.000
v 9393.939 -7575.758 -800.000
v 9393.939 -6969.697 -800.000
v 9393.939 -6363.636 -800.000
v 9393.939 -5757.576 -800.000
v 9393.939 -5151.515 -800.000
v 9393.939 -4545.455 -800.000
v 9393.939 -3939.394 -800.000
v 9393.939 -3333.333 -800.000
v 9393.939 -2727.273 -800.000
v 9393.939 -2121.212 -800.000
v 9393.939 -1515.152 -800.000
v 9393.939 -909.091 -800.000
v 9393.939 -303.030 -800.000
v 9393.939 303.030 -800.000
v 9393.939 909.091 -800.000
v 9393.939 1515.152 -800.000
v 9393.939 2121.212 -800.000
v 9393.939 2727.273 -800.000
v 9393.939 3333.333 -800.000
v 9393.939 3939.394 -800.000
v 9393.939 4545.455 -800.000
v 9393.939 5151.515 -800.000
v 9393.939 5757.576 -800.000
v 9393.939 6363.636 -800.000
v 9393.939 6969.697 -800.000
v 9393.939 7575.758 -800.000
v 9393.939 8181.818 -800.000
v 9393.939 8787.879 -800.000
v 9393.939 9393.939 -800.000
v 9393.939 10000.000 -800.000
v 10000.000 -10000.000 -800.000
v 10000.000 -9393.939 -800.000
v 10000.000 -8787.879 -800.000
v 10000.000 -8181.818 -800.000
v 10000.000 -7575.758 -800.000
v 10000.000 -6969.697 -800.000
v 10000.000 -6363.636 -800.000
v 10000.000 -5757.576 -800.000
v 10000.000 -5151.515 -800.000
v 10000.000 -4545.455 -800.000
v 10000.000 -3939.394 -800.000
v 10000.000 -3333.333 -800.000
v 10000.000 -2727.273 -800.000
v 10000.000 -2121.212 -800.000
v 10000.000 -1515.152 -800.000
v 10000.000 -909.091 -800.000
v 10000.000 -303.030 -800.000
v 10000.000 303.030 -800.000
v 10000.000 909.091 -800.000
v 10000.000 1515.152 -800.000
v 10000.000 2121.212 -800.000
v 10000.000 2727.273 -800.000
v 10000.000 3333.333 -800.000
v 10000.000 3939.394 -800.000
v 10000.000 4545.455 -800.000
v 10000.000 5151.515 -800.000
v 10000.000 5757.576 -800.000
v 10000.000 6363.636 -800.000
v 10000.000 6969.697 -800.000
v 10000.000 7575.758 -800.000
v 10000.000 8181.818 -800.000
v 10000.000 8787.879 -800.000
v 10000.000 9393.939 -800.000
v 10000.000 10000.000 -800.000
vt 0.00000 0.00000
vt 0.00000 0.03030
vt 0.00000 0.06061
vt 0.00000 0.09091
vt 0.00000 0.12121
vt 0.00000 0.15152
vt 0.00000 0.18182
vt 0.00000 0.21212
vt 0.00000 0.24242
vt 0.00000 0.27273
vt 0.00000 0.30303
vt 0.00000 0.33333
vt 0.00000 0.36364
vt 0.00000 0.39394
vt 0.00000 0.42424
vt 0.00000 0.45455
vt 0.00000 0.48485
vt 0.00000 0.51515
vt 0.00000 0.54545
vt 0.00000 0.57576
vt 0.00000 0.60606
vt 0.00000 0.63636
vt 0.00000 0.66667
vt 0.00000 0.69697
vt 0.00000 0.72727
vt 0.00000 0.75758
vt 0.00000 0.78788
vt 0.00000 0.81818
vt 0.00000 0.84848
vt 0.00000 0.87879
vt 0.00000 0.90909
vt 0.00000 0.93939
vt 0.00000 0.96970
vt 0.00000 1.00000
vt 0.03030 0.00000
vt 0.03030 0.03030
vt 0.03030 0.06061
vt 0.03030 0.09091
vt 0.03030 0.12121
vt 0.03030 0.15152
vt 0.03030 0.18182
vt 0.03030 0.21212
vt 0.03030 0.24242
vt 0.03030 0.27273
vt 0.03030 0.30303
vt 0.03030 0.33333
vt 0.03030 0.36364
vt 0.03030 0.39394
vt 0.03030 0.42424
vt 0.03030 0.45455
vt 0.03030 0.48485
vt 0.03030 0.51515
vt 0.03030 0.54545
vt 0.03030 0.57576
vt 0.03030 0.60606
vt 0.03030 0.63636
vt 0.03030 0.66667
vt 0.03030 0.69697
vt 0.03030 0.72727
vt 0.03030 0.75758
vt 0.03030 0.78788
vt 0.03030 0.81818
vt 0.03030 0.84848
vt 0.03030 0.87879
vt 0.03030 0.90909
vt 0.03030 0.93939
vt 0.03030 0.96970
vt 0.03030 1.00000
vt 0.06061 0.00000
vt 0.06061 0.03030
vt 0.06061 0.06061
vt 0.06061 0.09091
vt 0.06061 0.12121
vt 0.06061 0.15152
vt 0.06061 0.18182
vt 0.06061 0.21212
vt 0.06061 0.24242
vt 0.06061 0.27273
vt 0.06061 0.30303
vt 0.06061 0.33333
vt 0.06061 0.36364
vt 0.06061 0.39394
vt 0.06061 0.42424
vt 0.06061 0.45455
vt 0.06061 0.48485
vt 0.06061 0.51515
vt 0.06061 0.54545
vt 0.06061 0.57576
vt 0.06061 0.60606
vt 0.06061 0.63636
vt 0.06061 0.66667
vt 0.06061 0.69697
vt 0.06061 0.72727
vt 0.06061 0.75758
vt 0.06061 0.78788
vt 0.06061 0.81818
vt 0.06061 0.84848
vt 0.06061 0.87879
vt 0.06061 0.90909
vt 0.06061 0.93939
vt 0.06061 0.96970
vt 0.06061 1.00000
vt 0.09091 0.00000
vt 0.09091 0.03030
vt 0.09091 0.06061
vt 0.09091 0.09091
vt 0.09091 0.12121
vt 0.09091 0.15152
vt 0.09091 0.18182
vt 0.09091 0.21212
vt 0.09091 0.24242
vt 0.09091 0.27273
vt 0.09091 0.30303
vt 0.09091 0.33333
vt 0.09091 0.36364
vt 0.09091 0.39394
vt 0.09091 0.42424
vt 0.09091 0.45455
vt 0.09091 0.48485
vt 0.09091 0.51515
vt 0.09091 0.54545
vt 0.09091 0.57576
vt 0.09091 0.60606
vt 0.09091 0.63636
vt 0.09091 0.66667
vt 0.09091 0.69697
vt 0.09091 0.72727
vt 0.09091 0.75758
vt 0.09091 0.78788
vt 0.09091 0.81818
vt 0.09091 0.84848
vt 0.09091 0.87879
vt 0.09091 0.90909
vt 0.09091 0.93939
vt 0.09091 0.96970
vt 0.09091 1.00000
vt 0.12121 0.00000
vt 0.12121 0.03030
vt 0.12121 0.06061
vt 0.12121 0.09091
vt 0.12121 0.12121
vt 0.12121 0.15152
vt 0.12121 0.18182
vt 0.12121 0.21212
vt 0.12121 0.24242
vt 0.12121 0.27273
vt 0.12121 0.30303
vt 0.12121 0.33333
vt 0.12121 0.36364
vt 0.12121 0.39394
vt 0.12121 0.42424
vt 0.12121 0.45455
vt 0.12121 0.48485
vt 0.12121 0.51515
vt 0.12121 0.54545
vt 0.12121 0.57576
vt 0.12121 0.60606
vt 0.12121 0.63636
vt 0.12121 0.66667
vt 0.12121 0.69697
vt 0.12121 0.72727
vt 0.12121 0.75758
vt 0.12121 0.78788
vt 0.12121 0.81818
vt 0.12121 0.84848
vt 0.12121 0.87879
vt 0.12121 0.90909
vt 0.12121 0.93939
vt 0.12121 0.96970
vt 0.12121 1.00000
vt 0.15152 0.00000
vt 0.15152 0.03030
vt 0.15152 0.06061
vt 0.15152 0.09091
vt 0.15152 0.12121
vt 0.15152 0.15152
vt 0.15152 0.18182
vt 0.15152 0.21212
vt 0.15152 0.24242
vt 0.15152 0.27273
vt 0.15152 0.30303
vt 0.15152 0.33333
vt 0.15152 0.36364
vt 0.15152 0.39394
vt 0.15152 0.42424
vt 0.15152 0.45455
vt 0.15152 0.48485
vt 0.15152 0.51515
vt 0.15152 0.54545
vt 0.15152 0.57576
vt 0.15152 0.60606
vt 0.15152 0.63636
vt 0.15152 0.66667
vt 0.15152 0.69697
vt 0.15152 0.72727
vt 0.15152 0.75758
vt 0.15152 0.78788
vt 0.15152 0.81818
vt 0.15152 0.84848
vt 0.15152 0.87879
vt 0.15152 0.90909
vt 0.15152 0.93939
vt 0.15152 0.96970
vt 0.15152 1.00000
vt 0.18182 0.00000
vt 0.18182 0.03030
vt 0.18182 0.06061
vt 0.18182 0.09091
vt 0.18182 0.12121
vt 0.18182 0.15152
vt 0.18182 0.18182
vt 0.18182 0.21212
vt 0.18182 0.24242
vt 0.18182 0.27273
vt 0.18182 0.30303
vt 0.18182 0.33333
vt 0.18182 0.36364
vt 0.18182 0.39394
vt 0.18182 0.42424
vt 0.18182 0.45455
vt 0.18182 0.48485
vt 0.18182 0.51515
vt 0.18182 0.54545
vt 0.18182 0.57576
vt 0.18182 0.60606
vt 0.18182 0.63636
vt 0.18182 0.66667
vt 0.18182 0.69697
vt 0.18182 0.72727
vt 0.18182 0.75758
vt 0.18182 0.78788
vt 0.18182 0.81818
vt 0.18182 0.84848
vt 0.18182 0.87879
vt 0.18182 0.90909
vt 0.18182 0.93939
vt 0.18182 0.96970
vt 0.18182 1.00000
vt 0.21212 0.00000
vt 0.21212 0.03030
vt 0.21212 0.06061
vt 0.21212 0.09091
vt 0.21212 0.12121
vt 0.21212 0.15152
vt 0.21212 0.18182
vt 0.21212 0.21212
vt 0.21212 0.24242
vt 0.21212 0.27273
vt 0.21212 0.30303
vt 0.21212 0.33333
vt 0.21212 0.36364
vt 0.21212 0.39394
vt 0.21212 0.42424
vt 0.21212 0.45455
vt 0.21212 0.48485
vt 0.21212 0.51515
vt 0.21212 0.54545
vt 0.21212 0.57576
vt 0.21212 0.60606
vt 0.21212 0.63636
vt 0.21212 0.66667
vt 0.21212 0.69697
vt 0.21212 0.72727
vt 0.21212 0.75758
vt 0.21212 0.78788
vt 0.21212 0.81818
vt 0.21212 0.84848
vt 0.21212 0.87879
vt 0.21212 0.90909
vt 0.21212 0.93939
vt 0.21212 0.96970
vt 0.21212 1.00000
vt 0.24242 0.00000
vt 0.24242 0.03030
vt 0.24242 0.06061
vt 0.24242 0.09091
vt 0.24242 0.12121
vt 0.24242 0.15152
vt 0.24242 0.18182
vt 0.24242 0.21212
vt 0.24242 0.24242
vt 0.24242 0.27273
vt 0.24242 0.30303
vt 0.24242 0.33333
vt 0.24242 0.36364
vt 0.24242 0.39394
vt 0.24242 0.42424
vt 0.24242 0.45455
vt 0.24242 0.48485
vt 0.24242 0.51515
vt 0.24242 0.54545
vt 0.24242 0.57576
vt 0.24242 0.60606
vt 0.24242 0.63636
vt 0.24242 0.66667
vt 0.24242 0.69697
vt 0.24242 0.72727
vt 0.24242 0.75758
vt 0.24242 0.78788
vt 0.24242 0.81818
vt 0.24242 0.84848
vt 0.24242 0.87879
vt 0.24242 0.90909
vt 0.24242 0.93939
vt 0.24242 0.96970
vt 0.24242 1.00000
vt 0.27273 0.00000
vt 0.27273 0.03030
vt 0.27273 0.06061
vt 0.27273 0.09091
vt 0.27273 0.12121
vt 0.27273 0.15152
vt 0.27273 0.18182
vt 0.27273 0.21212
vt 0.27273 0.24242
vt 0.27273 0.27273
vt 0.27273 0.30303
vt 0.27273 0.33333
vt 0.27273 0.36364
vt 0.27273 0.39394
vt 0.27273 0.42424
vt 0.27273 0.45455
vt 0.27273 0.48485
vt 0.27273 0.51515
vt 0.27273 0.54545
vt 0.27273 0.57576
vt 0.27273 0.60606
vt 0.27273 0.63636
vt 0.27273 0.66667
vt 0.27273 0.69697
vt 0.27273 0.72727
vt 0.27273 0.75758
vt 0.27273 0.78788
vt 0.27273 0.81818
vt 0.27273 0.84848
vt 0.27273 0.87879
vt 0.27273 0.90909
vt 0.27273 0.93939
vt 0.27273 0.96970
vt 0.27273 1.00000
vt 0.30303 0.00000
vt 0.30303 0.03030
vt 0.30303 0.06061
vt 0.30303 0.09091
vt 0.30303 0.12121
vt 0.30303 0.15152
vt 0.30303 0.18182
vt 0.30303 0.21212
vt 0.30303 0.24242
vt 0.30303 0.27273
vt 0.30303 0.30303
vt 0.30303 0.33333
vt 0.30303 0.36364
vt 0.30303 0.39394
vt 0.30303 0.42424
vt 0.30303 0.45455
vt 0.30303 0.48485
vt 0.30303 0.51515
vt 0.30303 0.54545
vt 0.30303 0.57576
vt 0.30303 0.60606
vt 0.30303 0.63636
vt 0.30303 0.66667
vt 0.30303 0.69697
vt 0.30303 0.72727
vt 0.30303 0.75758
vt 0.30303 0.78788
vt 0.30303 0.81818
vt 0.30303 0.84848
vt 0.30303 0.87879
vt 0.30303 0.90909
vt 0.30303 0.93939
vt 0.30303 0.96970
vt 0.30303 1.00000
vt 0.33333 0.00000
vt 0.33333 0.03030
vt 0.33333 0.06061
vt 0.33333 0.09091
vt 0.33333 0.12121
vt 0.33333 0.15152
vt 0.33333 0.18182
vt 0.33333 0.21212
vt 0.33333 0.24242
vt 0.33333 0.27273
vt 0.33333 0.30303
vt 0.33333 0.33333
vt 0.33333 0.36364
vt 0.33333 0.39394
vt 0.33333 0.42424
vt 0.33333 0.45455
vt 0.33333 0.48485
vt 0.33333 0.51515
vt 0.33333 0.54545
vt 0.33333 0.57576
vt 0.33333 0.60606
vt 0.33333 0.63636
vt 0.33333 0.66667
vt 0.33333 0.69697
vt 0.33333 0.72727
vt 0.33333 0.75758
vt 0.33333 0.78788
vt 0.33333 0.81818
vt 0.33333 0.84848
vt 0.33333 0.87879
vt 0.33333 0.90909
vt 0.33333 0.93939
vt 0.33333 0.96970
vt 0.33333 1.00000
vt 0.36364 0.00000
vt 0.36364 0.03030
vt 0.36364 0.06061
vt 0.36364 0.09091
vt 0.36364 0.12121
vt 0.36364 0.15152
vt 0.36364 0.18182
vt 0.36364 0.21212
vt 0.36364 0.24242
vt 0.36364 0.27273
vt 0.36364 0.30303
vt 0.36364 0.33333
vt 0.36364 0.36364
vt 0.36364 0.39394
vt 0.36364 0.42424
vt 0.36364 0.45455
vt 0.36364 0.48485
vt 0.36364 0.51515
vt 0.36364 0.54545
vt 0.36364 0.57576
vt 0.36364 0.60606
vt 0.36364 0.63636
vt 0.36364 0.66667
vt 0.36364 0.69697
vt 0.36364 0.72727
vt 0.36364 0.75758
vt 0.36364 0.78788
vt 0.36364 0.81818
vt 0.36364 0.84848
vt 0.36364 0.87879
vt 0.36364 0.90909
vt 0.36364 0.93939
vt 0.36364 0.96970
vt 0.36364 1.00000
vt 0.39394 0.00000
vt 0.39394 0.03030
vt 0.39394 0.06061
vt 0.39394 0.09091
vt 0.39394 0.12121
vt 0.39394 0.15152
vt 0.39394 0.18182
vt 0.39394 0.21212
vt 0.39394 0.24242
vt 0.39394 0.27273
vt 0.39394 0.30303
vt 0.39394 0.33333
vt 0.39394 0.36364
vt 0.39394 0.39394
vt 0.39394 0.42424
vt 0.39394 0.45455
vt 0.39394 0.48485
vt 0.39394 0.51515
vt 0.39394 0.54545
vt 0.39394 0.57576
vt 0.39394 0.60606
vt 0.39394 0.63636
vt 0.39394 0.66667
vt 0.39394 0.69697
vt 0.39394 0.72727
vt 0.39394 0.75758
vt 0.39394 0.78788
vt 0.39394 0.81818
vt 0.39394 0.84848
vt 0.39394 0.87879
vt 0.39394 0.90909
vt 0.39394 0.93939
vt 0.39394 0.96970
vt 0.39394 1.00000
vt 0.42424 0.00000
vt 0.42424 0.03030
vt 0.42424 0.06061
vt 0.42424 0.09091
vt 0.42424 0.12121
vt 0.42424 0.15152
vt 0.42424 0.18182
vt 0.42424 0.21212
vt 0.42424 0.24242
vt 0.42424 0.27273
vt 0.42424 0.30303
vt 0.42424 0.33333
vt 0.42424 0.36364
vt 0.42424 0.39394
vt 0.42424 0.42424
vt 0.42424 0.45455
vt 0.42424 0.48485
vt 0.42424 0.51515
vt 0.42424 0.54545
vt 0.42424 0.57576
vt 0.42424 0.60606
vt 0.42424 0.63636
vt 0.42424 0.66667
vt 0.42424 0.69697
vt 0.42424 0.72727
vt 0.42424 0.75758
vt 0.42424 0.78788
vt 0.42424 0.81818
vt 0.42424 0.84848
vt 0.42424 0.87879
vt 0.42424 0.90909
vt 0.42424 0.93939
vt 0.42424 0.96970
vt 0.42424 1.00000
vt 0.45455 0.00000
vt 0.45455 0.03030
vt 0.45455 0.06061
vt 0.45455 0.09091
vt 0.45455 0.12121
vt 0.45455 0.15152
vt 0.45455 0.18182
vt 0.45455 0.21212
vt 0.45455 0.24242
vt 0.45455 0.27273
vt 0.45455 0.30303
vt 0.45455 0.33333
vt 0.45455 0.36364
vt 0.45455 0.39394
vt 0.45455 0.42424
vt 0.45455 0.45455
vt 0.45455 0.48485
vt 0.45455 0.51515
vt 0.45455 0.54545
vt 0.45455 0.57576
vt 0.45455 0.60606
vt 0.45455 0.63636
vt 0.45455 0.66667
vt 0.45455 0.69697
vt 0.45455 0.72727
vt 0.45455 0.75758
vt 0.45455 0.78788
vt 0.45455 0.81818
vt 0.45455 0.84848
vt 0.45455 0.87879
vt 0.45455 0.90909
vt 0.45455 0.93939
vt 0.45455 0.96970
vt 0.45455 1.00000
vt 0.48485 0.00000
vt 0.48485 0.03030
vt 0.48485 0.06061
vt 0.48485 0.09091
vt 0.48485 0.12121
vt 0.48485 0.15152
vt 0.48485 0.18182
vt 0.48485 0.21212
vt 0.48485 0.24242
vt 0.48485 0.27273
vt 0.48485 0.30303
vt 0.48485 0.33333
vt 0.48485 0.36364
vt 0.48485 0.39394
vt 0.48485 0.42424
vt 0.48485 0.45455
vt 0.48485 0.48485
vt 0.48485 0.51515
vt 0.48485 0.54545
vt 0.48485 0.57576
vt 0.48485 0.60606
vt 0.48485 0.63636
vt 0.48485 0.66667
vt 0.48485 0.69697
vt 0.48485 0.72727
vt 0.48485 0.75758
vt 0.48485 0.78788
vt 0.48485 0.81818
vt 0.48485 0.84848
vt 0.48485 0.87879
vt 0.48485 0.90909
vt 0.48485 0.93939
vt 0.48485 0.96970
vt 0.48485 1.00000
vt 0.51515 0.00000
vt 0.51515 0.03030
vt 0.51515 0.06061
vt 0.51515 0.09091
vt 0.51515 0.12121
vt 0.51515 0.15152
vt 0.51515 0.18182
vt 0.51515 0.21212
vt 0.51515 0.24242
vt 0.51515 0.27273
vt 0.51515 0.30303
vt 0.51515 0.33333
vt 0.51515 0.36364
vt 0.51515 0.39394
vt 0.51515 0.42424
vt 0.51515 0.45455
vt 0.51515 0.48485
vt 0.51515 0.51515
vt 0.51515 0.54545
vt 0.51515 0.57576
vt 0.51515 0.60606
vt 0.51515 0.63636
vt 0.51515 0.66667
vt 0.51515 0.69697
vt 0.51515 0.72727
vt 0.51515 0.75758
vt 0.51515 0.78788
vt 0.51515 0.81818
vt 0.51515 0.84848
vt 0.51515 0.87879
vt 0.51515 0.90909
vt 0.51515 0.93939
vt 0.51515 0.96970
vt 0.51515 1.00000
vt 0.54545 0.00000
vt 0.54545 0.03030
vt 0.54545 0.06061
vt 0.54545 0.09091
vt 0.54545 0.12121
vt 0.54545 0.15152
vt 0.54545 0.18182
vt 0.54545 0.21212
vt 0.54545 0.24242
vt 0.54545 0.27273
vt 0.54545 0.30303
vt 0.54545 0.33333
vt 0.54545 0.36364
vt 0.54545 0.39394
vt 0.54545 0.42424
vt 0.54545 0.45455
vt 0.54545 0.48485
vt 0.54545 0.51515
vt 0.54545 0.54545
vt 0.54545 0.57576
vt 0.54545 0.60606
vt 0.54545 0.63636
vt 0.54545 0.66667
vt 0.54545 0.69697
vt 0.54545 0.72727
vt 0.54545 0.75758
vt 0.54545 0.78788
vt 0.54545 0.81818
vt 0.54545 0.84848
vt 0.54545 0.87879
vt 0.54545 0.90909
vt 0.54545 0.93939
vt 0.54545 0.96970
vt 0.54545 1.00000
vt 0.57576 0.00000
vt 0.57576 0.03030
vt 0.57576 0.06061
vt 0.57576 0.09091
vt 0.57576 0.12121
vt 0.57576 0.15152
vt 0.57576 0.18182
vt 0.57576 0.21212
vt 0.57576 0.24242
vt 0.57576 0.27273
vt 0.57576 0.30303
vt 0.57576 0.33333
vt 0.57576 0.36364
vt 0.57576 0.39394
vt 0.57576 0.42424
vt 0.57576 0.45455
vt 0.57576 0.48485
vt 0.57576 0.51515
vt 0.57576 0.54545
vt 0.57576 0.57576
vt 0.57576 0.60606
vt 0.57576 0.63636
vt 0.57576 0.66667
vt 0.57576 0.69697
vt 0.57576 0.72727
vt 0.57576 0.75758
vt 0.57576 0.78788
vt 0.57576 0.81818
vt 0.57576 0.84848
vt 0.57576 0.87879
vt 0.57576 0.90909
vt 0.57576 0.93939
vt 0.57576 0.96970
vt 0.57576 1.00000
vt 0.60606 0.00000
vt 0.60606 0.03030
vt 0.60606 0.06061
vt 0.60606 0.09091
vt 0.60606 0.12121
vt 0.60606 0.15152
vt 0.60606 0.18182
vt 0.60606 0.21212
vt 0.60606 0.24242
vt 0.60606 0.27273
vt 0.60606 0.30303
vt 0.60606 0.33333
vt 0.60606 0.36364
vt 0.60606 0.39394
vt 0.60606 0.42424
vt 0.60606 0.45455
vt 0.60606 0.48485
vt 0.60606 0.51515
vt 0.60606 0.54545
vt 0.60606 0.57576
vt 0.60606 0.60606
vt 0.60606 0.63636
vt 0.60606 0.66667
vt 0.60606 0.69697
vt 0.60606 0.72727
vt 0.60606 0.75758
vt 0.60606 0.78788
vt 0.60606 0.81818
vt 0.60606 0.84848
vt 0.60606 0.87879
vt 0.60606 0.90909
vt 0.60606 0.93939
vt 0.60606 0.96970
vt 0.60606 1.00000
vt 0.63636 0.00000
vt 0.63636 0.03030
vt 0.63636 0.06061
vt 0.63636 0.09091
vt 0.63636 0.12121
vt 0.63636 0.15152
vt 0.63636 0.18182
vt 0.63636 0.21212
vt 0.63636 0.24242
vt 0.63636 0.27273
vt 0.63636 0.30303
vt 0.63636 0.33333
vt 0.63636 0.36364
vt 0.63636 0.39394
vt 0.63636 0.42424
vt 0.63636 0.45455
vt 0.63636 0.48485
vt 0.63636 0.51515
vt 0.63636 0.54545
vt 0.63636 0.57576
vt 0.63636 0.60606
vt 0.63636 0.63636
vt 0.63636 0.66667
vt 0.63636 0.69697
vt 0.63636 0.72727
vt 0.63636 0.75758
vt 0.63636 0.78788
vt 0.63636 0.81818
vt 0.63636 0.84848
vt 0.63636 0.87879
vt 0.63636 0.90909
vt 0.63636 0.93939
vt 0.63636 0.96970
vt 0.63636 1.00000
vt 0.66667 0.00000
vt 0.66667 0.03030
vt 0.66667 0.06061
vt 0.66667 0.09091
vt 0.66667 0.12121
vt 0.66667 0.15152
vt 0.66667 0.18182
vt 0.66667 0.21212
vt 0.66667 0.24242
vt 0.66667 0.27273
vt 0.66667 0.30303
vt 0.66667 0.33333
vt 0.66667 0.36364
vt 0.66667 0.39394
vt 0.66667 0.42424
vt 0.66667 0.45455
vt 0.66667 0.48485
vt 0.66667 0.51515
vt 0.66667 0.54545
vt 0.66667 0.57576
vt 0.66667 0.60606
vt 0.66667 0.63636
vt 0.66667 0.66667
vt 0.66667 0.69697
vt 0.66667 0.72727
vt 0.66667 0.75758
vt 0.66667 0.78788
vt 0.66667 0.81818
vt 0.66667 0.84848
vt 0.66667 0.87879
vt 0.66667 0.90909
vt 0.66667 0.93939
vt 0.66667 0.96970
vt 0.66667 1.00000
vt 0.69697 0.00000
vt 0.69697 0.03030
vt 0.69697 0.06061
vt 0.69697 0.09091
vt 0.69697 0.12121
vt 0.69697 0.15152
vt 0.69697 0.18182
vt 0.69697 0.21212
vt 0.69697 0.24242
vt 0.69697 0.27273
vt 0.69697 0.30303
vt 0.69697 0.33333
vt 0.69697 0.36364
vt 0.69697 0.39394
vt 0.69697 0.42424
vt 0.69697 0.45455
vt 0.69697 0.48485
vt 0.69697 0.51515
vt 0.69697 0.54545
vt 0.69697 0.57576
vt 0.69697 0.60606
vt 0.69697 0.63636
vt 0.69697 0.66667
vt 0.69697 0.69697
vt 0.69697 0.72727
vt 0.69697 0.75758
vt 0.69697 0.78788
vt 0.69697 0.81818
vt 0.69697 0.84848
vt 0.69697 0.87879
vt 0.69697 0.90909
vt 0.69697 0.93939
vt 0.69697 0.96970
vt 0.69697 1.00000
vt 0.72727 0.00000
vt 0.72727 0.03030
vt 0.72727 0.06061
vt 0.72727 0.09091
vt 0.72727 0.12121
vt 0.72727 0.15152
vt 0.72727 0.18182
vt 0.72727 0.21212
vt 0.72727 0.24242
vt 0.72727 0.27273
vt 0.72727 0.30303
vt 0.72727 0.33333
vt 0.72727 0.36364
vt 0.72727 0.39394
vt 0.72727 0.42424
vt 0.72727 0.45455
vt 0.72727 0.48485
vt 0.72727 0.51515
vt 0.72727 0.54545
vt 0.72727 0.57576
vt 0.72727 0.60606
vt 0.72727 0.63636
vt 0.72727 0.66667
vt 0.72727 0.69697
vt 0.72727 0.72727
vt 0.72727 0.75758
vt 0.72727 0.78788
vt 0.72727 0.81818
vt 0.72727 0.84848
vt 0.72727 0.87879
vt 0.72727 0.90909
vt 0.72727 0.93939
vt 0.72727 0.96970
vt 0.72727 1.00000
vt 0.75758 0.00000
vt 0.75758 0.03030
vt 0.75758 0.06061
vt 0.75758 0.09091
vt 0.75758 0.12121
vt 0.75758 0.15152
vt 0.75758 0.18182
vt 0.75758 0.21212
vt 0.75758 0.24242
vt 0.75758 0.27273
vt 0.75758 0.30303
vt 0.75758 0.33333
vt 0.75758 0.36364
vt 0.75758 0.39394
vt 0.75758 0.42424
vt 0.75758 0.45455
vt 0.75758 0.48485
vt 0.75758 0.51515
vt 0.75758 0.54545
vt 0.75758 0.57576
vt 0.75758 0.60606
vt 0.75758 0.63636
vt 0.75758 0.66667
vt 0.75758 0.69697
vt 0.75758 0.72727
vt 0.75758 0.75758
vt 0.75758 0.78788
vt 0.75758 0.81818
vt 0.75758 0.84848
vt 0.75758 0.87879
vt 0.75758 0.90909
vt 0.75758 0.93939
vt 0.75758 0.96970
vt 0.75758 1.00000
vt 0.78788 0.00000
vt 0.78788 0.03030
vt 0.78788 0.06061
vt 0.78788 0.09091
vt 0.78788 0.12121
vt 0.78788 0.15152
vt 0.78788 0.18182
vt 0.78788 0.21212
vt 0.78788 0.24242
vt 0.78788 0.27273
vt 0.78788 0.30303
vt 0.78788 0.33333
vt 0.78788 0.36364
vt 0.78788 0.39394
vt 0.78788 0.42424
vt 0.78788 0.45455
vt 0.78788 0.48485
vt 0.78788 0.51515
vt 0.78788 0.54545
vt 0.78788 0.57576
vt 0.78788 0.60606
vt 0.78788 0.63636
vt 0.78788 0.66667
vt 0.78788 0.69697
vt 0.78788 0.72727
vt 0.78788 0.75758
vt 0.78788 0.78788
vt 0.78788 0.81818
vt 0.78788 0.84848
vt 0.78788 0.87879
vt 0.78788 0.90909
vt 0.78788 0.93939
vt 0.78788 0.96970
vt 0.78788 1.00000
vt 0.81818 0.00000
vt 0.81818 0.03030
vt 0.81818 0.06061
vt 0.81818 0.09091
vt 0.81818 0.12121
vt 0.81818 0.15152
vt 0.81818 0.18182
vt 0.81818 0.21212
vt 0.81818 0.24242
vt 0.81818 0.27273
vt 0.81818 0.30303
vt 0.81818 0.33333
vt 0.81818 0.36364
vt 0.81818 0.39394
vt 0.81818 0.42424
vt 0.81818 0.45455
vt 0.81818 0.48485
vt 0.81818 0.51515
vt 0.81818 0.54545
vt 0.81818 0.57576
vt 0.81818 0.60606
vt 0.81818 0.63636
vt 0.81818 0.66667
vt 0.81818 0.69697
vt 0.81818 0.72727
vt 0.81818 0.75758
vt 0.81818 0.78788
vt 0.81818 0.81818
vt 0.81818 0.84848
vt 0.81818 0.87879
vt 0.81818 0.90909
vt 0.81818 0.93939
vt 0.81818 0.96970
vt 0.81818 1.00000
vt 0.84848 0.00000
vt 0.84848 0.03030
vt 0.84848 0.06061
vt 0.84848 0.09091
vt 0.84848 0.12121
vt 0.84848 0.15152
vt 0.84848 0.18182
vt 0.84848 0.21212
vt 0.84848 0.24242
vt 0.84848 0.27273
vt 0.84848 0.30303
vt 0.84848 0.33333
vt 0.84848 0.36364
vt 0.84848 0.39394
vt 0.84848 0.42424
vt 0.84848 0.45455
vt 0.84848 0.48485
vt 0.84848 0.51515
vt 0.84848 0.54545
vt 0.84848 0.57576
vt 0.84848 0.60606
vt 0.84848 0.63636
vt 0.84848 0.66667
vt 0.84848 0.69697
vt 0.84848 0.72727
vt 0.84848 0.75758
vt 0.84848 0.78788
vt 0.84848 0.81818
vt 0.84848 0.84848
vt 0.84848 0.87879
vt 0.84848 0.90909
vt 0.84848 0.93939
vt 0.84848 0.96970
vt 0.84848 1.00000
vt 0.87879 0.00000
vt 0.87879 0.03030
vt 0.87879 0.06061
vt 0.87879 0.09091
vt 0.87879 0.12121
vt 0.87879 0.15152
vt 0.87879 0.18182
vt 0.87879 0.21212
vt 0.87879 0.24242
vt 0.87879 0.27273
vt 0.87879 0.30303
vt 0.87879 0.33333
vt 0.87879 0.36364
vt 0.87879 0.39394
vt 0.87879 0.42424
vt 0.87879 0.45455
vt 0.87879 0.48485
vt 0.87879 0.51515
vt 0.87879 0.54545
vt 0.87879 0.57576
vt 0.87879 0.60606
vt 0.87879 0.63636
vt 0.87879 0.66667
vt 0.87879 0.69697
vt 0.87879 0.72727
vt 0.87879 0.75758
vt 0.87879 0.78788
vt 0.87879 0.81818
vt 0.87879 0.84848
vt 0.87879 0.87879
vt 0.87879 0.90909
vt 0.87879 0.93939
vt 0.87879 0.96970
vt 0.87879 1.00000
vt 0.90909 0.00000
vt 0.90909 0.03030
vt 0.90909 0.06061
vt 0.90909 0.09091
vt 0.90909 0.12121
vt 0.90909 0.15152
vt 0.90909 0.18182
vt 0.90909 0.21212
vt 0.90909 0.24242
vt 0.90909 0.27273
vt 0.90909 0.30303
vt 0.90909 0.33333
vt 0.90909 0.36364
vt 0.90909 0.39394
vt 0.90909 0.42424
vt 0.90909 0.45455
vt 0.90909 0.48485
vt 0.90909 0.51515
vt 0.90909 0.54545
vt 0.90909 0.57576
vt 0.90909 0.60606
vt 0.90909 0.63636
vt 0.90909 0.66667
vt 0.90909 0.69697
vt 0.90909 0.72727
vt 0.90909 0.75758
vt 0.90909 0.78788
vt 0.90909 0.81818
vt 0.90909 0.84848
vt 0.90909 0.87879
vt 0.90909 0.90909
vt 0.90909 0.93939
vt 0.90909 0.96970
vt 0.90909 1.00000
vt 0.93939 0.00000
vt 0.93939 0.03030
vt 0.93939 0.06061
vt 0.93939 0.09091
vt 0.93939 0.12121
vt 0.93939 0.15152
vt 0.93939 0.18182
vt 0.93939 0.21212
vt 0.93939 0.24242
vt 0.93939 0.27273
vt 0.93939 0.30303
vt 0.93939 0.33333
vt 0.93939 0.36364
vt 0.93939 0.39394
vt 0.93939 0.42424
vt 0.93939 0.45455
vt 0.93939 0.48485
vt 0.93939 0.51515
vt 0.93939 0.54545
vt 0.93939 0.57576
vt 0.93939 0.60606
vt 0.93939 0.63636
vt 0.93939 0.66667
vt 0.93939 0.69697
vt 0.93939 0.72727
vt 0.93939 0.75758
vt 0.93939 0.78788
vt 0.93939 0.81818
vt 0.93939 0.84848
vt 0.93939 0.87879
vt 0.93939 0.90909
vt 0.93939 0.93939
vt 0.93939 0.96970
vt 0.93939 1.00000
vt 0.96970 0.00000
vt 0.96970 0.03030
vt 0.96970 0.06061
vt 0.96970 0.09091
vt 0.96970 0.12121
vt 0.96970 0.15152
vt 0.96970 0.18182
vt 0.96970 0.21212
vt 0.96970 0.24242
vt 0.96970 0.27273
vt 0.96970 0.30303
vt 0.96970 0.33333
vt 0.96970 0.36364
vt 0.96970 0.39394
vt 0.96970 0.42424
vt 0.96970 0.45455
vt 0.96970 0.48485
vt 0.96970 0.51515
vt 0.96970 0.54545
vt 0.96970 0.57576
vt 0.96970 0.60606
vt 0.96970 0.63636
vt 0.96970 0.66667
vt 0.96970 0.69697
vt 0.96970 0.72727
vt 0.96970 0.75758
vt 0.96970 0.78788
vt 0.96970 0.81818
vt 0.96970 0.84848
vt 0.96970 0.87879
vt 0.96970 0.90909
vt 0.96970 0.93939
vt 0.96970 0.96970
vt 0.96970 1.00000
vt 1.00000 0.00000
vt 1.00000 0.03030
vt 1.00000 0.06061
vt 1.00000 0.09091
vt 1.00000 0.12121
vt 1.00000 0.15152
vt 1.00000 0.18182
vt 1.00000 0.21212
vt 1.00000 0.24242
vt 1.00000 0.27273
vt 1.00000 0.30303
vt 1.00000 0.33333
vt 1.00000 0.36364
vt 1.00000 0.39394
vt 1.00000 0.42424
vt 1.00000 0.45455
vt 1.00000 0.48485
vt 1.00000 0.51515
vt 1.00000 0.54545
vt 1.00000 0.57576
vt 1.00000 0.60606
vt 1.00000 0.63636
vt 1.00000 0.66667
vt 1.00000 0.69697
vt 1.00000 0.72727
vt 1.00000 0.75758
vt 1.00000 0.78788
vt 1.00000 0.81818
vt 1.00000 0.84848
vt 1.00000 0.87879
vt 1.00000 0.90909
vt 1.00000 0.93939
vt 1.00000 0.96970
vt 1.00000 1.00000
vt 0.00000 0.00000
vt 0.00000 0.03030
vt 0.00000 0.06061
vt 0.00000 0.09091
vt 0.00000 0.12121
vt 0.00000 0.15152
vt 0.00000 0.18182
vt 0.00000 0.21212
vt 0.00000 0.24242
vt 0.00000 0.27273
vt 0.00000 0.30303
vt 0.00000 0.33333
vt 0.00000 0.36364
vt 0.00000 0.39394
vt 0.00000 0.42424
vt 0.00000 0.45455
vt 0.00000 0.48485
vt 0.00000 0.51515
vt 0.00000 0.54545
vt 0.00000 0.57576
vt 0.00000 0.60606
vt 0.00000 0.63636
vt 0.00000 0.66667
vt 0.00000 0.69697
vt 0.00000 0.72727
vt 0.00000 0.75758
vt 0.00000 0.78788
vt 0.00000 0.81818
vt 0.00000 0.84848
vt 0.00000 0.87879
vt 0.00000 0.90909
vt 0.00000 0.93939
vt 0.00000 0.96970
vt 0.00000 1.00000
vt 0.03030 0.00000
vt 0.03030 0.03030
vt 0.03030 0.06061
vt 0.03030 0.09091
vt 0.03030 0.12121
vt 0.03030 0.15152
vt 0.03030 0.18182
vt 0.03030 0.21212
vt 0.03030 0.24242
vt 0.03030 0.27273
vt 0.03030 0.30303
vt 0.03030 0.33333
vt 0.03030 0.36364
vt 0.03030 0.39394
vt 0.03030 0.42424
vt 0.03030 0.45455
vt 0.03030 0.48485
vt 0.03030 0.51515
vt 0.03030 0.54545
vt 0.03030 0.57576
vt 0.03030 0.60606
vt 0.03030 0.63636
vt 0.03030 0.66667
vt 0.03030 0.69697
vt 0.03030 0.72727
vt 0.03030 0.75758
vt 0.03030 0.78788
vt 0.03030 0.81818
vt 0.03030 0.84848
vt 0.03030 0.87879
vt 0.03030 0.90909
vt 0.03030 0.93939
vt 0.03030 0.96970
vt 0.03030 1.00000
vt 0.06061 0.00000
vt 0.06061 0.03030
vt 0.06061 0.06061
vt 0.06061 0.09091
vt 0.06061 0.12121
vt 0.06061 0.15152
vt 0.06061 0.18182
vt 0.06061 0.21212
vt 0.06061 0.24242
vt 0.06061 0.27273
vt 0.06061 0.30303
vt 0.06061 0.33333
vt 0.06061 0.36364
vt 0.06061 0.39394
vt 0.06061 0.42424
vt 0.06061 0.45455
vt 0.06061 0.48485
vt 0.06061 0.51515
vt 0.06061 0.54545
vt 0.06061 0.57576
vt 0.06061 0.60606
vt 0.06061 0.63636
vt 0.06061 0.66667
vt 0.06061 0.69697
vt 0.06061 0.72727
vt 0.06061 0.75758
vt 0.06061 0.78788
vt 0.06061 0.81818
vt 0.06061 0.84848
vt 0.06061 0.87879
vt 0.06061 0.90909
vt 0.06061 0.93939
vt 0.06061 0.96970
vt 0.06061 1.00000
vt 0.09091 0.00000
vt 0.09091 0.03030
vt 0.09091 0.06061
vt 0.09091 0.09091
vt 0.09091 0.12121
vt 0.09091 0.15152
vt 0.09091 0.18182
vt 0.09091 0.21212
vt 0.09091 0.24242
vt 0.09091 0.27273
vt 0.09091 0.30303
vt 0.09091 0.33333
vt 0.09091 0.36364
vt 0.09091 0.39394
vt 0.09091 0.42424
vt 0.09091 0.45455
vt 0.09091 0.48485
vt 0.09091 0.51515
vt 0.09091 0.54545
vt 0.09091 0.57576
vt 0.09091 0.60606
vt 0.09091 0.63636
vt 0.09091 0.66667
vt 0.09091 0.69697
vt 0.09091 0.72727
vt 0.09091 0.75758
vt 0.09091 0.78788
vt 0.09091 0.81818
vt 0.09091 0.84848
vt 0.09091 0.87879
vt 0.09091 0.90909
vt 0.09091 0.93939
vt 0.09091 0.96970
vt 0.09091 1.00000
vt 0.12121 0.00000
vt 0.12121 0.03030
vt 0.12121 0.06061
vt 0.12121 0.09091
vt 0.12121 0.12121
vt 0.12121 0.15152
vt 0.12121 0.18182
vt 0.12121 0.21212
vt 0.12121 0.24242
vt 0.12121 0.27273
vt 0.12121 0.30303
vt 0.12121 0.33333
vt 0.12121 0.36364
vt 0.12121 0.39394
vt 0.12121 0.42424
vt 0.12121 0.45455
vt 0.12121 0.48485
vt 0.12121 0.51515
vt 0.12121 0.54545
vt 0.12121 0.57576
vt 0.12121 0.60606
vt 0.12121 0.63636
vt 0.12121 0.66667
vt 0.12121 0.69697
vt 0.12121 0.72727
vt 0.12121 0.75758
vt 0.12121 0.78788
vt 0.12121 0.81818
vt 0.12121 0.84848
vt 0.12121 0.87879
vt 0.12121 0.90909
vt 0.12121 0.93939
vt 0.12121 0.96970
vt 0.12121 1.00000
vt 0.15152 0.00000
vt 0.15152 0.03030
vt 0.15152 0.06061
vt 0.15152 0.09091
vt 0.15152 0.12121
vt 0.15152 0.15152
vt 0.15152 0.18182
vt 0.15152 0.21212
vt 0.15152 0.24242
vt 0.15152 0.27273
vt 0.15152 0.30303
vt 0.15152 0.33333
vt 0.15152 0.36364
vt 0.15152 0.39394
vt 0.15152 0.42424
vt 0.15152 0.45455
vt 0.15152 0.48485
vt 0.15152 0.51515
vt 0.15152 0.54545
vt 0.15152 0.57576
vt 0.15152 0.60606
vt 0.15152 0.63636
vt 0.15152 0.66667
vt 0.15152 0.69697
vt 0.15152 0.72727
vt 0.15152 0.75758
vt 0.15152 0.78788
vt 0.15152 0.81818
vt 0.15152 0.84848
vt 0.15152 0.87879
vt 0.15152 0.90909
vt 0.15152 0.93939
vt 0.15152 0.96970
vt 0.15152 1.00000
vt 0.18182 0.00000
vt 0.18182 0.03030
vt 0.18182 0.06061
vt 0.18182 0.09091
vt 0.18182 0.12121
vt 0.18182 0.15152
vt 0.18182 0.18182
vt 0.18182 0.21212
vt 0.18182 0.24242
vt 0.18182 0.27273
vt 0.18182 0.30303
vt 0.18182 0.33333
vt 0.18182 0.36364
vt 0.18182 0.39394
vt 0.18182 0.42424
vt 0.18182 0.45455
vt 0.18182 0.48485
vt 0.18182 0.51515
vt 0.18182 0.54545
vt 0.18182 0.57576
vt 0.18182 0.60606
vt 0.18182 0.63636
vt 0.18182 0.66667
vt 0.18182 0.69697
vt 0.18182 0.72727
vt 0.18182 0.75758
vt 0.18182 0.78788
vt 0.18182 0.81818
vt 0.18182 0.84848
vt 0.18182 0.87879
vt 0.18182 0.90909
vt 0.18182 0.93939
vt 0.18182 0.96970
vt 0.18182 1.00000
vt 0.21212 0.00000
vt 0.21212 0.03030
vt 0.21212 0.06061
vt 0.21212 0.09091
vt 0.21212 0.12121
vt 0.21212 0.15152
vt 0.21212 0.18182
vt 0.21212 0.21212
vt 0.21212 0.24242
vt 0.21212 0.27273
vt 0.21212 0.30303
vt 0.21212 0.33333
vt 0.21212 0.36364
vt 0.21212 0.39394
vt 0.21212 0.42424
vt 0.21212 0.45455
vt 0.21212 0.48485
vt 0.21212 0.51515
vt 0.21212 0.54545
vt 0.21212 0.57576
vt 0.21212 0.60606
vt 0.21212 0.63636
vt 0.21212 0.66667
vt 0.21212 0.69697
vt 0.21212 0.72727
vt 0.21212 0.75758
vt 0.21212 0.78788
vt 0.21212 0.81818
vt 0.21212 0.84848
vt 0.21212 0.87879
vt 0.21212 0.90909
vt 0.21212 0.93939
vt 0.21212 0.96970
vt 0.21212 1.00000
vt 0.24242 0.00000
vt 0.24242 0.03030
vt 0.24242 0.06061
vt 0.24242 0.09091
vt 0.24242 0.12121
vt 0.24242 0.15152
vt 0.24242 0.18182
vt 0.24242 0.21212
vt 0.24242 0.24242
vt 0.24242 0.27273
vt 0.24242 0.30303
vt 0.24242 0.33333
vt 0.24242 0.36364
vt 0.24242 0.39394
vt 0.24242 0.42424
vt 0.24242 0.45455
vt 0.24242 0.48485
vt 0.24242 0.51515
vt 0.24242 0.54545
vt 0.24242 0.57576
vt 0.24242 0.60606
vt 0.24242 0.63636
vt 0.24242 0.66667
vt 0.24242 0.69697
vt 0.24242 0.72727
vt 0.24242 0.75758
vt 0.24242 0.78788
vt 0.24242 0.81818
vt 0.24242 0.84848
vt 0.24242 0.87879
vt 0.24242 0.90909
vt 0.24242 0.93939
vt 0.24242 0.96970
vt 0.24242 1.00000
vt 0.27273 0.00000
vt 0.27273 0.03030
vt 0.27273 0.06061
vt 0.27273 0.09091
vt 0.27273 0.12121
vt 0.27273 0.15152
vt 0.27273 0.18182
vt 0.27273 0.21212
vt 0.27273 0.24242
vt 0.27273 0.27273
vt 0.27273 0.30303
vt 0.27273 0.33333
vt 0.27273 0.36364
vt 0.27273 0.39394
vt 0.27273 0.42424
vt 0.27273 0.45455
vt 0.27273 0.48485
vt 0.27273 0.51515
vt 0.27273 0.54545
vt 0.27273 0.57576
vt 0.27273 0.60606
vt 0.27273 0.63636
vt 0.27273 0.66667
vt 0.27273 0.69697
vt 0.27273 0.72727
vt 0.27273 0.75758
vt 0.27273 0.78788
vt 0.27273 0.81818
vt 0.27273 0.84848
vt 0.27273 0.87879
vt 0.27273 0.90909
vt 0.27273 0.93939
vt 0.27273 0.96970
vt 0.27273 1.00000
vt 0.30303 0.00000
vt 0.30303 0.03030
vt 0.30303 0.06061
vt 0.30303 0.09091
vt 0.30303 0.12121
vt 0.30303 0.15152
vt 0.30303 0.18182
vt 0.30303 0.21212
vt 0.30303 0.24242
vt 0.30303 0.27273
vt 0.30303 0.30303
vt 0.30303 0.33333
vt 0.30303 0.36364
vt 0.30303 0.39394
vt 0.30303 0.42424
vt 0.30303 0.45455
vt 0.30303 0.48485
vt 0.30303 0.51515
vt 0.30303 0.54545
vt 0.30303 0.57576
vt 0.30303 0.60606
vt 0.30303 0.63636
vt 0.30303 0.66667
vt 0.30303 0.69697
vt 0.30303 0.72727
vt 0.30303 0.75758
vt 0.30303 0.78788
vt 0.30303 0.81818
vt 0.30303 0.84848
vt 0.30303 0.87879
vt 0.30303 0.90909
vt 0.30303 0.93939
vt 0.30303 0.96970
vt 0.30303 1.00000
vt 0.33333 0.00000
vt 0.33333 0.03030
vt 0.33333 0.06061
vt 0.33333 0.09091
vt 0.33333 0.12121
vt 0.33333 0.15152
vt 0.33333 0.18182
vt 0.33333 0.21212
vt 0.33333 0.24242
vt 0.33333 0.27273
vt 0.33333 0.30303
vt 0.33333 0.33333
vt 0.33333 0.36364
vt 0.33333 0.39394
vt 0.33333 0.42424
vt 0.33333 0.45455
vt 0.33333 0.48485
vt 0.33333 0.51515
vt 0.33333 0.54545
vt 0.33333 0.57576
vt 0.33333 0.60606
vt 0.33333 0.63636
vt 0.33333 0.66667
vt 0.33333 0.69697
vt 0.33333 0.72727
vt 0.33333 0.75758
vt 0.33333 0.78788
vt 0.33333 0.81818
vt 0.33333 0.84848
vt 0.33333 0.87879
vt 0.33333 0.90909
vt 0.33333 0.93939
vt 0.33333 0.96970
vt 0.33333 1.00000
vt 0.36364 0.00000
vt 0.36364 0.03030
vt 0.36364 0.06061
vt 0.36364 0.09091
vt 0.36364 0.12121
vt 0.36364 0.15152
vt 0.36364 0.18182
vt 0.36364 0.21212
vt 0.36364 0.24242
vt 0.36364 0.27273
vt 0.36364 0.30303
vt 0.36364 0.33333
vt 0.36364 0.36364
vt 0.36364 0.39394
vt 0.36364 0.42424
vt 0.36364 0.45455
vt 0.36364 0.48485
vt 0.36364 0.51515
vt 0.36364 0.54545
vt 0.36364 0.57576
vt 0.36364 0.60606
vt 0.36364 0.63636
vt 0.36364 0.66667
vt 0.36364 0.69697
vt 0.36364 0.72727
vt 0.36364 0.75758
vt 0.36364 0.78788
vt 0.36364 0.81818
vt 0.36364 0.84848
vt 0.36364 0.87879
vt 0.36364 0.90909
vt 0.36364 0.93939
vt 0.36364 0.96970
vt 0.36364 1.00000
vt 0.39394 0.00000
vt 0.39394 0.03030
vt 0.39394 0.06061
vt 0.39394 0.09091
vt 0.39394 0.12121
vt 0.39394 0.15152
vt 0.39394 0.18182
vt 0.39394 0.21212
vt 0.39394 0.24242
vt 0.39394 0.27273
vt 0.39394 0.30303
vt 0.39394 0.33333
vt 0.39394 0.36364
vt 0.39394 0.39394
vt 0.39394 0.42424
vt 0.39394 0.45455
vt 0.39394 0.48485
vt 0.39394 0.51515
vt 0.39394 0.54545
vt 0.39394 0.57576
vt 0.39394 0.60606
vt 0.39394 0.63636
vt 0.39394 0.66667
vt 0.39394 0.69697
vt 0.39394 0.72727
vt 0.39394 0.75758
vt 0.39394 0.78788
vt 0.39394 0.81818
vt 0.39394 0.84848
vt 0.39394 0.87879
vt 0.39394 0.90909
vt 0.39394 0.93939
vt 0.39394 0.96970
vt 0.39394 1.00000
vt 0.42424 0.00000
vt 0.42424 0.03030
vt 0.42424 0.06061
vt 0.42424 0.09091
vt 0.42424 0.12121
vt 0.42424 0.15152
vt 0.42424 0.18182
vt 0.42424 0.21212
vt 0.42424 0.24242
vt 0.42424 0.27273
vt 0.42424 0.30303
vt 0.42424 0.33333
vt 0.42424 0.36364
vt 0.42424 0.39394
vt 0.42424 0.42424
vt 0.42424 0.45455
vt 0.42424 0.48485
vt 0.42424 0.51515
vt 0.42424 0.54545
vt 0.42424 0.57576
vt 0.42424 0.60606
vt 0.42424 0.63636
vt 0.42424 0.66667
vt 0.42424 0.69697
vt 0.42424 0.72727
vt 0.42424 0.75758
vt 0.42424 0.78788
vt 0.42424 0.81818
vt 0.42424 0.84848
vt 0.42424 0.87879
vt 0.42424 0.90909
vt 0.42424 0.93939
vt 0.42424 0.96970
vt 0.42424 1.00000
vt 0.45455 0.00000
vt 0.45455 0.03030
vt 0.45455 0.06061
vt 0.45455 0.09091
vt 0.45455 0.12121
vt 0.45455 0.15152
vt 0.45455 0.18182
vt 0.45455 0.21212
vt 0.45455 0.24242
vt 0.45455 0.27273
vt 0.45455 0.30303
vt 0.45455 0.33333
vt 0.45455 0.36364
vt 0.45455 0.39394
vt 0.45455 0.42424
vt 0.45455 0.45455
vt 0.45455 0.48485
vt 0.45455 0.51515
vt 0.45455 0.54545
vt 0.45455 0.57576
vt 0.45455 0.60606
vt 0.45455 0.63636
vt 0.45455 0.66667
vt 0.45455 0.69697
vt 0.45455 0.72727
vt 0.45455 0.75758
vt 0.45455 0.78788
vt 0.45455 0.81818
vt 0.45455 0.84848
vt 0.45455 0.87879
vt 0.45455 0.90909
vt 0.45455 0.93939
vt 0.45455 0.96970
vt 0.45455 1.00000
vt 0.48485 0.00000
vt 0.48485 0.03030
vt 0.48485 0.06061
vt 0.48485 0.09091
vt 0.48485 0.12121
vt 0.48485 0.15152
vt 0.48485 0.18182
vt 0.48485 0.21212
vt 0.48485 0.24242
vt 0.48485 0.27273
vt 0.48485 0.30303
vt 0.48485 0.33333
vt 0.48485 0.36364
vt 0.48485 0.39394
vt 0.48485 0.42424
vt 0.48485 0.45455
vt 0.48485 0.48485
vt 0.48485 0.51515
vt 0.48485 0.54545
vt 0.48485 0.57576
vt 0.48485 0.60606
vt 0.48485 0.63636
vt 0.48485 0.66667
vt 0.48485 0.69697
vt 0.48485 0.72727
vt 0.48485 0.75758
vt 0.48485 0.78788
vt 0.48485 0.81818
vt 0.48485 0.84848
vt 0.48485 0.87879
vt 0.48485 0.90909
vt 0.48485 0.93939
vt 0.48485 0.96970
vt 0.48485 1.00000
vt 0.51515 0.00000
vt 0.51515 0.03030
vt 0.51515 0.06061
vt 0.51515 0.09091
vt 0.51515 0.12121
vt 0.51515 0.15152
vt 0.51515 0.18182
vt 0.51515 0.21212
vt 0.51515 0.24242
vt 0.51515 0.27273
vt 0.51515 0.30303
vt 0.51515 0.33333
vt 0.51515 0.36364
vt 0.51515 0.39394
vt 0.51515 0.42424
vt 0.51515 0.45455
vt 0.51515 0.48485
vt 0.51515 0.51515
vt 0.51515 0.54545
vt 0.51515 0.57576
vt 0.51515 0.60606
vt 0.51515 0.63636
vt 0.51515 0.66667
vt 0.51515 0.69697
vt 0.51515 0.72727
vt 0.51515 0.75758
vt 0.51515 0.78788
vt 0.51515 0.81818
vt 0.51515 0.84848
vt 0.51515 0.87879
vt 0.51515 0.90909
vt 0.51515 0.93939
vt 0.51515 0.96970
vt 0.51515 1.00000
vt 0.54545 0.00000
vt 0.54545 0.03030
vt 0.54545 0.06061
vt 0.54545 0.09091
vt 0.54545 0.12121
vt 0.54545 0.15152
vt 0.54545 0.18182
vt 0.54545 0.21212
vt 0.54545 0.24242
vt 0.54545 0.27273
vt 0.54545 0.30303
vt 0.54545 0.33333
vt 0.54545 0.36364
vt 0.54545 0.39394
vt 0.54545 0.42424
vt 0.54545 0.45455
vt 0.54545 0.48485
vt 0.54545 0.51515
vt 0.54545 0.54545
vt 0.54545 0.57576
vt 0.54545 0.60606
vt 0.54545 0.63636
vt 0.54545 0.66667
vt 0.54545 0.69697
vt 0.54545 0.72727
vt 0.54545 0.75758
vt 0.54545 0.78788
vt 0.54545 0.81818
vt 0.54545 0.84848
vt 0.54545 0.87879
vt 0.54545 0.90909
vt 0.54545 0.93939
vt 0.54545 0.96970
vt 0.54545 1.00000
vt 0.57576 0.00000
vt 0.57576 0.03030
vt 0.57576 0.06061
vt 0.57576 0.09091
vt 0.57576 0.12121
vt 0.57576 0.15152
vt 0.57576 0.18182
vt 0.57576 0.21212
vt 0.57576 0.24242
vt 0.57576 0.27273
vt 0.57576 0.30303
vt 0.57576 0.33333
vt 0.57576 0.36364
vt 0.57576 0.39394
vt 0.57576 0.42424
vt 0.57576 0.45455
vt 0.57576 0.48485
vt 0.57576 0.51515
vt 0.57576 0.54545
vt 0.57576 0.57576
vt 0.57576 0.60606
vt 0.57576 0.63636
vt 0.57576 0.66667
vt 0.57576 0.69697
vt 0.57576 0.72727
vt 0.57576 0.75758
vt 0.57576 0.78788
vt 0.57576 0.81818
vt 0.57576 0.84848
vt 0.57576 0.87879
vt 0.57576 0.90909
vt 0.57576 0.93939
vt 0.57576 0.96970
vt 0.57576 1.00000
vt 0.60606 0.00000
vt 0.60606 0.03030
vt 0.60606 0.06061
vt 0.60606 0.09091
vt 0.60606 0.12121
vt 0.60606 0.15152
vt 0.60606 0.18182
vt 0.60606 0.21212
vt 0.60606 0.24242
vt 0.60606 0.27273
vt 0.60606 0.30303
vt 0.60606 0.33333
vt 0.60606 0.36364
vt 0.60606 0.39394
vt 0.60606 0.42424
vt 0.60606 0.45455
vt 0.60606 0.48485
vt 0.60606 0.51515
vt 0.60606 0.54545
vt 0.60606 0.57576
vt 0.60606 0.60606
vt 0.60606 0.63636
vt 0.60606 0.66667
vt 0.60606 0.69697
vt 0.60606 0.72727
vt 0.60606 0.75758
vt 0.60606 0.78788
vt 0.60606 0.81818
vt 0.60606 0.84848
vt 0.60606 0.87879
vt 0.60606 0.90909
vt 0.60606 0.93939
vt 0.60606 0.96970
vt 0.60606 1.00000
vt 0.63636 0.00000
vt 0.63636 0.03030
vt 0.63636 0.06061
vt 0.63636 0.09091
vt 0.63636 0.12121
vt 0.63636 0.15152
vt 0.63636 0.18182
vt 0.63636 0.21212
vt 0.63636 0.24242
vt 0.63636 0.27273
vt 0.63636 0.30303
vt 0.63636 0.33333
vt 0.63636 0.36364
vt 0.63636 0.39394
vt 0.63636 0.42424
vt 0.63636 0.45455
vt 0.63636 0.48485
vt 0.63636 0.51515
vt 0.63636 0.54545
vt 0.63636 0.57576
vt 0.63636 0.60606
vt 0.63636 0.63636
vt 0.63636 0.66667
vt 0.63636 0.69697
vt 0.63636 0.72727
vt 0.63636 0.75758
vt 0.63636 0.78788
vt 0.63636 0.81818
vt 0.63636 0.84848
vt 0.63636 0.87879
vt 0.63636 0.90909
vt 0.63636 0.93939
vt 0.63636 0.96970
vt 0.63636 1.00000
vt 0.66667 0.00000
vt 0.66667 0.03030
vt 0.66667 0.06061
vt 0.66667 0.09091
vt 0.66667 0.12121
vt 0.66667 0.15152
vt 0.66667 0.18182
vt 0.66667 0.21212
vt 0.66667 0.24242
vt 0.66667 0.27273
vt 0.66667 0.30303
vt 0.66667 0.33333
vt 0.66667 0.36364
vt 0.66667 0.39394
vt 0.66667 0.42424
vt 0.66667 0.45455
vt 0.66667 0.48485
vt 0.66667 0.51515
vt 0.66667 0.54545
vt 0.66667 0.57576
vt 0.66667 0.60606
vt 0.66667 0.63636
vt 0.66667 0.66667
vt 0.66667 0.69697
vt 0.66667 0.72727
vt 0.66667 0.75758
vt 0.66667 0.78788
vt 0.66667 0.81818
vt 0.66667 0.84848
vt 0.66667 0.87879
vt 0.66667 0.90909
vt 0.66667 0.93939
vt 0.66667 0.96970
vt 0.66667 1.00000
vt 0.69697 0.00000
vt 0.69697 0.03030
vt 0.69697 0.06061
vt 0.69697 0.09091
vt 0.69697 0.12121
vt 0.69697 0.15152
vt 0.69697 0.18182
vt 0.69697 0.21212
vt 0.69697 0.24242
vt 0.69697 0.27273
vt 0.69697 0.30303
vt 0.69697 0.33333
vt 0.69697 0.36364
vt 0.69697 0.39394
vt 0.69697 0.42424
vt 0.69697 0.45455
vt 0.69697 0.48485
vt 0.69697 0.51515
vt 0.69697 0.54545
vt 0.69697 0.57576
vt 0.69697 0.60606
vt 0.69697 0.63636
vt 0.69697 0.66667
vt 0.69697 0.69697
vt 0.69697 0.72727
vt 0.69697 0.75758
vt 0.69697 0.78788
vt 0.69697 0.81818
vt 0.69697 0.84848
vt 0.69697 0.87879
vt 0.69697 0.90909
vt 0.69697 0.93939
vt 0.69697 0.96970
vt 0.69697 1.00000
vt 0.72727 0.00000
vt 0.72727 0.03030
vt 0.72727 0.06061
vt 0.72727 0.09091
vt 0.72727 0.12121
vt 0.72727 0.15152
vt 0.72727 0.18182
vt 0.72727 0.21212
vt 0.72727 0.24242
vt 0.72727 0.27273
vt 0.72727 0.30303
vt 0.72727 0.33333
vt 0.72727 0.36364
vt 0.72727 0.39394
vt 0.72727 0.42424
vt 0.72727 0.45455
vt 0.72727 0.48485
vt 0.72727 0.51515
vt 0.72727 0.54545
vt 0.72727 0.57576
vt 0.72727 0.60606
vt 0.72727 0.63636
vt 0.72727 0.66667
vt 0.72727 0.69697
vt 0.72727 0.72727
vt 0.72727 0.75758
vt 0.72727 0.78788
vt 0.72727 0.81818
vt 0.72727 0.84848
vt 0.72727 0.87879
vt 0.72727 0.90909
vt 0.72727 0.93939
vt 0.72727 0.96970
vt 0.72727 1.00000
vt 0.75758 0.00000
vt 0.75758 0.03030
vt 0.75758 0.06061
vt 0.75758 0.09091
vt 0.75758 0.12121
vt 0.75758 0.15152
vt 0.75758 0.18182
vt 0.75758 0.21212
vt 0.75758 0.24242
vt 0.75758 0.27273
vt 0.75758 0.30303
vt 0.75758 0.33333
vt 0.75758 0.36364
vt 0.75758 0.39394
vt 0.75758 0.42424
vt 0.75758 0.45455
vt 0.75758 0.48485
vt 0.75758 0.51515
vt 0.75758 0.54545
vt 0.75758 0.57576
vt 0.75758 0.60606
vt 0.75758 0.63636
vt 0.75758 0.66667
vt 0.75758 0.69697
vt 0.75758 0.72727
vt 0.75758 0.75758
vt 0.75758 0.78788
vt 0.75758 0.81818
vt 0.75758 0.84848
vt 0.75758 0.87879
vt 0.75758 0.90909
vt 0.75758 0.93939
vt 0.75758 0.96970
vt 0.75758 1.00000
vt 0.78788 0.00000
vt 0.78788 0.03030
vt 0.78788 0.06061
vt 0.78788 0.09091
vt 0.78788 0.12121
vt 0.78788 0.15152
vt 0.78788 0.18182
vt 0.78788 0.21212
vt 0.78788 0.24242
vt 0.78788 0.27273
vt 0.78788 0.30303
vt 0.78788 0.33333
vt 0.78788 0.36364
vt 0.78788 0.39394
vt 0.78788 0.42424
vt 0.78788 0.45455
vt 0.78788 0.48485
vt 0.78788 0.51515
vt 0.78788 0.54545
vt 0.78788 0.57576
vt 0.78788 0.60606
vt 0.78788 0.63636
vt 0.78788 0.66667
vt 0.78788 0.69697
vt 0.78788 0.72727
vt 0.78788 0.75758
vt 0.78788 0.78788
vt 0.78788 0.81818
vt 0.78788 0.84848
vt 0.78788 0.87879
vt 0.78788 0.90909
vt 0.78788 0.93939
vt 0.78788 0.96970
vt 0.78788 1.00000
vt 0.81818 0.00000
vt 0.81818 0.03030
vt 0.81818 0.06061
vt 0.81818 0.09091
vt 0.81818 0.12121
vt 0.81818 0.15152
vt 0.81818 0.18182
vt 0.81818 0.21212
vt 0.81818 0.24242
vt 0.81818 0.27273
vt 0.81818 0.30303
vt 0.81818 0.33333
vt 0.81818 0.36364
vt 0.81818 0.39394
vt 0.81818 0.42424
vt 0.81818 0.45455
vt 0.81818 0.48485
vt 0.81818 0.51515
vt 0.81818 0.54545
vt 0.81818 0.57576
vt 0.81818 0.60606
vt 0.81818 0.63636
vt 0.81818 0.66667
vt 0.81818 0.69697
vt 0.81818 0.72727
vt 0.81818 0.75758
vt 0.81818 0.78788
vt 0.81818 0.81818
vt 0.81818 0.84848
vt 0.81818 0.87879
vt 0.81818 0.90909
vt 0.81818 0.93939
vt 0.81818 0.96970
vt 0.81818 1.00000
vt 0.84848 0.00000
vt 0.84848 0.03030
vt 0.84848 0.06061
vt 0.84848 0.09091
vt 0.84848 0.12121
vt 0.84848 0.15152
vt 0.84848 0.18182
vt 0.84848 0.21212
vt 0.84848 0.24242
vt 0.84848 0.27273
vt 0.84848 0.30303
vt 0.84848 0.33333
vt 0.84848 0.36364
vt 0.84848 0.39394
vt 0.84848 0.42424
vt 0.84848 0.45455
vt 0.84848 0.48485
vt 0.84848 0.51515
vt 0.84848 0.54545
vt 0.84848 0.57576
vt 0.84848 0.60606
vt 0.84848 0.63636
vt 0.84848 0.66667
vt 0.84848 0.69697
vt 0.84848 0.72727
vt 0.84848 0.75758
vt 0.84848 0.78788
vt 0.84848 0.81818
vt 0.84848 0.84848
vt 0.84848 0.87879
vt 0.84848 0.90909
vt 0.84848 0.93939
vt 0.84848 0.96970
vt 0.84848 1.00000
vt 0.87879 0.00000
vt 0.87879 0.03030
vt 0.87879 0.06061
vt 0.87879 0.09091
vt 0.87879 0.12121
vt 0.87879 0.15152
vt 0.87879 0.18182
vt 0.87879 0.21212
vt 0.87879 0.24242
vt 0.87879 0.27273
vt 0.87879 0.30303
vt 0.87879 0.33333
vt 0.87879 0.36364
vt 0.87879 0.39394
vt 0.87879 0.42424
vt 0.87879 0.45455
vt 0.87879 0.48485
vt 0.87879 0.51515
vt 0.87879 0.54545
vt 0.87879 0.57576
vt 0.87879 0.60606
vt 0.87879 0.63636
vt 0.87879 0.66667
vt 0.87879 0.69697
vt 0.87879 0.72727
vt 0.87879 0.75758
vt 0.87879 0.78788
vt 0.87879 0.81818
vt 0.87879 0.84848
vt 0.87879 0.87879
vt 0.87879 0.90909
vt 0.87879 0.93939
vt 0.87879 0.96970
vt 0.87879 1.00000
vt 0.90909 0.00000
vt 0.90909 0.03030
vt 0.90909 0.06061
vt 0.90909 0.09091
vt 0.90909 0.12121
vt 0.90909 0.15152
vt 0.90909 0.18182
vt 0.90909 0.21212
vt 0.90909 0.24242
vt 0.90909 0.27273
vt 0.90909 0.30303
vt 0.90909 0.33333
vt 0.90909 0.36364
vt 0.90909 0.39394
vt 0.90909 0.42424
vt 0.90909 0.45455
vt 0.90909 0.48485
vt 0.90909 0.51515
vt 0.90909 0.54545
vt 0.90909 0.57576
vt 0.90909 0.60606
vt 0.90909 0.63636
vt 0.90909 0.66667
vt 0.90909 0.69697
vt 0.90909 0.72727
vt 0.90909 0.75758
vt 0.90909 0.78788
vt 0.90909 0.81818
vt 0.90909 0.84848
vt 0.90909 0.87879
vt 0.90909 0.90909
vt 0.90909 0.93939
vt 0.90909 0.96970
vt 0.90909 1.00000
vt 0.93939 0.00000
vt 0.93939 0.03030
vt 0.93939 0.06061
vt 0.93939 0.09091
vt 0.93939 0.12121
vt 0.93939 0.15152
vt 0.93939 0.18182
vt 0.93939 0.21212
vt 0.93939 0.24242
vt 0.93939 0.27273
vt 0.93939 0.30303
vt 0.93939 0.33333
vt 0.93939 0.36364
vt 0.93939 0.39394
vt 0.93939 0.42424
vt 0.93939 0.45455
vt 0.93939 0.48485
vt 0.93939 0.51515
vt 0.93939 0.54545
vt 0.93939 0.57576
vt 0.93939 0.60606
vt 0.93939 0.63636
vt 0.93939 0.66667
vt 0.93939 0.69697
vt 0.93939 0.72727
vt 0.93939 0.75758
vt 0.93939 0.78788
vt 0.93939 0.81818
vt 0.93939 0.84848
vt 0.93939 0.87879
vt 0.93939 0.90909
vt 0.93939 0.93939
vt 0.93939 0.96970
vt 0.93939 1.00000
vt 0.96970 0.00000
vt 0.96970 0.03030
vt 0.96970 0.06061
vt 0.96970 0.09091
vt 0.96970 0.12121
vt 0.96970 0.15152
vt 0.96970 0.18182
vt 0.96970 0.21212
vt 0.96970 0.24242
vt 0.96970 0.27273
vt 0.96970 0.30303
vt 0.96970 0.33333
vt 0.96970 0.36364
vt 0.96970 0.39394
vt 0.96970 0.42424
vt 0.96970 0.45455
vt 0.96970 0.48485
vt 0.96970 0.51515
vt 0.96970 0.54545
vt 0.96970 0.57576
vt 0.96970 0.60606
vt 0.96970 0.63636
vt 0.96970 0.66667
vt 0.96970 0.69697
vt 0.96970 0.72727
vt 0.96970 0.75758
vt 0.96970 0.78788
vt 0.96970 0.81818
vt 0.96970 0.84848
vt 0.96970 0.87879
vt 0.96970 0.90909
vt 0.96970 0.93939
vt 0.96970 0.96970
vt 0.96970 1.00000
vt 1.00000 0.00000
vt 1.00000 0.03030
vt 1.00000 0.06061
vt 1.00000 0.09091
vt 1.00000 0.12121
vt 1.00000 0.15152
vt 1.00000 0.18182
vt 1.00000 0.21212
vt 1.00000 0.24242
vt 1.00000 0.27273
vt 1.00000 0.30303
vt 1.00000 0.33333
vt 1.00000 0.36364
vt 1.00000 0.39394
vt 1.00000 0.42424
vt 1.00000 0.45455
vt 1.00000 0.48485
vt 1.00000 0.51515
vt 1.00000 0.54545
vt 1.00000 0.57576
vt 1.00000 0.60606
vt 1.00000 0.63636
vt 1.00000 0.66667
vt 1.00000 0.69697
vt 1.00000 0.72727
vt 1.00000 0.75758
vt 1.00000 0.78788
vt 1.00000 0.81818
vt 1.00000 0.84848
vt 1.00000 0.87879
vt 1.00000 0.90909
vt 1.00000 0.93939
vt 1.00000 0.96970
vt 1.00000 1.00000
vn 0.3572 0.4541 0.8162
vn 0.3645 0.4282 0.8269
vn 0.3825 0.3996 0.8331
vn 0.4084 0.3689 0.8349
vn 0.4381 0.3369 0.8334
vn 0.4670 0.3046 0.8302
vn 0.4910 0.2730 0.8273
vn 0.5071 0.2427 0.8270
vn 0.5136 0.2142 0.8309
vn 0.5094 0.1873 0.8399
vn 0.4947 0.1617 0.8539
vn 0.4703 0.1369 0.8718
vn 0.4388 0.1123 0.8916
vn 0.4037 0.0877 0.9107
vn 0.3703 0.0629 0.9268
vn 0.3440 0.0378 0.9382
vn 0.3295 0.0126 0.9441
vn 0.3295 -0.0126 0.9441
vn 0.3440 -0.0378 0.9382
vn 0.3703 -0.0629 0.9268
vn 0.4037 -0.0877 0.9107
vn 0.4388 -0.1123 0.8916
vn 0.4703 -0.1369 0.8718
vn 0.4947 -0.1617 0.8539
vn 0.5094 -0.1873 0.8399
vn 0.5136 -0.2142 0.8309
vn 0.5071 -0.2427 0.8270
vn 0.4910 -0.2730 0.8273
vn 0.4670 -0.3046 0.8302
vn 0.4381 -0.3369 0.8334
vn 0.4084 -0.3689 0.8349
vn 0.3825 -0.3996 0.8331
vn 0.3645 -0.4282 0.8269
vn 0.3572 -0.4541 0.8162
vn 0.3361 0.4546 0.8249
vn 0.3405 0.4392 0.8314
vn 0.3553 0.4203 0.8349
vn 0.3782 0.3969 0.8363
vn 0.4055 0.3684 0.8366
vn 0.4330 0.3350 0.8368
vn 0.4567 0.2975 0.8384
vn 0.4733 0.2573 0.8425
vn 0.4803 0.2160 0.8501
vn 0.4766 0.1752 0.8615
vn 0.4620 0.1364 0.8763
vn 0.4375 0.1013 0.8935
vn 0.4057 0.0710 0.9113
vn 0.3707 0.0464 0.9276
vn 0.3376 0.0278 0.9409
vn 0.3117 0.0143 0.9501
vn 0.2976 0.0043 0.9547
vn 0.2976 -0.0043 0.9547
vn 0.3117 -0.0143 0.9501
vn 0.3376 -0.0278 0.9409
vn 0.3707 -0.0464 0.9276
vn 0.4057 -0.0710 0.9113
vn 0.4375 -0.1013 0.8935
vn 0.4620 -0.1364 0.8763
vn 0.4766 -0.1752 0.8615
vn 0.4803 -0.2160 0.8501
vn 0.4733 -0.2573 0.8425
vn 0.4567 -0.2975 0.8384
vn 0.4330 -0.3350 0.8368
vn 0.4055 -0.3684 0.8366
vn 0.3782 -0.3969 0.8363
vn 0.3553 -0.4203 0.8349
vn 0.3405 -0.4392 0.8314
vn 0.3361 -0.4546 0.8249
vn 0.3264 0.4526 0.8298
vn 0.3274 0.4463 0.8328
vn 0.3368 0.4359 0.8346
vn 0.3530 0.4190 0.8366
vn 0.3735 0.3942 0.8397
vn 0.3951 0.3607 0.8449
vn 0.4145 0.3190 0.8523
vn 0.4285 0.2705 0.8621
vn 0.4345 0.2178 0.8739
vn 0.4310 0.1642 0.8873
vn 0.4178 0.1132 0.9015
vn 0.3960 0.0686 0.9157
vn 0.3683 0.0334 0.9291
vn 0.3385 0.0093 0.9409
vn 0.3109 -0.0035 0.9504
vn 0.2896 -0.0065 0.9571
vn 0.2781 -0.0030 0.9605
vn 0.2781 0.0030 0.9605
vn 0.2896 0.0065 0.9571
vn 0.3109 0.0035 0.9504
vn 0.3385 -0.0093 0.9409
vn 0.3683 -0.0334 0.9291
vn 0.3960 -0.0686 0.9157
vn 0.4178 -0.1132 0.9015
vn 0.4310 -0.1642 0.8873
vn 0.4345 -0.2178 0.8739
vn 0.4285 -0.2705 0.8621
vn 0.4145 -0.3190 0.8523
vn 0.3951 -0.3607 0.8449
vn 0.3735 -0.3942 0.8397
vn 0.3530 -0.4190 0.8366
vn 0.3368 -0.4359 0.8346
vn 0.3274 -0.4463 0.8328
vn 0.3264 -0.4526 0.8298
vn 0.3260 0.4486 0.8321
vn 0.3235 0.4486 0.8331
vn 0.3260 0.4442 0.8345
vn 0.3328 0.4323 0.8381
vn 0.3429 0.4107 0.8448
vn 0.3546 0.3779 0.8553
vn 0.3656 0.3338 0.8689
vn 0.3737 0.2797 0.8844
vn 0.3766 0.2186 0.9002
vn 0.3730 0.1551 0.9148
vn 0.3626 0.0948 0.9271
vn 0.3467 0.0433 0.9370
vn 0.3274 0.0048 0.9449
vn 0.3073 -0.0184 0.9514
vn 0.2894 -0.0265 0.9568
vn 0.2759 -0.0217 0.9609
vn 0.2687 -0.0082 0.9632
vn 0.2687 0.0082 0.9632
vn 0.2759 0.0217 0.9609
vn 0.2894 0.0265 0.9568
vn 0.3073 0.0184 0.9514
vn 0.3274 -0.0048 0.9449
vn 0.3467 -0.0433 0.9370
vn 0.3626 -0.0948 0.9271
vn 0.3730 -0.1551 0.9148
vn 0.3766 -0.2186 0.9002
vn 0.3737 -0.2797 0.8844
vn 0.3656 -0.3338 0.8689
vn 0.3546 -0.3779 0.8553
vn 0.3429 -0.4107 0.8448
vn 0.3328 -0.4323 0.8381
vn 0.3260 -0.4442 0.8345
vn 0.3235 -0.4486 0.8331
vn 0.3260 -0.4486 0.8321
vn 0.3312 0.4433 0.8329
vn 0.3255 0.4458 0.8338
vn 0.3205 0.4442 0.8366
vn 0.3167 0.4351 0.8428
vn 0.3142 0.4156 0.8535
vn 0.3129 0.3838 0.8688
vn 0.3122 0.3391 0.8874
vn 0.3112 0.2824 0.9074
vn 0.3090 0.2170 0.9260
vn 0.3049 0.1484 0.9407
vn 0.2989 0.0835 0.9506
vn 0.2915 0.0288 0.9561
vn 0.2838 -0.0107 0.9588
vn 0.2768 -0.0329 0.9604
vn 0.2710 -0.0382 0.9618
vn 0.2671 -0.0292 0.9632
vn 0.2651 -0.0108 0.9642
vn 0.2651 0.0108 0.9642
vn 0.2671 0.0292 0.9632
vn 0.2710 0.0382 0.9618
vn 0.2768 0.0329 0.9604
vn 0.2838 0.0107 0.9588
vn 0.2915 -0.0288 0.9561
vn 0.2989 -0.0835 0.9506
vn 0.3049 -0.1484 0.9407
vn 0.3090 -0.2170 0.9260
vn 0.3112 -0.2824 0.9074
vn 0.3122 -0.3391 0.8874
vn 0.3129 -0.3838 0.8688
vn 0.3142 -0.4156 0.8535
vn 0.3167 -0.4351 0.8428
vn 0.3205 -0.4442 0.8366
vn 0.3255 -0.4458 0.8338
vn 0.3312 -0.4433 0.8329
vn 0.3373 0.4375 0.8336
vn 0.3293 0.4383 0.8364
vn 0.3174 0.4359 0.8421
vn 0.3030 0.4268 0.8521
vn 0.2873 0.4078 0.8667
vn 0.2717 0.3768 0.8856
vn 0.2574 0.3329 0.9072
vn 0.2455 0.2769 0.9290
vn 0.2368 0.2122 0.9481
vn 0.2320 0.1444 0.9619
vn 0.2310 0.0804 0.9696
vn 0.2336 0.0269 0.9719
vn 0.2390 -0.0115 0.9710
vn 0.2459 -0.0327 0.9687
vn 0.2529 -0.0374 0.9668
vn 0.2586 -0.0285 0.9656
vn 0.2618 -0.0105 0.9651
vn 0.2618 0.0105 0.9651
vn 0.2586 0.0285 0.9656
vn 0.2529 0.0374 0.9668
vn 0.2459 0.0327 0.9687
vn 0.2390 0.0115 0.9710
vn 0.2336 -0.0269 0.9719
vn 0.2310 -0.0804 0.9696
vn 0.2320 -0.1444 0.9619
vn 0.2368 -0.2122 0.9481
vn 0.2455 -0.2769 0.9290
vn 0.2574 -0.3329 0.9072
vn 0.2717 -0.3768 0.8856
vn 0.2873 -0.4078 0.8667
vn 0.3030 -0.4268 0.8521
vn 0.3174 -0.4359 0.8421
vn 0.3293 -0.4383 0.8364
vn 0.3373 -0.4375 0.8336
vn 0.3397 0.4318 0.8355
vn 0.3304 0.4268 0.8418
vn 0.3132 0.4199 0.8518
vn 0.2894 0.4077 0.8660
vn 0.2615 0.3873 0.8841
vn 0.2322 0.3566 0.9050
vn 0.2046 0.3147 0.9269
vn 0.1820 0.2627 0.9476
vn 0.1669 0.2038 0.9647
vn 0.1612 0.1427 0.9765
vn 0.1649 0.0854 0.9826
vn 0.1767 0.0372 0.9836
vn 0.1940 0.0020 0.9810
vn 0.2135 -0.0186 0.9768
vn 0.2317 -0.0251 0.9725
vn 0.2457 -0.0201 0.9691
vn 0.2533 -0.0076 0.9673
vn 0.2533 0.0076 0.9673
vn 0.2457 0.0201 0.9691
vn 0.2317 0.0251 0.9725
vn 0.2135 0.0186 0.9768
vn 0.1940 -0.0020 0.9810
vn 0.1767 -0.0372 0.9836
vn 0.1649 -0.0854 0.9826
vn 0.1612 -0.1427 0.9765
vn 0.1669 -0.2038 0.9647
vn 0.1820 -0.2627 0.9476
vn 0.2046 -0.3147 0.9269
vn 0.2322 -0.3566 0.9050
vn 0.2615 -0.3873 0.8841
vn 0.2894 -0.4077 0.8660
vn 0.3132 -0.4199 0.8518
vn 0.3304 -0.4268 0.8418
vn 0.3397 -0.4318 0.8355
vn 0.3345 0.4271 0.8400
vn 0.3251 0.4127 0.8509
vn 0.3043 0.3976 0.8656
vn 0.2737 0.3793 0.8839
vn 0.2363 0.3554 0.9044
vn 0.1960 0.3243 0.9254
vn 0.1578 0.2858 0.9452
vn 0.1266 0.2409 0.9623
vn 0.1065 0.1920 0.9756
vn 0.0997 0.1426 0.9847
vn 0.1065 0.0964 0.9896
vn 0.1246 0.0569 0.9906
vn 0.1502 0.0265 0.9883
vn 0.1784 0.0064 0.9839
vn 0.2044 -0.0039 0.9789
vn 0.2241 -0.0059 0.9746
vn 0.2347 -0.0026 0.9721
vn 0.2347 0.0026 0.9721
vn 0.2241 0.0059 0.9746
vn 0.2044 0.0039 0.9789
vn 0.1784 -0.0064 0.9839
vn 0.1502 -0.0265 0.9883
vn 0.1246 -0.0569 0.9906
vn 0.1065 -0.0964 0.9896
vn 0.0997 -0.1426 0.9847
vn 0.1065 -0.1920 0.9756
vn 0.1266 -0.2409 0.9623
vn 0.1578 -0.2858 0.9452
vn 0.1960 -0.3243 0.9254
vn 0.2363 -0.3554 0.9044
vn 0.2737 -0.3793 0.8839
vn 0.3043 -0.3976 0.8656
vn 0.3251 -0.4127 0.8509
vn 0.3345 -0.4271 0.8400
vn 0.3186 0.4240 0.8478
vn 0.3099 0.3975 0.8637
vn 0.2877 0.3713 0.8828
vn 0.2536 0.3441 0.9041
vn 0.2108 0.3149 0.9254
vn 0.1643 0.2832 0.9449
vn 0.1201 0.2492 0.9610
vn 0.0842 0.2136 0.9733
vn 0.0611 0.1777 0.9822
vn 0.0532 0.1429 0.9883
vn 0.0606 0.1104 0.9920
vn 0.0805 0.0814 0.9934
vn 0.1088 0.0568 0.9924
vn 0.1399 0.0370 0.9895
vn 0.1686 0.0221 0.9854
vn 0.1903 0.0114 0.9817
vn 0.2019 0.0035 0.9794
vn 0.2019 -0.0035 0.9794
vn 0.1903 -0.0114 0.9817
vn 0.1686 -0.0221 0.9854
vn 0.1399 -0.0370 0.9895
vn 0.1088 -0.0568 0.9924
vn 0.0805 -0.0814 0.9934
vn 0.0606 -0.1104 0.9920
vn 0.0532 -0.1429 0.9883
vn 0.0611 -0.1777 0.9822
vn 0.0842 -0.2136 0.9733
vn 0.1201 -0.2492 0.9610
vn 0.1643 -0.2832 0.9449
vn 0.2108 -0.3149 0.9254
vn 0.2536 -0.3441 0.9041
vn 0.2877 -0.3713 0.8828
vn 0.3099 -0.3975 0.8637
vn 0.3186 -0.4240 0.8478
vn 0.2898 0.4225 0.8588
vn 0.2826 0.3828 0.8795
vn 0.2614 0.3437 0.9020
vn 0.2276 0.3060 0.9244
vn 0.1847 0.2706 0.9448
vn 0.1380 0.2382 0.9614
vn 0.0936 0.2093 0.9734
vn 0.0574 0.1840 0.9812
vn 0.0338 0.1619 0.9862
vn 0.0246 0.1421 0.9895
vn 0.0296 0.1235 0.9919
vn 0.0465 0.1050 0.9934
vn 0.0710 0.0862 0.9937
vn 0.0982 0.0670 0.9929
vn 0.1234 0.0475 0.9912
vn 0.1424 0.0283 0.9894
vn 0.1526 0.0094 0.9883
vn 0.1526 -0.0094 0.9883
vn 0.1424 -0.0283 0.9894
vn 0.1234 -0.0475 0.9912
vn 0.0982 -0.0670 0.9929
vn 0.0710 -0.0862 0.9937
vn 0.0465 -0.1050 0.9934
vn 0.0296 -0.1235 0.9919
vn 0.0246 -0.1421 0.9895
vn 0.0338 -0.1619 0.9862
vn 0.0574 -0.1840 0.9812
vn 0.0936 -0.2093 0.9734
vn 0.1380 -0.2382 0.9614
vn 0.1847 -0.2706 0.9448
vn 0.2276 -0.3060 0.9244
vn 0.2614 -0.3437 0.9020
vn 0.2826 -0.3828 0.8795
vn 0.2898 -0.4225 0.8588
vn 0.2477 0.4224 0.8719
vn 0.2423 0.3701 0.8968
vn 0.2244 0.3182 0.9211
vn 0.1952 0.2700 0.9429
vn 0.1580 0.2284 0.9607
vn 0.1175 0.1953 0.9737
vn 0.0789 0.1713 0.9821
vn 0.0468 0.1555 0.9867
vn 0.0247 0.1457 0.9890
vn 0.0140 0.1388 0.9902
vn 0.0142 0.1319 0.9912
vn 0.0232 0.1222 0.9922
vn 0.0379 0.1082 0.9934
vn 0.0545 0.0893 0.9945
vn 0.0696 0.0664 0.9954
vn 0.0808 0.0407 0.9959
vn 0.0903 0.0140 0.9958
vn 0.0903 -0.0140 0.9958
vn 0.0808 -0.0407 0.9959
vn 0.0696 -0.0664 0.9954
vn 0.0545 -0.0893 0.9945
vn 0.0379 -0.1082 0.9934
vn 0.0232 -0.1222 0.9922
vn 0.0142 -0.1319 0.9912
vn 0.0140 -0.1388 0.9902
vn 0.0247 -0.1457 0.9890
vn 0.0468 -0.1555 0.9867
vn 0.0789 -0.1713 0.9821
vn 0.1175 -0.1953 0.9737
vn 0.1580 -0.2284 0.9607
vn 0.1952 -0.2700 0.9429
vn 0.2244 -0.3182 0.9211
vn 0.2423 -0.3701 0.8968
vn 0.2477 -0.4224 0.8719
vn 0.1935 0.4230 0.8852
vn 0.1901 0.3605 0.9132
vn 0.1777 0.2982 0.9378
vn 0.1573 0.2413 0.9576
vn 0.1311 0.1946 0.9721
vn 0.1025 0.1607 0.9817
vn 0.0746 0.1402 0.9873
vn 0.0503 0.1311 0.9901
vn 0.0317 0.1298 0.9910
vn 0.0193 0.1318 0.9911
vn 0.0127 0.1325 0.9911
vn 0.0105 0.1283 0.9917
vn 0.0106 0.1168 0.9931
vn 0.0141 0.0999 0.9949
vn 0.0339 0.0836 0.9959
vn 0.0489 0.0555 0.9973
vn 0.0571 0.0194 0.9982
vn 0.0571 -0.0194 0.9982
vn 0.0489 -0.0555 0.9973
vn 0.0339 -0.0836 0.9959
vn 0.0141 -0.0999 0.9949
vn 0.0106 -0.1168 0.9931
vn 0.0105 -0.1283 0.9917
vn 0.0127 -0.1325 0.9911
vn 0.0193 -0.1318 0.9911
vn 0.0317 -0.1298 0.9910
vn 0.0503 -0.1311 0.9901
vn 0.0746 -0.1402 0.9873
vn 0.1025 -0.1607 0.9817
vn 0.1311 -0.1946 0.9721
vn 0.1573 -0.2413 0.9576
vn 0.1777 -0.2982 0.9378
vn 0.1901 -0.3605 0.9132
vn 0.1935 -0.4230 0.8852
vn 0.1306 0.4235 0.8964
vn 0.1292 0.3551 0.9259
vn 0.1242 0.2866 0.9500
vn 0.1157 0.2244 0.9676
vn 0.1046 0.1743 0.9791
vn 0.0917 0.1394 0.9860
vn 0.0779 0.1199 0.9897
vn 0.0640 0.1133 0.9915
vn 0.0502 0.1153 0.9921
vn 0.0365 0.1204 0.9921
vn 0.0224 0.1234 0.9921
vn 0.0073 0.1201 0.9927
vn -0.0021 0.1158 0.9933
vn 0.0038 0.1134 0.9935
vn 0.0092 0.0951 0.9954
vn 0.0133 0.0632 0.9979
vn 0.0155 0.0221 0.9996
vn 0.0155 -0.0221 0.9996
vn 0.0133 -0.0632 0.9979
vn 0.0092 -0.0951 0.9954
vn 0.0038 -0.1134 0.9935
vn -0.0021 -0.1158 0.9933
vn 0.0073 -0.1201 0.9927
vn 0.0224 -0.1234 0.9921
vn 0.0365 -0.1204 0.9921
vn 0.0502 -0.1153 0.9921
vn 0.0640 -0.1133 0.9915
vn 0.0779 -0.1199 0.9897
vn 0.0917 -0.1394 0.9860
vn 0.1046 -0.1743 0.9791
vn 0.1157 -0.2244 0.9676
vn 0.1242 -0.2866 0.9500
vn 0.1292 -0.3551 0.9259
vn 0.1306 -0.4235 0.8964
vn 0.0645 0.4232 0.9037
vn 0.0651 0.3544 0.9328
vn 0.0683 0.2850 0.9561
vn 0.0733 0.2219 0.9723
vn 0.0788 0.1706 0.9822
vn 0.0832 0.1341 0.9875
vn 0.0849 0.1127 0.9900
vn 0.0824 0.1037 0.9912
vn 0.0745 0.1029 0.9919
vn 0.0604 0.1048 0.9927
vn 0.0396 0.1041 0.9938
vn 0.0141 0.0999 0.9949
vn 0.0038 0.1134 0.9935
vn -0.0069 0.1110 0.9938
vn -0.0167 0.0931 0.9955
vn -0.0242 0.0618 0.9978
vn -0.0000 -0.0000 1.0000
vn -0.0000 -0.0000 1.0000
vn -0.0242 -0.0618 0.9978
vn -0.0167 -0.0931 0.9955
vn -0.0069 -0.1110 0.9938
vn 0.0038 -0.1134 0.9935
vn 0.0141 -0.0999 0.9949
vn 0.0396 -0.1041 0.9938
vn 0.0604 -0.1048 0.9927
vn 0.0745 -0.1029 0.9919
vn 0.0824 -0.1037 0.9912
vn 0.0849 -0.1127 0.9900
vn 0.0832 -0.1341 0.9875
vn 0.0788 -0.1706 0.9822
vn 0.0733 -0.2219 0.9723
vn 0.0683 -0.2850 0.9561
vn 0.0651 -0.3544 0.9328
vn 0.0645 -0.4232 0.9037
vn 0.0016 0.4221 0.9065
vn 0.0043 0.3583 0.9336
vn 0.0153 0.2938 0.9558
vn 0.0330 0.2340 0.9717
vn 0.0541 0.1836 0.9815
vn 0.0748 0.1451 0.9866
vn 0.0911 0.1189 0.9887
vn 0.0998 0.1029 0.9897
vn 0.0982 0.0935 0.9908
vn 0.0850 0.0861 0.9926
vn 0.0598 0.0762 0.9953
vn 0.0339 0.0836 0.9959
vn 0.0092 0.0951 0.9954
vn -0.0167 0.0931 0.9955
vn -0.0000 -0.0000 1.0000
vn -0.0000 -0.0000 1.0000
vn -0.0000 -0.0000 1.0000
vn -0.0000 -0.0000 1.0000
vn -0.0000 -0.0000 1.0000
vn -0.0000 -0.0000 1.0000
vn -0.0167 -0.0931 0.9955
vn 0.0092 -0.0951 0.9954
vn 0.0339 -0.0836 0.9959
vn 0.0598 -0.0762 0.9953
vn 0.0850 -0.0861 0.9926
vn 0.0982 -0.0935 0.9908
vn 0.0998 -0.1029 0.9897
vn 0.0911 -0.1189 0.9887
vn 0.0748 -0.1451 0.9866
vn 0.0541 -0.1836 0.9815
vn 0.0330 -0.2340 0.9717
vn 0.0153 -0.2938 0.9558
vn 0.0043 -0.3583 0.9336
vn 0.0016 -0.4221 0.9065
vn -0.0522 0.4207 0.9057
vn -0.0475 0.3663 0.9293
vn -0.0302 0.3112 0.9499
vn -0.0027 0.2584 0.9660
vn 0.0306 0.2107 0.9771
vn 0.0642 0.1702 0.9833
vn 0.0925 0.1371 0.9862
vn 0.1106 0.1106 0.9877
vn 0.1151 0.0881 0.9894
vn 0.1044 0.0667 0.9923
vn 0.0783 0.0432 0.9960
vn 0.0489 0.0555 0.9973
vn 0.0133 0.0632 0.9979
vn -0.0242 0.0618 0.9978
vn -0.0000 -0.0000 1.0000
vn -0.0000 -0.0000 1.0000
vn -0.0000 -0.0000 1.0000
vn -0.0000 -0.0000 1.0000
vn -0.0000 -0.0000 1.0000
vn -0.0000 -0.0000 1.0000
vn -0.0242 -0.0618 0.9978
vn 0.0133 -0.0632 0.9979
vn 0.0489 -0.0555 0.9973
vn 0.0783 -0.0432 0.9960
vn 0.1044 -0.0667 0.9923
vn 0.1151 -0.0881 0.9894
vn 0.1106 -0.1106 0.9877
vn 0.0925 -0.1371 0.9862
vn 0.0642 -0.1702 0.9833
vn 0.0306 -0.2107 0.9771
vn -0.0027 -0.2584 0.9660
vn -0.0302 -0.3112 0.9499
vn -0.0475 -0.3663 0.9293
vn -0.0522 -0.4207 0.9057
vn -0.0925 0.4197 0.9030
vn -0.0861 0.3776 0.9220
vn -0.0651 0.3344 0.9402
vn -0.0321 0.2907 0.9563
vn 0.0082 0.2473 0.9689
vn 0.0496 0.2050 0.9775
vn 0.0854 0.1642 0.9827
vn 0.1103 0.1251 0.9860
vn 0.1202 0.0871 0.9889
vn 0.1134 0.0492 0.9923
vn 0.0903 0.0140 0.9958
vn 0.0571 0.0194 0.9982
vn 0.0155 0.0221 0.9996
vn -0.0000 -0.0000 1.0000
vn -0.0000 -0.0000 1.0000
vn -0.0000 -0.0000 1.0000
vn -0.0000 -0.0000 1.0000
vn -0.0000 -0.0000 1.0000
vn -0.0000 -0.0000 1.0000
vn -0.0000 -0.0000 1.0000
vn -0.0000 -0.0000 1.0000
vn 0.0155 -0.0221 0.9996
vn 0.0571 -0.0194 0.9982
vn 0.0903 -0.0140 0.9958
vn 0.1134 -0.0492 0.9923
vn 0.1202 -0.0871 0.9889
vn 0.1103 -0.1251 0.9860
vn 0.0854 -0.1642 0.9827
vn 0.0496 -0.2050 0.9775
vn 0.0082 -0.2473 0.9689
vn -0.0321 -0.2907 0.9563
vn -0.0651 -0.3344 0.9402
vn -0.0861 -0.3776 0.9220
vn -0.0925 -0.4197 0.9030
vn -0.1176 0.4196 0.9000
vn -0.1100 0.3907 0.9139
vn -0.0881 0.3599 0.9288
vn -0.0543 0.3258 0.9439
vn -0.0131 0.2873 0.9578
vn 0.0297 0.2439 0.9694
vn 0.0679 0.1959 0.9783
vn 0.0960 0.1444 0.9849
vn 0.1098 0.0907 0.9898
vn 0.1078 0.0361 0.9935
vn 0.0903 -0.0140 0.9958
vn 0.0571 -0.0194 0.9982
vn 0.0155 -0.0221 0.9996
vn -0.0000 -0.0000 1.0000
vn -0.0000 -0.0000 1.0000
vn -0.0000 -0.0000 1.0000
vn -0.0000 -0.0000 1.0000
vn -0.0000 -0.0000 1.0000
vn -0.0000 -0.0000 1.0000
vn -0.0000 -0.0000 1.0000
vn -0.0000 -0.0000 1.0000
vn 0.0155 0.0221 0.9996
vn 0.0571 0.0194 0.9982
vn 0.0903 0.0140 0.9958
vn 0.1078 -0.0361 0.9935
vn 0.1098 -0.0907 0.9898
vn 0.0960 -0.1444 0.9849
vn 0.0679 -0.1959 0.9783
vn 0.0297 -0.2439 0.9694
vn -0.0131 -0.2873 0.9578
vn -0.0543 -0.3258 0.9439
vn -0.0881 -0.3599 0.9288
vn -0.1100 -0.3907 0.9139
vn -0.1176 -0.4196 0.9000
vn -0.1279 0.4210 0.8980
vn -0.1200 0.4039 0.9069
vn -0.1000 0.3841 0.9179
vn -0.0701 0.3585 0.9309
vn -0.0338 0.3246 0.9452
vn 0.0043 0.2810 0.9597
vn 0.0394 0.2275 0.9730
vn 0.0666 0.1656 0.9839
vn 0.0825 0.0982 0.9917
vn 0.0856 0.0293 0.9959
vn 0.0768 -0.0368 0.9964
vn 0.0489 -0.0555 0.9973
vn 0.0133 -0.0632 0.9979
vn -0.0242 -0.0618 0.9978
vn -0.0000 -0.0000 1.0000
vn -0.0000 -0.0000 1.0000
vn -0.0000 -0.0000 1.0000
vn -0.0000 -0.0000 1.0000
vn -0.0000 -0.0000 1.0000
vn -0.0000 -0.0000 1.0000
vn -0.0242 0.0618 0.9978
vn 0.0133 0.0632 0.9979
vn 0.0489 0.0555 0.9973
vn 0.0768 0.0368 0.9964
vn 0.0856 -0.0293 0.9959
vn 0.0825 -0.0982 0.9917
vn 0.0666 -0.1656 0.9839
vn 0.0394 -0.2275 0.9730
vn 0.0043 -0.2810 0.9597
vn -0.0338 -0.3246 0.9452
vn -0.0701 -0.3585 0.9309
vn -0.1000 -0.3841 0.9179
vn -0.1200 -0.4039 0.9069
vn -0.1279 -0.4210 0.8980
vn -0.1259 0.4235 0.8971
vn -0.1187 0.4156 0.9018
vn -0.1032 0.4039 0.9090
vn -0.0810 0.3846 0.9195
vn -0.0544 0.3545 0.9335
vn -0.0260 0.3113 0.9499
vn 0.0008 0.2546 0.9671
vn 0.0233 0.1857 0.9823
vn 0.0389 0.1087 0.9933
vn 0.0468 0.0296 0.9985
vn 0.0477 -0.0445 0.9979
vn 0.0339 -0.0836 0.9959
vn 0.0092 -0.0951 0.9954
vn -0.0167 -0.0931 0.9955
vn -0.0000 -0.0000 1.0000
vn -0.0000 -0.0000 1.0000
vn -0.0000 -0.0000 1.0000
vn -0.0000 -0.0000 1.0000
vn -0.0000 -0.0000 1.0000
vn -0.0000 -0.0000 1.0000
vn -0.0167 0.0931 0.9955
vn 0.0092 0.0951 0.9954
vn 0.0339 0.0836 0.9959
vn 0.0477 0.0445 0.9979
vn 0.0468 -0.0296 0.9985
vn 0.0389 -0.1087 0.9933
vn 0.0233 -0.1857 0.9823
vn 0.0008 -0.2546 0.9671
vn -0.0260 -0.3113 0.9499
vn -0.0544 -0.3545 0.9335
vn -0.0810 -0.3846 0.9195
vn -0.1032 -0.4039 0.9090
vn -0.1187 -0.4156 0.9018
vn -0.1259 -0.4235 0.8971
vn -0.1156 0.4269 0.8969
vn -0.1102 0.4243 0.8988
vn -0.1011 0.4172 0.9032
vn -0.0893 0.4014 0.9116
vn -0.0754 0.3735 0.9246
vn -0.0604 0.3312 0.9416
vn -0.0453 0.2735 0.9608
vn -0.0308 0.2019 0.9789
vn -0.0176 0.1208 0.9925
vn -0.0058 0.0373 0.9993
vn 0.0050 -0.0400 0.9992
vn 0.0141 -0.0999 0.9949
vn 0.0038 -0.1134 0.9935
vn -0.0069 -0.1110 0.9938
vn -0.0167 -0.0931 0.9955
vn -0.0242 -0.0618 0.9978
vn -0.0000 -0.0000 1.0000
vn -0.0000 -0.0000 1.0000
vn -0.0242 0.0618 0.9978
vn -0.0167 0.0931 0.9955
vn -0.0069 0.1110 0.9938
vn 0.0038 0.1134 0.9935
vn 0.0141 0.0999 0.9949
vn 0.0050 0.0400 0.9992
vn -0.0058 -0.0373 0.9993
vn -0.0176 -0.1208 0.9925
vn -0.0308 -0.2019 0.9789
vn -0.0453 -0.2735 0.9608
vn -0.0604 -0.3312 0.9416
vn -0.0754 -0.3735 0.9246
vn -0.0893 -0.4014 0.9116
vn -0.1011 -0.4172 0.9032
vn -0.1102 -0.4243 0.8988
vn -0.1156 -0.4269 0.8969
vn -0.1023 0.4306 0.8967
vn -0.0992 0.4290 0.8978
vn -0.0977 0.4226 0.9011
vn -0.0974 0.4074 0.9081
vn -0.0976 0.3802 0.9198
vn -0.0973 0.3387 0.9358
vn -0.0954 0.2823 0.9546
vn -0.0904 0.2122 0.9730
vn -0.0812 0.1329 0.9878
vn -0.0668 0.0515 0.9964
vn -0.0472 -0.0234 0.9986
vn -0.0228 -0.0838 0.9962
vn -0.0021 -0.1158 0.9933
vn 0.0038 -0.1134 0.9935
vn 0.0092 -0.0951 0.9954
vn 0.0133 -0.0632 0.9979
vn 0.0155 -0.0221 0.9996
vn 0.0155 0.0221 0.9996
vn 0.0133 0.0632 0.9979
vn 0.0092 0.0951 0.9954
vn 0.0038 0.1134 0.9935
vn -0.0021 0.1158 0.9933
vn -0.0228 0.0838 0.9962
vn -0.0472 0.0234 0.9986
vn -0.0668 -0.0515 0.9964
vn -0.0812 -0.1329 0.9878
vn -0.0904 -0.2122 0.9730
vn -0.0954 -0.2823 0.9546
vn -0.0973 -0.3387 0.9358
vn -0.0976 -0.3802 0.9198
vn -0.0974 -0.4074 0.9081
vn -0.0977 -0.4226 0.9011
vn -0.0992 -0.4290 0.8978
vn -0.1023 -0.4306 0.8967
vn -0.0916 0.4344 0.8961
vn -0.0912 0.4292 0.8986
vn -0.0971 0.4197 0.9024
vn -0.1080 0.4023 0.9091
vn -0.1216 0.3742 0.9193
vn -0.1353 0.3337 0.9329
vn -0.1458 0.2804 0.9488
vn -0.1499 0.2159 0.9649
vn -0.1449 0.1441 0.9789
vn -0.1293 0.0709 0.9891
vn -0.1029 0.0037 0.9947
vn -0.0675 -0.0508 0.9964
vn -0.0261 -0.0871 0.9959
vn 0.0141 -0.0999 0.9949
vn 0.0339 -0.0836 0.9959
vn 0.0489 -0.0555 0.9973
vn 0.0571 -0.0194 0.9982
vn 0.0571 0.0194 0.9982
vn 0.0489 0.0555 0.9973
vn 0.0339 0.0836 0.9959
vn 0.0141 0.0999 0.9949
vn -0.0261 0.0871 0.9959
vn -0.0675 0.0508 0.9964
vn -0.1029 -0.0037 0.9947
vn -0.1293 -0.0709 0.9891
vn -0.1449 -0.1441 0.9789
vn -0.1499 -0.2159 0.9649
vn -0.1458 -0.2804 0.9488
vn -0.1353 -0.3337 0.9329
vn -0.1216 -0.3742 0.9193
vn -0.1080 -0.4023 0.9091
vn -0.0971 -0.4197 0.9024
vn -0.0912 -0.4292 0.8986
vn -0.0916 -0.4344 0.8961
vn -0.0890 0.4379 0.8946
vn -0.0909 0.4254 0.9005
vn -0.1031 0.4093 0.9065
vn -0.1232 0.3872 0.9137
vn -0.1479 0.3569 0.9224
vn -0.1726 0.3174 0.9324
vn -0.1927 0.2691 0.9437
vn -0.2037 0.2135 0.9555
vn -0.2023 0.1537 0.9672
vn -0.1864 0.0939 0.9780
vn -0.1560 0.0388 0.9870
vn -0.1133 -0.0068 0.9935
vn -0.0626 -0.0389 0.9973
vn -0.0100 -0.0548 0.9984
vn 0.0379 -0.0543 0.9978
vn 0.0743 -0.0393 0.9965
vn 0.0903 -0.0140 0.9958
vn 0.0903 0.0140 0.9958
vn 0.0743 0.0393 0.9965
vn 0.0379 0.0543 0.9978
vn -0.0100 0.0548 0.9984
vn -0.0626 0.0389 0.9973
vn -0.1133 0.0068 0.9935
vn -0.1560 -0.0388 0.9870
vn -0.1864 -0.0939 0.9780
vn -0.2023 -0.1537 0.9672
vn -0.2037 -0.2135 0.9555
vn -0.1927 -0.2691 0.9437
vn -0.1726 -0.3174 0.9324
vn -0.1479 -0.3569 0.9224
vn -0.1232 -0.3872 0.9137
vn -0.1031 -0.4093 0.9065
vn -0.0909 -0.4254 0.9005
vn -0.0890 -0.4379 0.8946
vn -0.0989 0.4410 0.8921
vn -0.1024 0.4183 0.9025
vn -0.1188 0.3930 0.9118
vn -0.1450 0.3641 0.9200
vn -0.1765 0.3307 0.9271
vn -0.2078 0.2928 0.9333
vn -0.2333 0.2510 0.9395
vn -0.2480 0.2069 0.9464
vn -0.2486 0.1620 0.9550
vn -0.2331 0.1185 0.9652
vn -0.2014 0.0784 0.9764
vn -0.1559 0.0438 0.9868
vn -0.1011 0.0170 0.9947
vn -0.0439 -0.0008 0.9990
vn 0.0080 -0.0091 0.9999
vn 0.0472 -0.0092 0.9988
vn 0.0682 -0.0037 0.9977
vn 0.0682 0.0037 0.9977
vn 0.0472 0.0092 0.9988
vn 0.0080 0.0091 0.9999
vn -0.0439 0.0008 0.9990
vn -0.1011 -0.0170 0.9947
vn -0.1559 -0.0438 0.9868
vn -0.2014 -0.0784 0.9764
vn -0.2331 -0.1185 0.9652
vn -0.2486 -0.1620 0.9550
vn -0.2480 -0.2069 0.9464
vn -0.2333 -0.2510 0.9395
vn -0.2078 -0.2928 0.9333
vn -0.1765 -0.3307 0.9271
vn -0.1450 -0.3641 0.9200
vn -0.1188 -0.3930 0.9118
vn -0.1024 -0.4183 0.9025
vn -0.0989 -0.4410 0.8921
vn -0.1236 0.4434 0.8877
vn -0.1282 0.4091 0.9034
vn -0.1461 0.3732 0.9162
vn -0.1740 0.3364 0.9255
vn -0.2072 0.2997 0.9313
vn -0.2396 0.2639 0.9343
vn -0.2657 0.2299 0.9363
vn -0.2807 0.1984 0.9391
vn -0.2816 0.1695 0.9444
vn -0.2668 0.1430 0.9531
vn -0.2365 0.1185 0.9644
vn -0.1925 0.0958 0.9766
vn -0.1394 0.0746 0.9874
vn -0.0835 0.0551 0.9950
vn -0.0327 0.0375 0.9988
vn 0.0057 0.0216 0.9998
vn 0.0264 0.0070 0.9996
vn 0.0264 -0.0070 0.9996
vn 0.0057 -0.0216 0.9998
vn -0.0327 -0.0375 0.9988
vn -0.0835 -0.0551 0.9950
vn -0.1394 -0.0746 0.9874
vn -0.1925 -0.0958 0.9766
vn -0.2365 -0.1185 0.9644
vn -0.2668 -0.1430 0.9531
vn -0.2816 -0.1695 0.9444
vn -0.2807 -0.1984 0.9391
vn -0.2657 -0.2299 0.9363
vn -0.2396 -0.2639 0.9343
vn -0.2072 -0.2997 0.9313
vn -0.1740 -0.3364 0.9255
vn -0.1461 -0.3732 0.9162
vn -0.1282 -0.4091 0.9034
vn -0.1236 -0.4434 0.8877
vn -0.1632 0.4448 0.8807
vn -0.1684 0.3993 0.9012
vn -0.1849 0.3530 0.9172
vn -0.2100 0.3086 0.9277
vn -0.2393 0.2689 0.9330
vn -0.2674 0.2357 0.9343
vn -0.2894 0.2098 0.9339
vn -0.3016 0.1907 0.9342
vn -0.3013 0.1767 0.9370
vn -0.2875 0.1659 0.9433
vn -0.2605 0.1556 0.9529
vn -0.2221 0.1435 0.9644
vn -0.1761 0.1275 0.9761
vn -0.1278 0.1066 0.9861
vn -0.0837 0.0805 0.9932
vn -0.0502 0.0502 0.9975
vn -0.0321 0.0170 0.9993
vn -0.0321 -0.0170 0.9993
vn -0.0502 -0.0502 0.9975
vn -0.0837 -0.0805 0.9932
vn -0.1278 -0.1066 0.9861
vn -0.1761 -0.1275 0.9761
vn -0.2221 -0.1435 0.9644
vn -0.2605 -0.1556 0.9529
vn -0.2875 -0.1659 0.9433
vn -0.3013 -0.1767 0.9370
vn -0.3016 -0.1907 0.9342
vn -0.2894 -0.2098 0.9339
vn -0.2674 -0.2357 0.9343
vn -0.2393 -0.2689 0.9330
vn -0.2100 -0.3086 0.9277
vn -0.1849 -0.3530 0.9172
vn -0.1684 -0.3993 0.9012
vn -0.1632 -0.4448 0.8807
vn -0.2152 0.4443 0.8696
vn -0.2205 0.3902 0.8939
vn -0.2333 0.3356 0.9127
vn -0.2515 0.2854 0.9248
vn -0.2720 0.2439 0.9309
vn -0.2911 0.2135 0.9326
vn -0.3054 0.1947 0.9321
vn -0.3121 0.1859 0.9317
vn -0.3096 0.1842 0.9329
vn -0.2971 0.1857 0.9366
vn -0.2751 0.1864 0.9432
vn -0.2455 0.1822 0.9521
vn -0.2108 0.1700 0.9626
vn -0.1751 0.1478 0.9734
vn -0.1428 0.1152 0.9830
vn -0.1182 0.0733 0.9903
vn -0.1049 0.0252 0.9942
vn -0.1049 -0.0252 0.9942
vn -0.1182 -0.0733 0.9903
vn -0.1428 -0.1152 0.9830
vn -0.1751 -0.1478 0.9734
vn -0.2108 -0.1700 0.9626
vn -0.2455 -0.1822 0.9521
vn -0.2751 -0.1864 0.9432
vn -0.2971 -0.1857 0.9366
vn -0.3096 -0.1842 0.9329
vn -0.3121 -0.1859 0.9317
vn -0.3054 -0.1947 0.9321
vn -0.2911 -0.2135 0.9326
vn -0.2720 -0.2439 0.9309
vn -0.2515 -0.2854 0.9248
vn -0.2333 -0.3356 0.9127
vn -0.2205 -0.3902 0.8939
vn -0.2152 -0.4443 0.8696
vn -0.2748 0.4418 0.8540
vn -0.2798 0.3829 0.8804
vn -0.2872 0.3240 0.9014
vn -0.2960 0.2711 0.9159
vn -0.3047 0.2293 0.9244
vn -0.3117 0.2014 0.9286
vn -0.3156 0.1878 0.9301
vn -0.3151 0.1860 0.9307
vn -0.3095 0.1923 0.9312
vn -0.2988 0.2015 0.9328
vn -0.2834 0.2086 0.9361
vn -0.2646 0.2087 0.9415
vn -0.2441 0.1982 0.9493
vn -0.2241 0.1746 0.9588
vn -0.2066 0.1375 0.9687
vn -0.1935 0.0882 0.9771
vn -0.1865 0.0304 0.9820
vn -0.1865 -0.0304 0.9820
vn -0.1935 -0.0882 0.9771
vn -0.2066 -0.1375 0.9687
vn -0.2241 -0.1746 0.9588
vn -0.2441 -0.1982 0.9493
vn -0.2646 -0.2087 0.9415
vn -0.2834 -0.2086 0.9361
vn -0.2988 -0.2015 0.9328
vn -0.3095 -0.1923 0.9312
vn -0.3151 -0.1860 0.9307
vn -0.3156 -0.1878 0.9301
vn -0.3117 -0.2014 0.9286
vn -0.3047 -0.2293 0.9244
vn -0.2960 -0.2711 0.9159
vn -0.2872 -0.3240 0.9014
vn -0.2798 -0.3829 0.8804
vn -0.2748 -0.4418 0.8540
vn -0.3361 0.4374 0.8341
vn -0.3403 0.3784 0.8608
vn -0.3418 0.3201 0.8836
vn -0.3405 0.2683 0.9012
vn -0.3365 0.2280 0.9137
vn -0.3304 0.2022 0.9219
vn -0.3228 0.1909 0.9270
vn -0.3144 0.1920 0.9297
vn -0.3056 0.2009 0.9307
vn -0.2970 0.2123 0.9310
vn -0.2890 0.2208 0.9315
vn -0.2822 0.2213 0.9335
vn -0.2769 0.2101 0.9376
vn -0.2733 0.1850 0.9440
vn -0.2711 0.1456 0.9515
vn -0.2701 0.0934 0.9583
vn -0.2697 0.0322 0.9624
vn -0.2697 -0.0322 0.9624
vn -0.2701 -0.0934 0.9583
vn -0.2711 -0.1456 0.9515
vn -0.2733 -0.1850 0.9440
vn -0.2769 -0.2101 0.9376
vn -0.2822 -0.2213 0.9335
vn -0.2890 -0.2208 0.9315
vn -0.2970 -0.2123 0.9310
vn -0.3056 -0.2009 0.9307
vn -0.3144 -0.1920 0.9297
vn -0.3228 -0.1909 0.9270
vn -0.3304 -0.2022 0.9219
vn -0.3365 -0.2280 0.9137
vn -0.3405 -0.2683 0.9012
vn -0.3418 -0.3201 0.8836
vn -0.3403 -0.3784 0.8608
vn -0.3361 -0.4374 0.8341
vn -0.3933 0.4317 0.8117
vn -0.3962 0.3774 0.8370
vn -0.3923 0.3244 0.8607
vn -0.3820 0.2773 0.8816
vn -0.3667 0.2404 0.8987
vn -0.3486 0.2161 0.9120
vn -0.3304 0.2046 0.9214
vn -0.3145 0.2038 0.9271
vn -0.3029 0.2098 0.9296
vn -0.2967 0.2178 0.9298
vn -0.2963 0.2226 0.9288
vn -0.3012 0.2197 0.9279
vn -0.3101 0.2058 0.9282
vn -0.3213 0.1792 0.9299
vn -0.3326 0.1397 0.9327
vn -0.3418 0.0889 0.9356
vn -0.3469 0.0306 0.9374
vn -0.3469 -0.0306 0.9374
vn -0.3418 -0.0889 0.9356
vn -0.3326 -0.1397 0.9327
vn -0.3213 -0.1792 0.9299
vn -0.3101 -0.2058 0.9282
vn -0.3012 -0.2197 0.9279
vn -0.2963 -0.2226 0.9288
vn -0.2967 -0.2178 0.9298
vn -0.3029 -0.2098 0.9296
vn -0.3145 -0.2038 0.9271
vn -0.3304 -0.2046 0.9214
vn -0.3486 -0.2161 0.9120
vn -0.3667 -0.2404 0.8987
vn -0.3820 -0.2773 0.8816
vn -0.3923 -0.3244 0.8607
vn -0.3962 -0.3774 0.8370
vn -0.3933 -0.4317 0.8117
vn -0.4422 0.4260 0.7893
vn -0.4434 0.3801 0.8118
vn -0.4352 0.3360 0.8353
vn -0.4182 0.2966 0.8585
vn -0.3946 0.2645 0.8799
vn -0.3677 0.2413 0.8981
vn -0.3414 0.2271 0.9121
vn -0.3199 0.2205 0.9214
vn -0.3064 0.2187 0.9264
vn -0.3027 0.2181 0.9278
vn -0.3090 0.2147 0.9265
vn -0.3238 0.2051 0.9236
vn -0.3443 0.1870 0.9201
vn -0.3669 0.1591 0.9166
vn -0.3880 0.1218 0.9136
vn -0.4041 0.0766 0.9115
vn -0.4129 0.0261 0.9104
vn -0.4129 -0.0261 0.9104
vn -0.4041 -0.0766 0.9115
vn -0.3880 -0.1218 0.9136
vn -0.3669 -0.1591 0.9166
vn -0.3443 -0.1870 0.9201
vn -0.3238 -0.2051 0.9236
vn -0.3090 -0.2147 0.9265
vn -0.3027 -0.2181 0.9278
vn -0.3064 -0.2187 0.9264
vn -0.3199 -0.2205 0.9214
vn -0.3414 -0.2271 0.9121
vn -0.3677 -0.2413 0.8981
vn -0.3946 -0.2645 0.8799
vn -0.4182 -0.2966 0.8585
vn -0.4352 -0.3360 0.8353
vn -0.4434 -0.3801 0.8118
vn -0.4422 -0.4260 0.7893
vn -0.4806 0.4214 0.7691
vn -0.4797 0.3862 0.7878
vn -0.4686 0.3530 0.8099
vn -0.4479 0.3227 0.8338
vn -0.4200 0.2962 0.8578
vn -0.3885 0.2738 0.8799
vn -0.3581 0.2553 0.8981
vn -0.3340 0.2401 0.9115
vn -0.3202 0.2269 0.9198
vn -0.3190 0.2138 0.9234
vn -0.3302 0.1988 0.9227
vn -0.3517 0.1803 0.9186
vn -0.3795 0.1570 0.9118
vn -0.4087 0.1286 0.9035
vn -0.4350 0.0955 0.8953
vn -0.4546 0.0588 0.8887
vn -0.4650 0.0199 0.8851
vn -0.4650 -0.0199 0.8851
vn -0.4546 -0.0588 0.8887
vn -0.4350 -0.0955 0.8953
vn -0.4087 -0.1286 0.9035
vn -0.3795 -0.1570 0.9118
vn -0.3517 -0.1803 0.9186
vn -0.3302 -0.1988 0.9227
vn -0.3190 -0.2138 0.9234
vn -0.3202 -0.2269 0.9198
vn -0.3340 -0.2401 0.9115
vn -0.3581 -0.2553 0.8981
vn -0.3885 -0.2738 0.8799
vn -0.4200 -0.2962 0.8578
vn -0.4479 -0.3227 0.8338
vn -0.4686 -0.3530 0.8099
vn -0.4797 -0.3862 0.7878
vn -0.4806 -0.4214 0.7691
vn -0.5080 0.4186 0.7528
vn -0.5051 0.3949 0.7674
vn -0.4924 0.3728 0.7865
vn -0.4708 0.3516 0.8092
vn -0.4426 0.3304 0.8336
vn -0.4114 0.3083 0.8577
vn -0.3818 0.2849 0.8792
vn -0.3588 0.2600 0.8965
vn -0.3466 0.2336 0.9085
vn -0.3475 0.2061 0.9148
vn -0.3612 0.1779 0.9153
vn -0.3853 0.1492 0.9106
vn -0.4152 0.1207 0.9017
vn -0.4459 0.0926 0.8903
vn -0.4729 0.0652 0.8787
vn -0.4926 0.0387 0.8694
vn -0.5030 0.0128 0.8642
vn -0.5030 -0.0128 0.8642
vn -0.4926 -0.0387 0.8694
vn -0.4729 -0.0652 0.8787
vn -0.4459 -0.0926 0.8903
vn -0.4152 -0.1207 0.9017
vn -0.3853 -0.1492 0.9106
vn -0.3612 -0.1779 0.9153
vn -0.3475 -0.2061 0.9148
vn -0.3466 -0.2336 0.9085
vn -0.3588 -0.2600 0.8965
vn -0.3818 -0.2849 0.8792
vn -0.4114 -0.3083 0.8577
vn -0.4426 -0.3304 0.8336
vn -0.4708 -0.3516 0.8092
vn -0.4924 -0.3728 0.7865
vn -0.5051 -0.3949 0.7674
vn -0.5080 -0.4186 0.7528
vn 0.0000 0.0000 -1.0000
vn 0.0000 0.0000 -1.0000
vn 0.0000 0.0000 -1.0000
vn 0.0000 0.0000 -1.0000
vn 0.0000 0.0000 -1.0000
vn 0.0000 0.0000 -1.0000
vn 0.0000 0.0000 -1.0000
vn 0.0000 0.0000 -1.0000
vn 0.0000 0.0000 -1.0000
vn 0.0000 0.0000 -1.0000
vn 0.0000 0.0000 -1.0000
vn 0.0000 0.0000 -1.0000
vn 0.0000 0.0000 -1.0000
vn 0.0000 0.0000 -1.0000
vn 0.0000 0.0000 -1.0000
vn 0.0000 0.0000 -1.0000
vn 0.0000 0.0000 -1.0000
vn 0.0000 0.0000 -1.0000
vn 0.0000 0.0000 -1.0000
vn 0.0000 0.0000 -1.0000
vn 0.0000 0.0000 -1.0000
vn 0.0000 0.0000 -1.0000
vn 0.0000 0.0000 -1.0000
vn 0.0000 0.0000 -1.0000
vn 0.0000 0.0000 -1.0000
vn 0.0000 0.0000 -1.0000
vn 0.0000 0.0000 -1.0000
vn 0.0000 0.0000 -1.0000
vn 0.0000 0.0000 -1.0000
vn 0.0000 0.0000 -1.0000
vn 0.0000 0.0000 -1.0000
vn 0.0000 0.0000 -1.0000
vn 0.0000 0.0000 -1.0000
vn 0.0000 0.0000 -1.0000
vn 0.0000 0.0000 -1.0000
vn 0.0000 0.0000 -1.0000
vn 0.0000 0.0000 -1.0000
vn 0.0000 0.0000 -1.0000
vn 0.0000 0.0000 -1.0000
vn 0.0000 0.0000 -1.0000
vn 0.0000 0.0000 -1.0000
vn 0.0000 0.0000 -1.0000
vn 0.0000 0.0000 -1.0000
vn 0.0000 0.0000 -1.0000
vn 0.0000 0.0000 -1.0000
vn 0.0000 0.0000 -1.0000
vn 0.0000 0.0000 -1.0000
vn 0.0000 0.0000 -1.0000
vn 0.0000 0.0000 -1.0000
vn 0.0000 0.0000 -1.0000
vn 0.0000 0.0000 -1.0000
vn 0.0000 0.0000 -1.0000
vn 0.0000 0.0000 -1.0000
vn 0.0000 0.0000 -1.0000
vn 0.0000 0.0000 -1.0000
vn 0.0000 0.0000 -1.0000
vn 0.0000 0.0000 -1.0000
vn 0.0000 0.0000 -1.0000
vn 0.0000 0.0000 -1.0000
vn 0.0000 0.0000 -1.0000
vn 0.0000 0.0000 -1.0000
vn 0.0000 0.0000 -1.0000
vn 0.0000 0.0000 -1.0000
vn 0.0000 0.0000 -1.0000
vn 0.0000 0.0000 -1.0000
vn 0.0000 0.0000 -1.0000
vn 0.0000 0.0000 -1.0000
vn 0.0000 0.0000 -1.0000
vn 0.0000 0.0000 -1.0000
vn 0.0000 0.0000 -1.0000
vn 0.0000 0.0000 -1.0000
vn 0.0000 0.0000 -1.0000
vn 0.0000 0.0000 -1.0000
vn 0.0000 0.0000 -1.0000
vn 0.0000 0.0000 -1.0000
vn 0.0000 0.0000 -1.0000
vn 0.0000 0.0000 -1.0000
vn 0.0000 0.0000 -1.0000
vn 0.0000 0.0000 -1.0000
vn 0.0000 0.0000 -1.0000
vn 0.0000 0.0000 -1.0000
vn 0.0000 0.0000 -1.0000
vn 0.0000 0.0000 -1.0000
vn 0.0000 0.0000 -1.0000
vn 0.0000 0.0000 -1.0000
vn 0.0000 0.0000 -1.0000
vn 0.0000 0.0000 -1.0000
vn 0.0000 0.0000 -1.0000
vn 0.0000 0.0000 -1.0000
vn 0.0000 0.0000 -1.0000
vn 0.0000 0.0000 -1.0000
vn 0.0000 0.0000 -1.0000
vn 0.0000 0.0000 -1.0000
vn 0.0000 0.0000 -1.0000
vn 0.0000 0.0000 -1.0000
vn 0.0000 0.0000 -1.0000
vn 0.0000 0.0000 -1.0000
vn 0.0000 0.0000 -1.0000
vn 0.0000 0.0000 -1.0000
vn 0.0000 0.0000 -1.0000
vn 0.0000 0.0000 -1.0000
vn 0.0000 0.0000 -1.0000
vn 0.0000 0.0000 -1.0000
vn 0.0000 0.0000 -1.0000
vn 0.0000 0.0000 -1.0000
vn 0.0000 0.0000 -1.0000
vn 0.0000 0.0000 -1.0000
vn 0.0000 0.0000 -1.0000
vn 0.0000 0.0000 -1.0000
vn 0.0000 0.0000 -1.0000
vn 0.0000 0.0000 -1.0000
vn 0.0000 0.0000 -1.0000
vn 0.0000 0.0000 -1.0000
vn 0.0000 0.0000 -1.0000
vn 0.0000 0.0000 -1.0000
vn 0.0000 0.0000 -1.0000
vn 0.0000 0.0000 -1.0000
vn 0.0000 0.0000 -1.0000
vn 0.0000 0.0000 -1.0000
vn 0.0000 0.0000 -1.0000
vn 0.0000 0.0000 -1.0000
vn 0.0000 0.0000 -1.0000
vn 0.0000 0.0000 -1.0000
vn 0.0000 0.0000 -1.0000
vn 0.0000 0.0000 -1.0000
vn 0.0000 0.0000 -1.0000
vn 0.0000 0.0000 -1.0000
vn 0.0000 0.0000 -1.0000
vn 0.0000 0.0000 -1.0000
vn 0.0000 0.0000 -1.0000
vn 0.0000 0.0000 -1.0000
vn 0.0000 0.0000 -1.0000
vn 0.0000 0.0000 -1.0000
vn 0.0000 0.0000 -1.0000
vn 0.0000 0.0000 -1.0000
vn 0.0000 0.0000 -1.0000
vn 0.0000 0.0000 -1.0000
vn 0.0000 0.0000 -1.0000
vn 0.0000 0.0000 -1.0000
vn 0.0000 0.0000 -1.0000
vn 0.0000 0.0000 -1.0000
vn 0.0000 0.0000 -1.0000
vn 0.0000 0.0000 -1.0000
vn 0.0000 0.0000 -1.0000
vn 0.0000 0.0000 -1.0000
vn 0.0000 0.0000 -1.0000
vn 0.0000 0.0000 -1.0000
vn 0.0000 0.0000 -1.0000
vn 0.0000 0.0000 -1.0000
vn 0.0000 0.0000 -1.0000
vn 0.0000 0.0000 -1.0000
vn 0.0000 0.0000 -1.0000
vn 0.0000 0.0000 -1.0000
vn 0.0000 0.0000 -1.0000
vn 0.0000 0.0000 -1.0000
vn 0.0000 0.0000 -1.0000
vn 0.0000 0.0000 -1.0000
vn 0.0000 0.0000 -1.0000
vn 0.0000 0.0000 -1.0000
vn 0.0000 0.0000 -1.0000
vn 0.0000 0.0000 -1.0000
vn 0.0000 0.0000 -1.0000
vn 0.0000 0.0000 -1.0000
vn 0.0000 0.0000 -1.0000
vn 0.0000 0.0000 -1.0000
vn 0.0000 0.0000 -1.0000
vn 0.0000 0.0000 -1.0000
vn 0.0000 0.0000 -1.0000
vn 0.0000 0.0000 -1.0000
vn 0.0000 0.0000 -1.0000
vn 0.0000 0.0000 -1.0000
vn 0.0000 0.0000 -1.0000
vn 0.0000 0.0000 -1.0000
vn 0.0000 0.0000 -1.0000
vn 0.0000 0.0000 -1.0000
vn 0.0000 0.0000 -1.0000
vn 0.0000 0.0000 -1.0000
vn 0.0000 0.0000 -1.0000
vn 0.0000 0.0000 -1.0000
vn 0.0000 0.0000 -1.0000
vn 0.0000 0.0000 -1.0000
vn 0.0000 0.0000 -1.0000
vn 0.0000 0.0000 -1.0000
vn 0.0000 0.0000 -1.0000
vn 0.0000 0.0000 -1.0000
vn 0.0000 0.0000 -1.0000
vn 0.0000 0.0000 -1.0000
vn 0.0000 0.0000 -1.0000
vn 0.0000 0.0000 -1.0000
vn 0.0000 0.0000 -1.0000
vn 0.0000 0.0000 -1.0000
vn 0.0000 0.0000 -1.0000
vn 0.0000 0.0000 -1.0000
vn 0.0000 0.0000 -1.0000
vn 0.0000 0.0000 -1.0000
vn 0.0000 0.0000 -1.0000
vn 0.0000 0.0000 -1.0000
vn 0.0000 0.0000 -1.0000
vn 0.0000 0.0000 -1.0000
vn 0.0000 0.0000 -1.0000
vn 0.0000 0.0000 -1.0000
vn 0.0000 0.0000 -1.0000
vn 0.0000 0.0000 -1.0000
vn 0.0000 0.0000 -1.0000
vn 0.0000 0.0000 -1.0000
vn 0.0000 0.0000 -1.0000
vn 0.0000 0.0000 -1.0000
vn 0.0000 0.0000 -1.0000
vn 0.0000 0.0000 -1.0000
vn 0.0000 0.0000 -1.0000
vn 0.0000 0.0000 -1.0000
vn 0.0000 0.0000 -1.0000
vn 0.0000 0.0000 -1.0000
vn 0.0000 0.0000 -1.0000
vn 0.0000 0.0000 -1.0000
vn 0.0000 0.0000 -1.0000
vn 0.0000 0.0000 -1.0000
vn 0.0000 0.0000 -1.0000
vn 0.0000 0.0000 -1.0000
vn 0.0000 0.0000 -1.0000
vn 0.0000 0.0000 -1.0000
vn 0.0000 0.0000 -1.0000
vn 0.0000 0.0000 -1.0000
vn 0.0000 0.0000 -1.0000
vn 0.0000 0.0000 -1.0000
vn 0.0000 0.0000 -1.0000
vn 0.0000 0.0000 -1.0000
vn 0.0000 0.0000 -1.0000
vn 0.0000 0.0000 -1.0000
vn 0.0000 0.0000 -1.0000
vn 0.0000 0.0000 -1.0000
vn 0.0000 0.0000 -1.0000
vn 0.0000 0.0000 -1.0000
vn 0.0000 0.0000 -1.0000
vn 0.0000 0.0000 -1.0000
vn 0.0000 0.0000 -1.0000
vn 0.0000 0.0000 -1.0000
vn 0.0000 0.0000 -1.0000
vn 0.0000 0.0000 -1.0000
vn 0.0000 0.0000 -1.0000
vn 0.0000 0.0000 -1.0000
vn 0.0000 0.0000 -1.0000
vn 0.0000 0.0000 -1.0000
vn 0.0000 0.0000 -1.0000
vn 0.0000 0.0000 -1.0000
vn 0.0000 0.0000 -1.0000
vn 0.0000 0.0000 -1.0000
vn 0.0000 0.0000 -1.0000
vn 0.0000 0.0000 -1.0000
vn 0.0000 0.0000 -1.0000
vn 0.0000 0.0000 -1.0000
vn 0.0000 0.0000 -1.0000
vn 0.0000 0.0000 -1.0000
vn 0.0000 0.0000 -1.0000
vn 0.0000 0.0000 -1.0000
vn 0.0000 0.0000 -1.0000
vn 0.0000 0.0000 -1.0000
vn 0.0000 0.0000 -1.0000
vn 0.0000 0.0000 -1.0000
vn 0.0000 0.0000 -1.0000
vn 0.0000 0.0000 -1.0000
vn 0.0000 0.0000 -1.0000
vn 0.0000 0.0000 -1.0000
vn 0.0000 0.0000 -1.0000
vn 0.0000 0.0000 -1.0000
vn 0.0000 0.0000 -1.0000
vn 0.0000 0.0000 -1.0000
vn 0.0000 0.0000 -1.0000
vn 0.0000 0.0000 -1.0000
vn 0.0000 0.0000 -1.0000
vn 0.0000 0.0000 -1.0000
vn 0.0000 0.0000 -1.0000
vn 0.0000 0.0000 -1.0000
vn 0.0000 0.0000 -1.0000
vn 0.0000 0.0000 -1.0000
vn 0.0000 0.0000 -1.0000
vn 0.0000 0.0000 -1.0000
vn 0.0000 0.0000 -1.0000
vn 0.0000 0.0000 -1.0000
vn 0.0000 0.0000 -1.0000
vn 0.0000 0.0000 -1.0000
vn 0.0000 0.0000 -1.0000
vn 0.0000 0.0000 -1.0000
vn 0.0000 0.0000 -1.0000
vn 0.0000 0.0000 -1.0000
vn 0.0000 0.0000 -1.0000
vn 0.0000 0.0000 -1.0000
vn 0.0000 0.0000 -1.0000
vn 0.0000 0.0000 -1.0000
vn 0.0000 0.0000 -1.0000
vn 0.0000 0.0000 -1.0000
vn 0.0000 0.0000 -1.0000
vn 0.0000 0.0000 -1.0000
vn 0.0000 0.0000 -1.0000
vn 0.0000 0.0000 -1.0000
vn 0.0000 0.0000 -1.0000
vn 0.0000 0.0000 -1.0000
vn 0.0000 0.0000 -1.0000
vn 0.0000 0.0000 -1.0000
vn 0.0000 0.0000 -1.0000
vn 0.0000 0.0000 -1.0000
vn 0.0000 0.0000 -1.0000
vn 0.0000 0.0000 -1.0000
vn 0.0000 0.0000 -1.0000
vn 0.0000 0.0000 -1.0000
vn 0.0000 0.0000 -1.0000
vn 0.0000 0.0000 -1.0000
vn 0.0000 0.0000 -1.0000
vn 0.0000 0.0000 -1.0000
vn 0.0000 0.0000 -1.0000
vn 0.0000 0.0000 -1.0000
vn 0.0000 0.0000 -1.0000
vn 0.0000 0.0000 -1.0000
vn 0.0000 0.0000 -1.0000
vn 0.0000 0.0000 -1.0000
vn 0.0000 0.0000 -1.0000
vn 0.0000 0.0000 -1.0000
vn 0.0000 0.0000 -1.0000
vn 0.0000 0.0000 -1.0000
vn 0.0000 0.0000 -1.0000
vn 0.0000 0.0000 -1.0000
vn 0.0000 0.0000 -1.0000
vn 0.0000 0.0000 -1.0000
vn 0.0000 0.0000 -1.0000
vn 0.0000 0.0000 -1.0000
vn 0.0000 0.0000 -1.0000
vn 0.0000 0.0000 -1.0000
vn 0.0000 0.0000 -1.0000
vn 0.0000 0.0000 -1.0000
vn 0.0000 0.0000 -1.0000
vn 0.0000 0.0000 -1.0000
vn 0.0000 0.0000 -1.0000
vn 0.0000 0.0000 -1.0000
vn 0.0000 0.0000 -1.0000
vn 0.0000 0.0000 -1.0000
vn 0.0000 0.0000 -1.0000
vn 0.0000 0.0000 -1.0000
vn 0.0000 0.0000 -1.0000
vn 0.0000 0.0000 -1.0000
vn 0.0000 0.0000 -1.0000
vn 0.0000 0.0000 -1.0000
vn 0.0000 0.0000 -1.0000
vn 0.0000 0.0000 -1.0000
vn 0.0000 0.0000 -1.0000
vn 0.0000 0.0000 -1.0000
vn 0.0000 0.0000 -1.0000
vn 0.0000 0.0000 -1.0000
vn 0.0000 0.0000 -1.0000
vn 0.0000 0.0000 -1.0000
vn 0.0000 0.0000 -1.0000
vn 0.0000 0.0000 -1.0000
vn 0.0000 0.0000 -1.0000
vn 0.0000 0.0000 -1.0000
vn 0.0000 0.0000 -1.0000
vn 0.0000 0.0000 -1.0000
vn 0.0000 0.0000 -1.0000
vn 0.0000 0.0000 -1.0000
vn 0.0000 0.0000 -1.0000
vn 0.0000 0.0000 -1.0000
vn 0.0000 0.0000 -1.0000
vn 0.0000 0.0000 -1.0000
vn 0.0000 0.0000 -1.0000
vn 0.0000 0.0000 -1.0000
vn 0.0000 0.0000 -1.0000
vn 0.0000 0.0000 -1.0000
vn 0.0000 0.0000 -1.0000
vn 0.0000 0.0000 -1.0000
vn 0.0000 0.0000 -1.0000
vn 0.0000 0.0000 -1.0000
vn 0.0000 0.0000 -1.0000
vn 0.0000 0.0000 -1.0000
vn 0.0000 0.0000 -1.0000
vn 0.0000 0.0000 -1.0000
vn 0.0000 0.0000 -1.0000
vn 0.0000 0.0000 -1.0000
vn 0.0000 0.0000 -1.0000
vn 0.0000 0.0000 -1.0000
vn 0.0000 0.0000 -1.0000
vn 0.0000 0.0000 -1.0000
vn 0.0000 0.0000 -1.0000
vn 0.0000 0.0000 -1.0000
vn 0.0000 0.0000 -1.0000
vn 0.0000 0.0000 -1.0000
vn 0.0000 0.0000 -1.0000
vn 0.0000 0.0000 -1.0000
vn 0.0000 0.0000 -1.0000
vn 0.0000 0.0000 -1.0000
vn 0.0000 0.0000 -1.0000
vn 0.0000 0.0000 -1.0000
vn 0.0000 0.0000 -1.0000
vn 0.0000 0.0000 -1.0000
vn 0.0000 0.0000 -1.0000
vn 0.0000 0.0000 -1.0000
vn 0.0000 0.0000 -1.0000
vn 0.0000 0.0000 -1.0000
vn 0.0000 0.0000 -1.0000
vn 0.0000 0.0000 -1.0000
vn 0.0000 0.0000 -1.0000
vn 0.0000 0.0000 -1.0000
vn 0.0000 0.0000 -1.0000
vn 0.0000 0.0000 -1.0000
vn 0.0000 0.0000 -1.0000
vn 0.0000 0.0000 -1.0000
vn 0.0000 0.0000 -1.0000
vn 0.0000 0.0000 -1.0000
vn 0.0000 0.0000 -1.0000
vn 0.0000 0.0000 -1.0000
vn 0.0000 0.0000 -1.0000
vn 0.0000 0.0000 -1.0000
vn 0.0000 0.0000 -1.0000
vn 0.0000 0.0000 -1.0000
vn 0.0000 0.0000 -1.0000
vn 0.0000 0.0000 -1.0000
vn 0.0000 0.0000 -1.0000
vn 0.0000 0.0000 -1.0000
vn 0.0000 0.0000 -1.0000
vn 0.0000 0.0000 -1.0000
vn 0.0000 0.0000 -1.0000
vn 0.0000 0.0000 -1.0000
vn 0.0000 0.0000 -1.0000
vn 0.0000 0.0000 -1.0000
vn 0.0000 0.0000 -1.0000
vn 0.0000 0.0000 -1.0000
vn 0.0000 0.0000 -1.0000
vn 0.0000 0.0000 -1.0000
vn 0.0000 0.0000 -1.0000
vn 0.0000 0.0000 -1.0000
vn 0.0000 0.0000 -1.0000
vn 0.0000 0.0000 -1.0000
vn 0.0000 0.0000 -1.0000
vn 0.0000 0.0000 -1.0000
vn 0.0000 0.0000 -1.0000
vn 0.0000 0.0000 -1.0000
vn 0.0000 0.0000 -1.0000
vn 0.0000 0.0000 -1.0000
vn 0.0000 0.0000 -1.0000
vn 0.0000 0.0000 -1.0000
vn 0.0000 0.0000 -1.0000
vn 0.0000 0.0000 -1.0000
vn 0.0000 0.0000 -1.0000
vn 0.0000 0.0000 -1.0000
vn 0.0000 0.0000 -1.0000
vn 0.0000 0.0000 -1.0000
vn 0.0000 0.0000 -1.0000
vn 0.0000 0.0000 -1.0000
vn 0.0000 0.0000 -1.0000
vn 0.0000 0.0000 -1.0000
vn 0.0000 0.0000 -1.0000
vn 0.0000 0.0000 -1.0000
vn 0.0000 0.0000 -1.0000
vn 0.0000 0.0000 -1.0000
vn 0.0000 0.0000 -1.0000
vn 0.0000 0.0000 -1.0000
vn 0.0000 0.0000 -1.0000
vn 0.0000 0.0000 -1.0000
vn 0.0000 0.0000 -1.0000
vn 0.0000 0.0000 -1.0000
vn 0.0000 0.0000 -1.0000
vn 0.0000 0.0000 -1.0000
vn 0.0000 0.0000 -1.0000
vn 0.0000 0.0000 -1.0000
vn 0.0000 0.0000 -1.0000
vn 0.0000 0.0000 -1.0000
vn 0.0000 0.0000 -1.0000
vn 0.0000 0.0000 -1.0000
vn 0.0000 0.0000 -1.0000
vn 0.0000 0.0000 -1.0000
vn 0.0000 0.0000 -1.0000
vn 0.0000 0.0000 -1.0000
vn 0.0000 0.0000 -1.0000
vn 0.0000 0.0000 -1.0000
vn 0.0000 0.0000 -1.0000
vn 0.0000 0.0000 -1.0000
vn 0.0000 0.0000 -1.0000
vn 0.0000 0.0000 -1.0000
vn 0.0000 0.0000 -1.0000
vn 0.0000 0.0000 -1.0000
vn 0.0000 0.0000 -1.0000
vn 0.0000 0.0000 -1.0000
vn 0.0000 0.0000 -1.0000
vn 0.0000 0.0000 -1.0000
vn 0.0000 0.0000 -1.0000
vn 0.0000 0.0000 -1.0000
vn 0.0000 0.0000 -1.0000
vn 0.0000 0.0000 -1.0000
vn 0.0000 0.0000 -1.0000
vn 0.0000 0.0000 -1.0000
vn 0.0000 0.0000 -1.0000
vn 0.0000 0.0000 -1.0000
vn 0.0000 0.0000 -1.0000
vn 0.0000 0.0000 -1.0000
vn 0.0000 0.0000 -1.0000
vn 0.0000 0.0000 -1.0000
vn 0.0000 0.0000 -1.0000
vn 0.0000 0.0000 -1.0000
vn 0.0000 0.0000 -1.0000
vn 0.0000 0.0000 -1.0000
vn 0.0000 0.0000 -1.0000
vn 0.0000 0.0000 -1.0000
vn 0.0000 0.0000 -1.0000
vn 0.0000 0.0000 -1.0000
vn 0.0000 0.0000 -1.0000
vn 0.0000 0.0000 -1.0000
vn 0.0000 0.0000 -1.0000
vn 0.0000 0.0000 -1.0000
vn 0.0000 0.0000 -1.0000
vn 0.0000 0.0000 -1.0000
vn 0.0000 0.0000 -1.0000
vn 0.0000 0.0000 -1.0000
vn 0.0000 0.0000 -1.0000
vn 0.0000 0.0000 -1.0000
vn 0.0000 0.0000 -1.0000
vn 0.0000 0.0000 -1.0000
vn 0.0000 0.0000 -1.0000
vn 0.0000 0.0000 -1.0000
vn 0.0000 0.0000 -1.0000
vn 0.0000 0.0000 -1.0000
vn 0.0000 0.0000 -1.0000
vn 0.0000 0.0000 -1.0000
vn 0.0000 0.0000 -1.0000
vn 0.0000 0.0000 -1.0000
vn 0.0000 0.0000 -1.0000
vn 0.0000 0.0000 -1.0000
vn 0.0000 0.0000 -1.0000
vn 0.0000 0.0000 -1.0000
vn 0.0000 0.0000 -1.0000
vn 0.0000 0.0000 -1.0000
vn 0.0000 0.0000 -1.0000
vn 0.0000 0.0000 -1.0000
vn 0.0000 0.0000 -1.0000
vn 0.0000 0.0000 -1.0000
vn 0.0000 0.0000 -1.0000
vn 0.0000 0.0000 -1.0000
vn 0.0000 0.0000 -1.0000
vn 0.0000 0.0000 -1.0000
vn 0.0000 0.0000 -1.0000
vn 0.0000 0.0000 -1.0000
vn 0.0000 0.0000 -1.0000
vn 0.0000 0.0000 -1.0000
vn 0.0000 0.0000 -1.0000
vn 0.0000 0.0000 -1.0000
vn 0.0000 0.0000 -1.0000
vn 0.0000 0.0000 -1.0000
vn 0.0000 0.0000 -1.0000
vn 0.0000 0.0000 -1.0000
vn 0.0000 0.0000 -1.0000
vn 0.0000 0.0000 -1.0000
vn 0.0000 0.0000 -1.0000
vn 0.0000 0.0000 -1.0000
vn 0.0000 0.0000 -1.0000
vn 0.0000 0.0000 -1.0000
vn 0.0000 0.0000 -1.0000
vn 0.0000 0.0000 -1.0000
vn 0.0000 0.0000 -1.0000
vn 0.0000 0.0000 -1.0000
vn 0.0000 0.0000 -1.0000
vn 0.0000 0.0000 -1.0000
vn 0.0000 0.0000 -1.0000
vn 0.0000 0.0000 -1.0000
vn 0.0000 0.0000 -1.0000
vn 0.0000 0.0000 -1.0000
vn 0.0000 0.0000 -1.0000
vn 0.0000 0.0000 -1.0000
vn 0.0000 0.0000 -1.0000
vn 0.0000 0.0000 -1.0000
vn 0.0000 0.0000 -1.0000
vn 0.0000 0.0000 -1.0000
vn 0.0000 0.0000 -1.0000
vn 0.0000 0.0000 -1.0000
vn 0.0000 0.0000 -1.0000
vn 0.0000 0.0000 -1.0000
vn 0.0000 0.0000 -1.0000
vn 0.0000 0.0000 -1.0000
vn 0.0000 0.0000 -1.0000
vn 0.0000 0.0000 -1.0000
vn 0.0000 0.0000 -1.0000
vn 0.0000 0.0000 -1.0000
vn 0.0000 0.0000 -1.0000
vn 0.0000 0.0000 -1.0000
vn 0.0000 0.0000 -1.0000
vn 0.0000 0.0000 -1.0000
vn 0.0000 0.0000 -1.0000
vn 0.0000 0.0000 -1.0000
vn 0.0000 0.0000 -1.0000
vn 0.0000 0.0000 -1.0000
vn 0.0000 0.0000 -1.0000
vn 0.0000 0.0000 -1.0000
vn 0.0000 0.0000 -1.0000
vn 0.0000 0.0000 -1.0000
vn 0.0000 0.0000 -1.0000
vn 0.0000 0.0000 -1.0000
vn 0.0000 0.0000 -1.0000
vn 0.0000 0.0000 -1.0000
vn 0.0000 0.0000 -1.0000
vn 0.0000 0.0000 -1.0000
vn 0.0000 0.0000 -1.0000
vn 0.0000 0.0000 -1.0000
vn 0.0000 0.0000 -1.0000
vn 0.0000 0.0000 -1.0000
vn 0.0000 0.0000 -1.0000
vn 0.0000 0.0000 -1.0000
vn 0.0000 0.0000 -1.0000
vn 0.0000 0.0000 -1.0000
vn 0.0000 0.0000 -1.0000
vn 0.0000 0.0000 -1.0000
vn 0.0000 0.0000 -1.0000
vn 0.0000 0.0000 -1.0000
vn 0.0000 0.0000 -1.0000
vn 0.0000 0.0000 -1.0000
vn 0.0000 0.0000 -1.0000
vn 0.0000 0.0000 -1.0000
vn 0.0000 0.0000 -1.0000
vn 0.0000 0.0000 -1.0000
vn 0.0000 0.0000 -1.0000
vn 0.0000 0.0000 -1.0000
vn 0.0000 0.0000 -1.0000
vn 0.0000 0.0000 -1.0000
vn 0.0000 0.0000 -1.0000
vn 0.0000 0.0000 -1.0000
vn 0.0000 0.0000 -1.0000
vn 0.0000 0.0000 -1.0000
vn 0.0000 0.0000 -1.0000
vn 0.0000 0.0000 -1.0000
vn 0.0000 0.0000 -1.0000
vn 0.0000 0.0000 -1.0000
vn 0.0000 0.0000 -1.0000
vn 0.0000 0.0000 -1.0000
vn 0.0000 0.0000 -1.0000
vn 0.0000 0.0000 -1.0000
vn 0.0000 0.0000 -1.0000
vn 0.0000 0.0000 -1.0000
vn 0.0000 0.0000 -1.0000
vn 0.0000 0.0000 -1.0000
vn 0.0000 0.0000 -1.0000
vn 0.0000 0.0000 -1.0000
vn 0.0000 0.0000 -1.0000
vn 0.0000 0.0000 -1.0000
vn 0.0000 0.0000 -1.0000
vn 0.0000 0.0000 -1.0000
vn 0.0000 0.0000 -1.0000
vn 0.0000 0.0000 -1.0000
vn 0.0000 0.0000 -1.0000
vn 0.0000 0.0000 -1.0000
vn 0.0000 0.0000 -1.0000
vn 0.0000 0.0000 -1.0000
vn 0.0000 0.0000 -1.0000
vn 0.0000 0.0000 -1.0000
vn 0.0000 0.0000 -1.0000
vn 0.0000 0.0000 -1.0000
vn 0.0000 0.0000 -1.0000
vn 0.0000 0.0000 -1.0000
vn 0.0000 0.0000 -1.0000
vn 0.0000 0.0000 -1.0000
vn 0.0000 0.0000 -1.0000
vn 0.0000 0.0000 -1.0000
vn 0.0000 0.0000 -1.0000
vn 0.0000 0.0000 -1.0000
vn 0.0000 0.0000 -1.0000
vn 0.0000 0.0000 -1.0000
vn 0.0000 0.0000 -1.0000
vn 0.0000 0.0000 -1.0000
vn 0.0000 0.0000 -1.0000
vn 0.0000 0.0000 -1.0000
vn 0.0000 0.0000 -1.0000
vn 0.0000 0.0000 -1.0000
vn 0.0000 0.0000 -1.0000
vn 0.0000 0.0000 -1.0000
vn 0.0000 0.0000 -1.0000
vn 0.0000 0.0000 -1.0000
vn 0.0000 0.0000 -1.0000
vn 0.0000 0.0000 -1.0000
vn 0.0000 0.0000 -1.0000
vn 0.0000 0.0000 -1.0000
vn 0.0000 0.0000 -1.0000
vn 0.0000 0.0000 -1.0000
vn 0.0000 0.0000 -1.0000
vn 0.0000 0.0000 -1.0000
vn 0.0000 0.0000 -1.0000
vn 0.0000 0.0000 -1.0000
vn 0.0000 0.0000 -1.0000
vn 0.0000 0.0000 -1.0000
vn 0.0000 0.0000 -1.0000
vn 0.0000 0.0000 -1.0000
vn 0.0000 0.0000 -1.0000
vn 0.0000 0.0000 -1.0000
vn 0.0000 0.0000 -1.0000
vn 0.0000 0.0000 -1.0000
vn 0.0000 0.0000 -1.0000
vn 0.0000 0.0000 -1.0000
vn 0.0000 0.0000 -1.0000
vn 0.0000 0.0000 -1.0000
vn 0.0000 0.0000 -1.0000
vn 0.0000 0.0000 -1.0000
vn 0.0000 0.0000 -1.0000
vn 0.0000 0.0000 -1.0000
vn 0.0000 0.0000 -1.0000
vn 0.0000 0.0000 -1.0000
vn 0.0000 0.0000 -1.0000
vn 0.0000 0.0000 -1.0000
vn 0.0000 0.0000 -1.0000
vn 0.0000 0.0000 -1.0000
vn 0.0000 0.0000 -1.0000
vn 0.0000 0.0000 -1.0000
vn 0.0000 0.0000 -1.0000
vn 0.0000 0.0000 -1.0000
vn 0.0000 0.0000 -1.0000
vn 0.0000 0.0000 -1.0000
vn 0.0000 0.0000 -1.0000
vn 0.0000 0.0000 -1.0000
vn 0.0000 0.0000 -1.0000
vn 0.0000 0.0000 -1.0000
vn 0.0000 0.0000 -1.0000
vn 0.0000 0.0000 -1.0000
vn 0.0000 0.0000 -1.0000
vn 0.0000 0.0000 -1.0000
vn 0.0000 0.0000 -1.0000
vn 0.0000 0.0000 -1.0000
vn 0.0000 0.0000 -1.0000
vn 0.0000 0.0000 -1.0000
vn 0.0000 0.0000 -1.0000
vn 0.0000 0.0000 -1.0000
vn 0.0000 0.0000 -1.0000
vn 0.0000 0.0000 -1.0000
vn 0.0000 0.0000 -1.0000
vn 0.0000 0.0000 -1.0000
vn 0.0000 0.0000 -1.0000
vn 0.0000 0.0000 -1.0000
vn 0.0000 0.0000 -1.0000
vn 0.0000 0.0000 -1.0000
vn 0.0000 0.0000 -1.0000
vn 0.0000 0.0000 -1.0000
vn 0.0000 0.0000 -1.0000
vn 0.0000 0.0000 -1.0000
vn 0.0000 0.0000 -1.0000
vn 0.0000 0.0000 -1.0000
vn 0.0000 0.0000 -1.0000
vn 0.0000 0.0000 -1.0000
vn 0.0000 0.0000 -1.0000
vn 0.0000 0.0000 -1.0000
vn 0.0000 0.0000 -1.0000
vn 0.0000 0.0000 -1.0000
vn 0.0000 0.0000 -1.0000
vn 0.0000 0.0000 -1.0000
vn 0.0000 0.0000 -1.0000
vn 0.0000 0.0000 -1.0000
vn 0.0000 0.0000 -1.0000
vn 0.0000 0.0000 -1.0000
vn 0.0000 0.0000 -1.0000
vn 0.0000 0.0000 -1.0000
vn 0.0000 0.0000 -1.0000
vn 0.0000 0.0000 -1.0000
vn 0.0000 0.0000 -1.0000
vn 0.0000 0.0000 -1.0000
vn 0.0000 0.0000 -1.0000
vn 0.0000 0.0000 -1.0000
vn 0.0000 0.0000 -1.0000
vn 0.0000 0.0000 -1.0000
vn 0.0000 0.0000 -1.0000
vn 0.0000 0.0000 -1.0000
vn 0.0000 0.0000 -1.0000
vn 0.0000 0.0000 -1.0000
vn 0.0000 0.0000 -1.0000
vn 0.0000 0.0000 -1.0000
vn 0.0000 0.0000 -1.0000
vn 0.0000 0.0000 -1.0000
vn 0.0000 0.0000 -1.0000
vn 0.0000 0.0000 -1.0000
vn 0.0000 0.0000 -1.0000
vn 0.0000 0.0000 -1.0000
vn 0.0000 0.0000 -1.0000
vn 0.0000 0.0000 -1.0000
vn 0.0000 0.0000 -1.0000
vn 0.0000 0.0000 -1.0000
vn 0.0000 0.0000 -1.0000
vn 0.0000 0.0000 -1.0000
vn 0.0000 0.0000 -1.0000
vn 0.0000 0.0000 -1.0000
vn 0.0000 0.0000 -1.0000
vn 0.0000 0.0000 -1.0000
vn 0.0000 0.0000 -1.0000
vn 0.0000 0.0000 -1.0000
vn 0.0000 0.0000 -1.0000
vn 0.0000 0.0000 -1.0000
vn 0.0000 0.0000 -1.0000
vn 0.0000 0.0000 -1.0000
vn 0.0000 0.0000 -1.0000
vn 0.0000 0.0000 -1.0000
vn 0.0000 0.0000 -1.0000
vn 0.0000 0.0000 -1.0000
vn 0.0000 0.0000 -1.0000
vn 0.0000 0.0000 -1.0000
vn 0.0000 0.0000 -1.0000
vn 0.0000 0.0000 -1.0000
vn 0.0000 0.0000 -1.0000
vn 0.0000 0.0000 -1.0000
vn 0.0000 0.0000 -1.0000
vn 0.0000 0.0000 -1.0000
vn 0.0000 0.0000 -1.0000
vn 0.0000 0.0000 -1.0000
vn 0.0000 0.0000 -1.0000
vn 0.0000 0.0000 -1.0000
vn 0.0000 0.0000 -1.0000
vn 0.0000 0.0000 -1.0000
vn 0.0000 0.0000 -1.0000
vn 0.0000 0.0000 -1.0000
vn 0.0000 0.0000 -1.0000
vn 0.0000 0.0000 -1.0000
vn 0.0000 0.0000 -1.0000
vn 0.0000 0.0000 -1.0000
vn 0.0000 0.0000 -1.0000
vn 0.0000 0.0000 -1.0000
vn 0.0000 0.0000 -1.0000
vn 0.0000 0.0000 -1.0000
vn 0.0000 0.0000 -1.0000
vn 0.0000 0.0000 -1.0000
vn 0.0000 0.0000 -1.0000
vn 0.0000 0.0000 -1.0000
vn 0.0000 0.0000 -1.0000
vn 0.0000 0.0000 -1.0000
vn 0.0000 0.0000 -1.0000
vn 0.0000 0.0000 -1.0000
vn 0.0000 0.0000 -1.0000
vn 0.0000 0.0000 -1.0000
vn 0.0000 0.0000 -1.0000
vn 0.0000 0.0000 -1.0000
vn 0.0000 0.0000 -1.0000
vn 0.0000 0.0000 -1.0000
vn 0.0000 0.0000 -1.0000
vn 0.0000 0.0000 -1.0000
vn 0.0000 0.0000 -1.0000
vn 0.0000 0.0000 -1.0000
vn 0.0000 0.0000 -1.0000
vn 0.0000 0.0000 -1.0000
vn 0.0000 0.0000 -1.0000
vn 0.0000 0.0000 -1.0000
vn 0.0000 0.0000 -1.0000
vn 0.0000 0.0000 -1.0000
vn 0.0000 0.0000 -1.0000
vn 0.0000 0.0000 -1.0000
vn 0.0000 0.0000 -1.0000
vn 0.0000 0.0000 -1.0000
vn 0.0000 0.0000 -1.0000
vn 0.0000 0.0000 -1.0000
vn 0.0000 0.0000 -1.0000
vn 0.0000 0.0000 -1.0000
vn 0.0000 0.0000 -1.0000
vn 0.0000 0.0000 -1.0000
vn 0.0000 0.0000 -1.0000
vn 0.0000 0.0000 -1.0000
vn 0.0000 0.0000 -1.0000
vn 0.0000 0.0000 -1.0000
vn 0.0000 0.0000 -1.0000
vn 0.0000 0.0000 -1.0000
vn 0.0000 0.0000 -1.0000
vn 0.0000 0.0000 -1.0000
vn 0.0000 0.0000 -1.0000
vn 0.0000 0.0000 -1.0000
vn 0.0000 0.0000 -1.0000
vn 0.0000 0.0000 -1.0000
vn 0.0000 0.0000 -1.0000
vn 0.0000 0.0000 -1.0000
vn 0.0000 0.0000 -1.0000
vn 0.0000 0.0000 -1.0000
vn 0.0000 0.0000 -1.0000
vn 0.0000 0.0000 -1.0000
vn 0.0000 0.0000 -1.0000
vn 0.0000 0.0000 -1.0000
vn 0.0000 0.0000 -1.0000
vn 0.0000 0.0000 -1.0000
vn 0.0000 0.0000 -1.0000
vn 0.0000 0.0000 -1.0000
vn 0.0000 0.0000 -1.0000
vn 0.0000 0.0000 -1.0000
vn 0.0000 0.0000 -1.0000
vn 0.0000 0.0000 -1.0000
vn 0.0000 0.0000 -1.0000
vn 0.0000 0.0000 -1.0000
vn 0.0000 0.0000 -1.0000
vn 0.0000 0.0000 -1.0000
vn 0.0000 0.0000 -1.0000
vn 0.0000 0.0000 -1.0000
vn 0.0000 0.0000 -1.0000
vn 0.0000 0.0000 -1.0000
vn 0.0000 0.0000 -1.0000
vn 0.0000 0.0000 -1.0000
vn 0.0000 0.0000 -1.0000
vn 0.0000 0.0000 -1.0000
vn 0.0000 0.0000 -1.0000
vn 0.0000 0.0000 -1.0000
vn 0.0000 0.0000 -1.0000
vn 0.0000 0.0000 -1.0000
vn 0.0000 0.0000 -1.0000
vn 0.0000 0.0000 -1.0000
vn 0.0000 0.0000 -1.0000
vn 0.0000 0.0000 -1.0000
vn 0.0000 0.0000 -1.0000
vn 0.0000 0.0000 -1.0000
vn 0.0000 0.0000 -1.0000
vn 0.0000 0.0000 -1.0000
vn 0.0000 0.0000 -1.0000
vn 0.0000 0.0000 -1.0000
vn 0.0000 0.0000 -1.0000
vn 0.0000 0.0000 -1.0000
vn 0.0000 0.0000 -1.0000
vn 0.0000 0.0000 -1.0000
vn 0.0000 0.0000 -1.0000
vn 0.0000 0.0000 -1.0000
vn 0.0000 0.0000 -1.0000
vn 0.0000 0.0000 -1.0000
vn 0.0000 0.0000 -1.0000
vn 0.0000 0.0000 -1.0000
vn 0.0000 0.0000 -1.0000
vn 0.0000 0.0000 -1.0000
vn 0.0000 0.0000 -1.0000
vn 0.0000 0.0000 -1.0000
vn 0.0000 0.0000 -1.0000
vn 0.0000 0.0000 -1.0000
vn 0.0000 0.0000 -1.0000
vn 0.0000 0.0000 -1.0000
vn 0.0000 0.0000 -1.0000
vn 0.0000 0.0000 -1.0000
vn 0.0000 0.0000 -1.0000
vn 0.0000 0.0000 -1.0000
vn 0.0000 0.0000 -1.0000
vn 0.0000 0.0000 -1.0000
vn 0.0000 0.0000 -1.0000
vn 0.0000 0.0000 -1.0000
vn 0.0000 0.0000 -1.0000
vn 0.0000 0.0000 -1.0000
vn 0.0000 0.0000 -1.0000
vn 0.0000 0.0000 -1.0000
vn 0.0000 0.0000 -1.0000
vn 0.0000 0.0000 -1.0000
vn 0.0000 0.0000 -1.0000
vn 0.0000 0.0000 -1.0000
vn 0.0000 0.0000 -1.0000
vn 0.0000 0.0000 -1.0000
vn 0.0000 0.0000 -1.0000
vn 0.0000 0.0000 -1.0000
vn 0.0000 0.0000 -1.0000
vn 0.0000 0.0000 -1.0000
vn 0.0000 0.0000 -1.0000
vn 0.0000 0.0000 -1.0000
vn 0.0000 0.0000 -1.0000
vn 0.0000 0.0000 -1.0000
vn 0.0000 0.0000 -1.0000
vn 0.0000 0.0000 -1.0000
vn 0.0000 0.0000 -1.0000
vn 0.0000 0.0000 -1.0000
vn 0.0000 0.0000 -1.0000
vn 0.0000 0.0000 -1.0000
vn 0.0000 0.0000 -1.0000
vn 0.0000 0.0000 -1.0000
vn 0.0000 0.0000 -1.0000
vn 0.0000 0.0000 -1.0000
vn 0.0000 0.0000 -1.0000
vn 0.0000 0.0000 -1.0000
vn 0.0000 0.0000 -1.0000
vn 0.0000 0.0000 -1.0000
vn 0.0000 0.0000 -1.0000
vn 0.0000 0.0000 -1.0000
vn 0.0000 0.0000 -1.0000
vn 0.0000 0.0000 -1.0000
vn 0.0000 0.0000 -1.0000
vn 0.0000 0.0000 -1.0000
vn 0.0000 0.0000 -1.0000
vn 0.0000 0.0000 -1.0000
vn 0.0000 0.0000 -1.0000
vn 0.0000 0.0000 -1.0000
vn 0.0000 0.0000 -1.0000
vn 0.0000 0.0000 -1.0000
vn 0.0000 0.0000 -1.0000
vn 0.0000 0.0000 -1.0000
vn 0.0000 0.0000 -1.0000
vn 0.0000 0.0000 -1.0000
vn 0.0000 0.0000 -1.0000
vn 0.0000 0.0000 -1.0000
vn 0.0000 0.0000 -1.0000
vn 0.0000 0.0000 -1.0000
vn 0.0000 0.0000 -1.0000
vn 0.0000 0.0000 -1.0000
vn 0.0000 0.0000 -1.0000
vn 0.0000 0.0000 -1.0000
vn 0.0000 0.0000 -1.0000
vn 0.0000 0.0000 -1.0000
vn 0.0000 0.0000 -1.0000
vn 0.0000 0.0000 -1.0000
vn 0.0000 0.0000 -1.0000
vn 0.0000 0.0000 -1.0000
vn 0.0000 0.0000 -1.0000
vn 0.0000 0.0000 -1.0000
vn 0.0000 0.0000 -1.0000
vn 0.0000 0.0000 -1.0000
vn 0.0000 0.0000 -1.0000
vn 0.0000 0.0000 -1.0000
vn 0.0000 0.0000 -1.0000
vn 0.0000 0.0000 -1.0000
vn 0.0000 0.0000 -1.0000
vn 0.0000 0.0000 -1.0000
vn 0.0000 0.0000 -1.0000
vn 0.0000 0.0000 -1.0000
vn 0.0000 0.0000 -1.0000
vn 0.0000 0.0000 -1.0000
vn 0.0000 0.0000 -1.0000
vn 0.0000 0.0000 -1.0000
vn 0.0000 0.0000 -1.0000
vn 0.0000 0.0000 -1.0000
vn 0.0000 0.0000 -1.0000
vn 0.0000 0.0000 -1.0000
vn 0.0000 0.0000 -1.0000
vn 0.0000 0.0000 -1.0000
vn 0.0000 0.0000 -1.0000
vn 0.0000 0.0000 -1.0000
vn 0.0000 0.0000 -1.0000
vn 0.0000 0.0000 -1.0000
vn 0.0000 0.0000 -1.0000
vn 0.0000 0.0000 -1.0000
vn 0.0000 0.0000 -1.0000
vn 0.0000 0.0000 -1.0000
vn 0.0000 0.0000 -1.0000
vn 0.0000 0.0000 -1.0000
vn 0.0000 0.0000 -1.0000
vn 0.0000 0.0000 -1.0000
vn 0.0000 0.0000 -1.0000
vn 0.0000 0.0000 -1.0000
vn 0.0000 0.0000 -1.0000
vn 0.0000 0.0000 -1.0000
vn 0.0000 0.0000 -1.0000
vn 0.0000 0.0000 -1.0000
vn 0.0000 0.0000 -1.0000
vn 0.0000 0.0000 -1.0000
vn 0.0000 0.0000 -1.0000
vn 0.0000 0.0000 -1.0000
vn 0.0000 0.0000 -1.0000
vn 0.0000 0.0000 -1.0000
vn 0.0000 0.0000 -1.0000
vn 0.0000 0.0000 -1.0000
vn 0.0000 0.0000 -1.0000
vn 0.0000 0.0000 -1.0000
vn 0.0000 0.0000 -1.0000
vn 0.0000 0.0000 -1.0000
vn 0.0000 0.0000 -1.0000
vn 0.0000 0.0000 -1.0000
vn 0.0000 0.0000 -1.0000
vn 0.0000 0.0000 -1.0000
vn 0.0000 0.0000 -1.0000
vn 0.0000 0.0000 -1.0000
vn 0.0000 0.0000 -1.0000
vn 0.0000 0.0000 -1.0000
vn 0.0000 0.0000 -1.0000
vn 0.0000 0.0000 -1.0000
vn 0.0000 0.0000 -1.0000
vn 0.0000 0.0000 -1.0000
vn 0.0000 0.0000 -1.0000
vn 0.0000 0.0000 -1.0000
vn 0.0000 0.0000 -1.0000
vn 0.0000 0.0000 -1.0000
vn 0.0000 0.0000 -1.0000
vn 0.0000 0.0000 -1.0000
vn 0.0000 0.0000 -1.0000
vn 0.0000 0.0000 -1.0000
vn 0.0000 0.0000 -1.0000
vn 0.0000 0.0000 -1.0000
vn 0.0000 0.0000 -1.0000
vn 0.0000 0.0000 -1.0000
vn 0.0000 0.0000 -1.0000
vn 0.0000 0.0000 -1.0000
vn 0.0000 0.0000 -1.0000
vn 0.0000 0.0000 -1.0000
vn 0.0000 0.0000 -1.0000
vn 0.0000 0.0000 -1.0000
vn 0.0000 0.0000 -1.0000
vn 0.0000 0.0000 -1.0000
vn 0.0000 0.0000 -1.0000
vn 0.0000 0.0000 -1.0000
vn 0.0000 0.0000 -1.0000
vn 0.0000 0.0000 -1.0000
vn 0.0000 0.0000 -1.0000
vn 0.0000 0.0000 -1.0000
vn 0.0000 0.0000 -1.0000
vn 0.0000 0.0000 -1.0000
vn 0.0000 0.0000 -1.0000
vn 0.0000 0.0000 -1.0000
vn 0.0000 0.0000 -1.0000
vn 0.0000 0.0000 -1.0000
vn 0.0000 0.0000 -1.0000
vn 0.0000 0.0000 -1.0000
vn 0.0000 0.0000 -1.0000
vn 0.0000 0.0000 -1.0000
vn 0.0000 0.0000 -1.0000
vn 0.0000 0.0000 -1.0000
vn 0.0000 0.0000 -1.0000
vn 0.0000 0.0000 -1.0000
vn 0.0000 0.0000 -1.0000
vn 0.0000 0.0000 -1.0000
vn 0.0000 0.0000 -1.0000
vn 0.0000 0.0000 -1.0000
vn 0.0000 0.0000 -1.0000
vn 0.0000 0.0000 -1.0000
vn 0.0000 0.0000 -1.0000
vn 0.0000 0.0000 -1.0000
vn 0.0000 0.0000 -1.0000
vn 0.0000 0.0000 -1.0000
vn 0.0000 0.0000 -1.0000
vn 0.0000 0.0000 -1.0000
vn 0.0000 0.0000 -1.0000
vn 0.0000 0.0000 -1.0000
vn 0.0000 0.0000 -1.0000
vn 0.0000 0.0000 -1.0000
vn 0.0000 0.0000 -1.0000
vn 0.0000 0.0000 -1.0000
vn 0.0000 0.0000 -1.0000
vn 0.0000 0.0000 -1.0000
vn 0.0000 0.0000 -1.0000
vn 0.0000 0.0000 -1.0000
vn 0.0000 0.0000 -1.0000
vn 0.0000 0.0000 -1.0000
vn 0.0000 0.0000 -1.0000
vn 0.0000 0.0000 -1.0000
vn 0.0000 0.0000 -1.0000
vn 0.0000 0.0000 -1.0000
vn 0.0000 0.0000 -1.0000
vn 0.0000 0.0000 -1.0000
vn 0.0000 0.0000 -1.0000
vn 0.0000 0.0000 -1.0000
vn 0.0000 0.0000 -1.0000
vn 0.0000 0.0000 -1.0000
vn 0.0000 0.0000 -1.0000
vn 0.0000 0.0000 -1.0000
vn 0.0000 0.0000 -1.0000
vn 0.0000 0.0000 -1.0000
vn 0.0000 0.0000 -1.0000
vn 0.0000 0.0000 -1.0000
vn 0.0000 0.0000 -1.0000
vn 0.0000 0.0000 -1.0000
vn 0.0000 0.0000 -1.0000
vn 0.0000 0.0000 -1.0000
vn 0.0000 0.0000 -1.0000
vn 0.0000 0.0000 -1.0000
vn 0.0000 0.0000 -1.0000
vn 0.0000 0.0000 -1.0000
vn 0.0000 0.0000 -1.0000
vn 0.0000 0.0000 -1.0000
vn 0.0000 0.0000 -1.0000
vn 0.0000 0.0000 -1.0000
vn 0.0000 0.0000 -1.0000
vn 0.0000 0.0000 -1.0000
vn 0.0000 0.0000 -1.0000
vn 0.0000 0.0000 -1.0000
vn 0.0000 0.0000 -1.0000
vn 0.0000 0.0000 -1.0000
vn 0.0000 0.0000 -1.0000
vn 0.0000 0.0000 -1.0000
vn 0.0000 0.0000 -1.0000
vn 0.0000 0.0000 -1.0000
vn 0.0000 0.0000 -1.0000
usemtl M_Forest_Ground_PBR
f 1/1/1 36/36/36 2/2/2
f 1/1/1 35/35/35 36/36/36
f 2/2/2 37/37/37 3/3/3
f 2/2/2 36/36/36 37/37/37
f 3/3/3 38/38/38 4/4/4
f 3/3/3 37/37/37 38/38/38
f 4/4/4 39/39/39 5/5/5
f 4/4/4 38/38/38 39/39/39
f 5/5/5 40/40/40 6/6/6
f 5/5/5 39/39/39 40/40/40
f 6/6/6 41/41/41 7/7/7
f 6/6/6 40/40/40 41/41/41
f 7/7/7 42/42/42 8/8/8
f 7/7/7 41/41/41 42/42/42
f 8/8/8 43/43/43 9/9/9
f 8/8/8 42/42/42 43/43/43
f 9/9/9 44/44/44 10/10/10
f 9/9/9 43/43/43 44/44/44
f 10/10/10 45/45/45 11/11/11
f 10/10/10 44/44/44 45/45/45
f 11/11/11 46/46/46 12/12/12
f 11/11/11 45/45/45 46/46/46
f 12/12/12 47/47/47 13/13/13
f 12/12/12 46/46/46 47/47/47
f 13/13/13 48/48/48 14/14/14
f 13/13/13 47/47/47 48/48/48
f 14/14/14 49/49/49 15/15/15
f 14/14/14 48/48/48 49/49/49
f 15/15/15 50/50/50 16/16/16
f 15/15/15 49/49/49 50/50/50
f 16/16/16 51/51/51 17/17/17
f 16/16/16 50/50/50 51/51/51
f 17/17/17 52/52/52 18/18/18
f 17/17/17 51/51/51 52/52/52
f 18/18/18 53/53/53 19/19/19
f 18/18/18 52/52/52 53/53/53
f 19/19/19 54/54/54 20/20/20
f 19/19/19 53/53/53 54/54/54
f 20/20/20 55/55/55 21/21/21
f 20/20/20 54/54/54 55/55/55
f 21/21/21 56/56/56 22/22/22
f 21/21/21 55/55/55 56/56/56
f 22/22/22 57/57/57 23/23/23
f 22/22/22 56/56/56 57/57/57
f 23/23/23 58/58/58 24/24/24
f 23/23/23 57/57/57 58/58/58
f 24/24/24 59/59/59 25/25/25
f 24/24/24 58/58/58 59/59/59
f 25/25/25 60/60/60 26/26/26
f 25/25/25 59/59/59 60/60/60
f 26/26/26 61/61/61 27/27/27
f 26/26/26 60/60/60 61/61/61
f 27/27/27 62/62/62 28/28/28
f 27/27/27 61/61/61 62/62/62
f 28/28/28 63/63/63 29/29/29
f 28/28/28 62/62/62 63/63/63
f 29/29/29 64/64/64 30/30/30
f 29/29/29 63/63/63 64/64/64
f 30/30/30 65/65/65 31/31/31
f 30/30/30 64/64/64 65/65/65
f 31/31/31 66/66/66 32/32/32
f 31/31/31 65/65/65 66/66/66
f 32/32/32 67/67/67 33/33/33
f 32/32/32 66/66/66 67/67/67
f 33/33/33 68/68/68 34/34/34
f 33/33/33 67/67/67 68/68/68
f 35/35/35 70/70/70 36/36/36
f 35/35/35 69/69/69 70/70/70
f 36/36/36 71/71/71 37/37/37
f 36/36/36 70/70/70 71/71/71
f 37/37/37 72/72/72 38/38/38
f 37/37/37 71/71/71 72/72/72
f 38/38/38 73/73/73 39/39/39
f 38/38/38 72/72/72 73/73/73
f 39/39/39 74/74/74 40/40/40
f 39/39/39 73/73/73 74/74/74
f 40/40/40 75/75/75 41/41/41
f 40/40/40 74/74/74 75/75/75
f 41/41/41 76/76/76 42/42/42
f 41/41/41 75/75/75 76/76/76
f 42/42/42 77/77/77 43/43/43
f 42/42/42 76/76/76 77/77/77
f 43/43/43 78/78/78 44/44/44
f 43/43/43 77/77/77 78/78/78
f 44/44/44 79/79/79 45/45/45
f 44/44/44 78/78/78 79/79/79
f 45/45/45 80/80/80 46/46/46
f 45/45/45 79/79/79 80/80/80
f 46/46/46 81/81/81 47/47/47
f 46/46/46 80/80/80 81/81/81
f 47/47/47 82/82/82 48/48/48
f 47/47/47 81/81/81 82/82/82
f 48/48/48 83/83/83 49/49/49
f 48/48/48 82/82/82 83/83/83
f 49/49/49 84/84/84 50/50/50
f 49/49/49 83/83/83 84/84/84
f 50/50/50 85/85/85 51/51/51
f 50/50/50 84/84/84 85/85/85
f 51/51/51 86/86/86 52/52/52
f 51/51/51 85/85/85 86/86/86
f 52/52/52 87/87/87 53/53/53
f 52/52/52 86/86/86 87/87/87
f 53/53/53 88/88/88 54/54/54
f 53/53/53 87/87/87 88/88/88
f 54/54/54 89/89/89 55/55/55
f 54/54/54 88/88/88 89/89/89
f 55/55/55 90/90/90 56/56/56
f 55/55/55 89/89/89 90/90/90
f 56/56/56 91/91/91 57/57/57
f 56/56/56 90/90/90 91/91/91
f 57/57/57 92/92/92 58/58/58
f 57/57/57 91/91/91 92/92/92
f 58/58/58 93/93/93 59/59/59
f 58/58/58 92/92/92 93/93/93
f 59/59/59 94/94/94 60/60/60
f 59/59/59 93/93/93 94/94/94
f 60/60/60 95/95/95 61/61/61
f 60/60/60 94/94/94 95/95/95
f 61/61/61 96/96/96 62/62/62
f 61/61/61 95/95/95 96/96/96
f 62/62/62 97/97/97 63/63/63
f 62/62/62 96/96/96 97/97/97
f 63/63/63 98/98/98 64/64/64
f 63/63/63 97/97/97 98/98/98
f 64/64/64 99/99/99 65/65/65
f 64/64/64 98/98/98 99/99/99
f 65/65/65 100/100/100 66/66/66
f 65/65/65 99/99/99 100/100/100
f 66/66/66 101/101/101 67/67/67
f 66/66/66 100/100/100 101/101/101
f 67/67/67 102/102/102 68/68/68
f 67/67/67 101/101/101 102/102/102
f 69/69/69 104/104/104 70/70/70
f 69/69/69 103/103/103 104/104/104
f 70/70/70 105/105/105 71/71/71
f 70/70/70 104/104/104 105/105/105
f 71/71/71 106/106/106 72/72/72
f 71/71/71 105/105/105 106/106/106
f 72/72/72 107/107/107 73/73/73
f 72/72/72 106/106/106 107/107/107
f 73/73/73 108/108/108 74/74/74
f 73/73/73 107/107/107 108/108/108
f 74/74/74 109/109/109 75/75/75
f 74/74/74 108/108/108 109/109/109
f 75/75/75 110/110/110 76/76/76
f 75/75/75 109/109/109 110/110/110
f 76/76/76 111/111/111 77/77/77
f 76/76/76 110/110/110 111/111/111
f 77/77/77 112/112/112 78/78/78
f 77/77/77 111/111/111 112/112/112
f 78/78/78 113/113/113 79/79/79
f 78/78/78 112/112/112 113/113/113
f 79/79/79 114/114/114 80/80/80
f 79/79/79 113/113/113 114/114/114
f 80/80/80 115/115/115 81/81/81
f 80/80/80 114/114/114 115/115/115
f 81/81/81 116/116/116 82/82/82
f 81/81/81 115/115/115 116/116/116
f 82/82/82 117/117/117 83/83/83
f 82/82/82 116/116/116 117/117/117
f 83/83/83 118/118/118 84/84/84
f 83/83/83 117/117/117 118/118/118
f 84/84/84 119/119/119 85/85/85
f 84/84/84 118/118/118 119/119/119
f 85/85/85 120/120/120 86/86/86
f 85/85/85 119/119/119 120/120/120
f 86/86/86 121/121/121 87/87/87
f 86/86/86 120/120/120 121/121/121
f 87/87/87 122/122/122 88/88/88
f 87/87/87 121/121/121 122/122/122
f 88/88/88 123/123/123 89/89/89
f 88/88/88 122/122/122 123/123/123
f 89/89/89 124/124/124 90/90/90
f 89/89/89 123/123/123 124/124/124
f 90/90/90 125/125/125 91/91/91
f 90/90/90 124/124/124 125/125/125
f 91/91/91 126/126/126 92/92/92
f 91/91/91 125/125/125 126/126/126
f 92/92/92 127/127/127 93/93/93
f 92/92/92 126/126/126 127/127/127
f 93/93/93 128/128/128 94/94/94
f 93/93/93 127/127/127 128/128/128
f 94/94/94 129/129/129 95/95/95
f 94/94/94 128/128/128 129/129/129
f 95/95/95 130/130/130 96/96/96
f 95/95/95 129/129/129 130/130/130
f 96/96/96 131/131/131 97/97/97
f 96/96/96 130/130/130 131/131/131
f 97/97/97 132/132/132 98/98/98
f 97/97/97 131/131/131 132/132/132
f 98/98/98 133/133/133 99/99/99
f 98/98/98 132/132/132 133/133/133
f 99/99/99 134/134/134 100/100/100
f 99/99/99 133/133/133 134/134/134
f 100/100/100 135/135/135 101/101/101
f 100/100/100 134/134/134 135/135/135
f 101/101/101 136/136/136 102/102/102
f 101/101/101 135/135/135 136/136/136
f 103/103/103 138/138/138 104/104/104
f 103/103/103 137/137/137 138/138/138
f 104/104/104 139/139/139 105/105/105
f 104/104/104 138/138/138 139/139/139
f 105/105/105 140/140/140 106/106/106
f 105/105/105 139/139/139 140/140/140
f 106/106/106 141/141/141 107/107/107
f 106/106/106 140/140/140 141/141/141
f 107/107/107 142/142/142 108/108/108
f 107/107/107 141/141/141 142/142/142
f 108/108/108 143/143/143 109/109/109
f 108/108/108 142/142/142 143/143/143
f 109/109/109 144/144/144 110/110/110
f 109/109/109 143/143/143 144/144/144
f 110/110/110 145/145/145 111/111/111
f 110/110/110 144/144/144 145/145/145
f 111/111/111 146/146/146 112/112/112
f 111/111/111 145/145/145 146/146/146
f 112/112/112 147/147/147 113/113/113
f 112/112/112 146/146/146 147/147/147
f 113/113/113 148/148/148 114/114/114
f 113/113/113 147/147/147 148/148/148
f 114/114/114 149/149/149 115/115/115
f 114/114/114 148/148/148 149/149/149
f 115/115/115 150/150/150 116/116/116
f 115/115/115 149/149/149 150/150/150
f 116/116/116 151/151/151 117/117/117
f 116/116/116 150/150/150 151/151/151
f 117/117/117 152/152/152 118/118/118
f 117/117/117 151/151/151 152/152/152
f 118/118/118 153/153/153 119/119/119
f 118/118/118 152/152/152 153/153/153
f 119/119/119 154/154/154 120/120/120
f 119/119/119 153/153/153 154/154/154
f 120/120/120 155/155/155 121/121/121
f 120/120/120 154/154/154 155/155/155
f 121/121/121 156/156/156 122/122/122
f 121/121/121 155/155/155 156/156/156
f 122/122/122 157/157/157 123/123/123
f 122/122/122 156/156/156 157/157/157
f 123/123/123 158/158/158 124/124/124
f 123/123/123 157/157/157 158/158/158
f 124/124/124 159/159/159 125/125/125
f 124/124/124 158/158/158 159/159/159
f 125/125/125 160/160/160 126/126/126
f 125/125/125 159/159/159 160/160/160
f 126/126/126 161/161/161 127/127/127
f 126/126/126 160/160/160 161/161/161
f 127/127/127 162/162/162 128/128/128
f 127/127/127 161/161/161 162/162/162
f 128/128/128 163/163/163 129/129/129
f 128/128/128 162/162/162 163/163/163
f 129/129/129 164/164/164 130/130/130
f 129/129/129 163/163/163 164/164/164
f 130/130/130 165/165/165 131/131/131
f 130/130/130 164/164/164 165/165/165
f 131/131/131 166/166/166 132/132/132
f 131/131/131 165/165/165 166/166/166
f 132/132/132 167/167/167 133/133/133
f 132/132/132 166/166/166 167/167/167
f 133/133/133 168/168/168 134/134/134
f 133/133/133 167/167/167 168/168/168
f 134/134/134 169/169/169 135/135/135
f 134/134/134 168/168/168 169/169/169
f 135/135/135 170/170/170 136/136/136
f 135/135/135 169/169/169 170/170/170
f 137/137/137 172/172/172 138/138/138
f 137/137/137 171/171/171 172/172/172
f 138/138/138 173/173/173 139/139/139
f 138/138/138 172/172/172 173/173/173
f 139/139/139 174/174/174 140/140/140
f 139/139/139 173/173/173 174/174/174
f 140/140/140 175/175/175 141/141/141
f 140/140/140 174/174/174 175/175/175
f 141/141/141 176/176/176 142/142/142
f 141/141/141 175/175/175 176/176/176
f 142/142/142 177/177/177 143/143/143
f 142/142/142 176/176/176 177/177/177
f 143/143/143 178/178/178 144/144/144
f 143/143/143 177/177/177 178/178/178
f 144/144/144 179/179/179 145/145/145
f 144/144/144 178/178/178 179/179/179
f 145/145/145 180/180/180 146/146/146
f 145/145/145 179/179/179 180/180/180
f 146/146/146 181/181/181 147/147/147
f 146/146/146 180/180/180 181/181/181
f 147/147/147 182/182/182 148/148/148
f 147/147/147 181/181/181 182/182/182
f 148/148/148 183/183/183 149/149/149
f 148/148/148 182/182/182 183/183/183
f 149/149/149 184/184/184 150/150/150
f 149/149/149 183/183/183 184/184/184
f 150/150/150 185/185/185 151/151/151
f 150/150/150 184/184/184 185/185/185
f 151/151/151 186/186/186 152/152/152
f 151/151/151 185/185/185 186/186/186
f 152/152/152 187/187/187 153/153/153
f 152/152/152 186/186/186 187/187/187
f 153/153/153 188/188/188 154/154/154
f 153/153/153 187/187/187 188/188/188
f 154/154/154 189/189/189 155/155/155
f 154/154/154 188/188/188 189/189/189
f 155/155/155 190/190/190 156/156/156
f 155/155/155 189/189/189 190/190/190
f 156/156/156 191/191/191 157/157/157
f 156/156/156 190/190/190 191/191/191
f 157/157/157 192/192/192 158/158/158
f 157/157/157 191/191/191 192/192/192
f 158/158/158 193/193/193 159/159/159
f 158/158/158 192/192/192 193/193/193
f 159/159/159 194/194/194 160/160/160
f 159/159/159 193/193/193 194/194/194
f 160/160/160 195/195/195 161/161/161
f 160/160/160 194/194/194 195/195/195
f 161/161/161 196/196/196 162/162/162
f 161/161/161 195/195/195 196/196/196
f 162/162/162 197/197/197 163/163/163
f 162/162/162 196/196/196 197/197/197
f 163/163/163 198/198/198 164/164/164
f 163/163/163 197/197/197 198/198/198
f 164/164/164 199/199/199 165/165/165
f 164/164/164 198/198/198 199/199/199
f 165/165/165 200/200/200 166/166/166
f 165/165/165 199/199/199 200/200/200
f 166/166/166 201/201/201 167/167/167
f 166/166/166 200/200/200 201/201/201
f 167/167/167 202/202/202 168/168/168
f 167/167/167 201/201/201 202/202/202
f 168/168/168 203/203/203 169/169/169
f 168/168/168 202/202/202 203/203/203
f 169/169/169 204/204/204 170/170/170
f 169/169/169 203/203/203 204/204/204
f 171/171/171 206/206/206 172/172/172
f 171/171/171 205/205/205 206/206/206
f 172/172/172 207/207/207 173/173/173
f 172/172/172 206/206/206 207/207/207
f 173/173/173 208/208/208 174/174/174
f 173/173/173 207/207/207 208/208/208
f 174/174/174 209/209/209 175/175/175
f 174/174/174 208/208/208 209/209/209
f 175/175/175 210/210/210 176/176/176
f 175/175/175 209/209/209 210/210/210
f 176/176/176 211/211/211 177/177/177
f 176/176/176 210/210/210 211/211/211
f 177/177/177 212/212/212 178/178/178
f 177/177/177 211/211/211 212/212/212
f 178/178/178 213/213/213 179/179/179
f 178/178/178 212/212/212 213/213/213
f 179/179/179 214/214/214 180/180/180
f 179/179/179 213/213/213 214/214/214
f 180/180/180 215/215/215 181/181/181
f 180/180/180 214/214/214 215/215/215
f 181/181/181 216/216/216 182/182/182
f 181/181/181 215/215/215 216/216/216
f 182/182/182 217/217/217 183/183/183
f 182/182/182 216/216/216 217/217/217
f 183/183/183 218/218/218 184/184/184
f 183/183/183 217/217/217 218/218/218
f 184/184/184 219/219/219 185/185/185
f 184/184/184 218/218/218 219/219/219
f 185/185/185 220/220/220 186/186/186
f 185/185/185 219/219/219 220/220/220
f 186/186/186 221/221/221 187/187/187
f 186/186/186 220/220/220 221/221/221
f 187/187/187 222/222/222 188/188/188
f 187/187/187 221/221/221 222/222/222
f 188/188/188 223/223/223 189/189/189
f 188/188/188 222/222/222 223/223/223
f 189/189/189 224/224/224 190/190/190
f 189/189/189 223/223/223 224/224/224
f 190/190/190 225/225/225 191/191/191
f 190/190/190 224/224/224 225/225/225
f 191/191/191 226/226/226 192/192/192
f 191/191/191 225/225/225 226/226/226
f 192/192/192 227/227/227 193/193/193
f 192/192/192 226/226/226 227/227/227
f 193/193/193 228/228/228 194/194/194
f 193/193/193 227/227/227 228/228/228
f 194/194/194 229/229/229 195/195/195
f 194/194/194 228/228/228 229/229/229
f 195/195/195 230/230/230 196/196/196
f 195/195/195 229/229/229 230/230/230
f 196/196/196 231/231/231 197/197/197
f 196/196/196 230/230/230 231/231/231
f 197/197/197 232/232/232 198/198/198
f 197/197/197 231/231/231 232/232/232
f 198/198/198 233/233/233 199/199/199
f 198/198/198 232/232/232 233/233/233
f 199/199/199 234/234/234 200/200/200
f 199/199/199 233/233/233 234/234/234
f 200/200/200 235/235/235 201/201/201
f 200/200/200 234/234/234 235/235/235
f 201/201/201 236/236/236 202/202/202
f 201/201/201 235/235/235 236/236/236
f 202/202/202 237/237/237 203/203/203
f 202/202/202 236/236/236 237/237/237
f 203/203/203 238/238/238 204/204/204
f 203/203/203 237/237/237 238/238/238
f 205/205/205 240/240/240 206/206/206
f 205/205/205 239/239/239 240/240/240
f 206/206/206 241/241/241 207/207/207
f 206/206/206 240/240/240 241/241/241
f 207/207/207 242/242/242 208/208/208
f 207/207/207 241/241/241 242/242/242
f 208/208/208 243/243/243 209/209/209
f 208/208/208 242/242/242 243/243/243
f 209/209/209 244/244/244 210/210/210
f 209/209/209 243/243/243 244/244/244
f 210/210/210 245/245/245 211/211/211
f 210/210/210 244/244/244 245/245/245
f 211/211/211 246/246/246 212/212/212
f 211/211/211 245/245/245 246/246/246
f 212/212/212 247/247/247 213/213/213
f 212/212/212 246/246/246 247/247/247
f 213/213/213 248/248/248 214/214/214
f 213/213/213 247/247/247 248/248/248
f 214/214/214 249/249/249 215/215/215
f 214/214/214 248/248/248 249/249/249
f 215/215/215 250/250/250 216/216/216
f 215/215/215 249/249/249 250/250/250
f 216/216/216 251/251/251 217/217/217
f 216/216/216 250/250/250 251/251/251
f 217/217/217 252/252/252 218/218/218
f 217/217/217 251/251/251 252/252/252
f 218/218/218 253/253/253 219/219/219
f 218/218/218 252/252/252 253/253/253
f 219/219/219 254/254/254 220/220/220
f 219/219/219 253/253/253 254/254/254
f 220/220/220 255/255/255 221/221/221
f 220/220/220 254/254/254 255/255/255
f 221/221/221 256/256/256 222/222/222
f 221/221/221 255/255/255 256/256/256
f 222/222/222 257/257/257 223/223/223
f 222/222/222 256/256/256 257/257/257
f 223/223/223 258/258/258 224/224/224
f 223/223/223 257/257/257 258/258/258
f 224/224/224 259/259/259 225/225/225
f 224/224/224 258/258/258 259/259/259
f 225/225/225 260/260/260 226/226/226
f 225/225/225 259/259/259 260/260/260
f 226/226/226 261/261/261 227/227/227
f 226/226/226 260/260/260 261/261/261
f 227/227/227 262/262/262 228/228/228
f 227/227/227 261/261/261 262/262/262
f 228/228/228 263/263/263 229/229/229
f 228/228/228 262/262/262 263/263/263
f 229/229/229 264/264/264 230/230/230
f 229/229/229 263/263/263 264/264/264
f 230/230/230 265/265/265 231/231/231
f 230/230/230 264/264/264 265/265/265
f 231/231/231 266/266/266 232/232/232
f 231/231/231 265/265/265 266/266/266
f 232/232/232 267/267/267 233/233/233
f 232/232/232 266/266/266 267/267/267
f 233/233/233 268/268/268 234/234/234
f 233/233/233 267/267/267 268/268/268
f 234/234/234 269/269/269 235/235/235
f 234/234/234 268/268/268 269/269/269
f 235/235/235 270/270/270 236/236/236
f 235/235/235 269/269/269 270/270/270
f 236/236/236 271/271/271 237/237/237
f 236/236/236 270/270/270 271/271/271
f 237/237/237 272/272/272 238/238/238
f 237/237/237 271/271/271 272/272/272
f 239/239/239 274/274/274 240/240/240
f 239/239/239 273/273/273 274/274/274
f 240/240/240 275/275/275 241/241/241
f 240/240/240 274/274/274 275/275/275
f 241/241/241 276/276/276 242/242/242
f 241/241/241 275/275/275 276/276/276
f 242/242/242 277/277/277 243/243/243
f 242/242/242 276/276/276 277/277/277
f 243/243/243 278/278/278 244/244/244
f 243/243/243 277/277/277 278/278/278
f 244/244/244 279/279/279 245/245/245
f 244/244/244 278/278/278 279/279/279
f 245/245/245 280/280/280 246/246/246
f 245/245/245 279/279/279 280/280/280
f 246/246/246 281/281/281 247/247/247
f 246/246/246 280/280/280 281/281/281
f 247/247/247 282/282/282 248/248/248
f 247/247/247 281/281/281 282/282/282
f 248/248/248 283/283/283 249/249/249
f 248/248/248 282/282/282 283/283/283
f 249/249/249 284/284/284 250/250/250
f 249/249/249 283/283/283 284/284/284
f 250/250/250 285/285/285 251/251/251
f 250/250/250 284/284/284 285/285/285
f 251/251/251 286/286/286 252/252/252
f 251/251/251 285/285/285 286/286/286
f 252/252/252 287/287/287 253/253/253
f 252/252/252 286/286/286 287/287/287
f 253/253/253 288/288/288 254/254/254
f 253/253/253 287/287/287 288/288/288
f 254/254/254 289/289/289 255/255/255
f 254/254/254 288/288/288 289/289/289
f 255/255/255 290/290/290 256/256/256
f 255/255/255 289/289/289 290/290/290
f 256/256/256 291/291/291 257/257/257
f 256/256/256 290/290/290 291/291/291
f 257/257/257 292/292/292 258/258/258
f 257/257/257 291/291/291 292/292/292
f 258/258/258 293/293/293 259/259/259
f 258/258/258 292/292/292 293/293/293
f 259/259/259 294/294/294 260/260/260
f 259/259/259 293/293/293 294/294/294
f 260/260/260 295/295/295 261/261/261
f 260/260/260 294/294/294 295/295/295
f 261/261/261 296/296/296 262/262/262
f 261/261/261 295/295/295 296/296/296
f 262/262/262 297/297/297 263/263/263
f 262/262/262 296/296/296 297/297/297
f 263/263/263 298/298/298 264/264/264
f 263/263/263 297/297/297 298/298/298
f 264/264/264 299/299/299 265/265/265
f 264/264/264 298/298/298 299/299/299
f 265/265/265 300/300/300 266/266/266
f 265/265/265 299/299/299 300/300/300
f 266/266/266 301/301/301 267/267/267
f 266/266/266 300/300/300 301/301/301
f 267/267/267 302/302/302 268/268/268
f 267/267/267 301/301/301 302/302/302
f 268/268/268 303/303/303 269/269/269
f 268/268/268 302/302/302 303/303/303
f 269/269/269 304/304/304 270/270/270
f 269/269/269 303/303/303 304/304/304
f 270/270/270 305/305/305 271/271/271
f 270/270/270 304/304/304 305/305/305
f 271/271/271 306/306/306 272/272/272
f 271/271/271 305/305/305 306/306/306
f 273/273/273 308/308/308 274/274/274
f 273/273/273 307/307/307 308/308/308
f 274/274/274 309/309/309 275/275/275
f 274/274/274 308/308/308 309/309/309
f 275/275/275 310/310/310 276/276/276
f 275/275/275 309/309/309 310/310/310
f 276/276/276 311/311/311 277/277/277
f 276/276/276 310/310/310 311/311/311
f 277/277/277 312/312/312 278/278/278
f 277/277/277 311/311/311 312/312/312
f 278/278/278 313/313/313 279/279/279
f 278/278/278 312/312/312 313/313/313
f 279/279/279 314/314/314 280/280/280
f 279/279/279 313/313/313 314/314/314
f 280/280/280 315/315/315 281/281/281
f 280/280/280 314/314/314 315/315/315
f 281/281/281 316/316/316 282/282/282
f 281/281/281 315/315/315 316/316/316
f 282/282/282 317/317/317 283/283/283
f 282/282/282 316/316/316 317/317/317
f 283/283/283 318/318/318 284/284/284
f 283/283/283 317/317/317 318/318/318
f 284/284/284 319/319/319 285/285/285
f 284/284/284 318/318/318 319/319/319
f 285/285/285 320/320/320 286/286/286
f 285/285/285 319/319/319 320/320/320
f 286/286/286 321/321/321 287/287/287
f 286/286/286 320/320/320 321/321/321
f 287/287/287 322/322/322 288/288/288
f 287/287/287 321/321/321 322/322/322
f 288/288/288 323/323/323 289/289/289
f 288/288/288 322/322/322 323/323/323
f 289/289/289 324/324/324 290/290/290
f 289/289/289 323/323/323 324/324/324
f 290/290/290 325/325/325 291/291/291
f 290/290/290 324/324/324 325/325/325
f 291/291/291 326/326/326 292/292/292
f 291/291/291 325/325/325 326/326/326
f 292/292/292 327/327/327 293/293/293
f 292/292/292 326/326/326 327/327/327
f 293/293/293 328/328/328 294/294/294
f 293/293/293 327/327/327 328/328/328
f 294/294/294 329/329/329 295/295/295
f 294/294/294 328/328/328 329/329/329
f 295/295/295 330/330/330 296/296/296
f 295/295/295 329/329/329 330/330/330
f 296/296/296 331/331/331 297/297/297
f 296/296/296 330/330/330 331/331/331
f 297/297/297 332/332/332 298/298/298
f 297/297/297 331/331/331 332/332/332
f 298/298/298 333/333/333 299/299/299
f 298/298/298 332/332/332 333/333/333
f 299/299/299 334/334/334 300/300/300
f 299/299/299 333/333/333 334/334/334
f 300/300/300 335/335/335 301/301/301
f 300/300/300 334/334/334 335/335/335
f 301/301/301 336/336/336 302/302/302
f 301/301/301 335/335/335 336/336/336
f 302/302/302 337/337/337 303/303/303
f 302/302/302 336/336/336 337/337/337
f 303/303/303 338/338/338 304/304/304
f 303/303/303 337/337/337 338/338/338
f 304/304/304 339/339/339 305/305/305
f 304/304/304 338/338/338 339/339/339
f 305/305/305 340/340/340 306/306/306
f 305/305/305 339/339/339 340/340/340
f 307/307/307 342/342/342 308/308/308
f 307/307/307 341/341/341 342/342/342
f 308/308/308 343/343/343 309/309/309
f 308/308/308 342/342/342 343/343/343
f 309/309/309 344/344/344 310/310/310
f 309/309/309 343/343/343 344/344/344
f 310/310/310 345/345/345 311/311/311
f 310/310/310 344/344/344 345/345/345
f 311/311/311 346/346/346 312/312/312
f 311/311/311 345/345/345 346/346/346
f 312/312/312 347/347/347 313/313/313
f 312/312/312 346/346/346 347/347/347
f 313/313/313 348/348/348 314/314/314
f 313/313/313 347/347/347 348/348/348
f 314/314/314 349/349/349 315/315/315
f 314/314/314 348/348/348 349/349/349
f 315/315/315 350/350/350 316/316/316
f 315/315/315 349/349/349 350/350/350
f 316/316/316 351/351/351 317/317/317
f 316/316/316 350/350/350 351/351/351
f 317/317/317 352/352/352 318/318/318
f 317/317/317 351/351/351 352/352/352
f 318/318/318 353/353/353 319/319/319
f 318/318/318 352/352/352 353/353/353
f 319/319/319 354/354/354 320/320/320
f 319/319/319 353/353/353 354/354/354
f 320/320/320 355/355/355 321/321/321
f 320/320/320 354/354/354 355/355/355
f 321/321/321 356/356/356 322/322/322
f 321/321/321 355/355/355 356/356/356
f 322/322/322 357/357/357 323/323/323
f 322/322/322 356/356/356 357/357/357
f 323/323/323 358/358/358 324/324/324
f 323/323/323 357/357/357 358/358/358
f 324/324/324 359/359/359 325/325/325
f 324/324/324 358/358/358 359/359/359
f 325/325/325 360/360/360 326/326/326
f 325/325/325 359/359/359 360/360/360
f 326/326/326 361/361/361 327/327/327
f 326/326/326 360/360/360 361/361/361
f 327/327/327 362/362/362 328/328/328
f 327/327/327 361/361/361 362/362/362
f 328/328/328 363/363/363 329/329/329
f 328/328/328 362/362/362 363/363/363
f 329/329/329 364/364/364 330/330/330
f 329/329/329 363/363/363 364/364/364
f 330/330/330 365/365/365 331/331/331
f 330/330/330 364/364/364 365/365/365
f 331/331/331 366/366/366 332/332/332
f 331/331/331 365/365/365 366/366/366
f 332/332/332 367/367/367 333/333/333
f 332/332/332 366/366/366 367/367/367
f 333/333/333 368/368/368 334/334/334
f 333/333/333 367/367/367 368/368/368
f 334/334/334 369/369/369 335/335/335
f 334/334/334 368/368/368 369/369/369
f 335/335/335 370/370/370 336/336/336
f 335/335/335 369/369/369 370/370/370
f 336/336/336 371/371/371 337/337/337
f 336/336/336 370/370/370 371/371/371
f 337/337/337 372/372/372 338/338/338
f 337/337/337 371/371/371 372/372/372
f 338/338/338 373/373/373 339/339/339
f 338/338/338 372/372/372 373/373/373
f 339/339/339 374/374/374 340/340/340
f 339/339/339 373/373/373 374/374/374
f 341/341/341 376/376/376 342/342/342
f 341/341/341 375/375/375 376/376/376
f 342/342/342 377/377/377 343/343/343
f 342/342/342 376/376/376 377/377/377
f 343/343/343 378/378/378 344/344/344
f 343/343/343 377/377/377 378/378/378
f 344/344/344 379/379/379 345/345/345
f 344/344/344 378/378/378 379/379/379
f 345/345/345 380/380/380 346/346/346
f 345/345/345 379/379/379 380/380/380
f 346/346/346 381/381/381 347/347/347
f 346/346/346 380/380/380 381/381/381
f 347/347/347 382/382/382 348/348/348
f 347/347/347 381/381/381 382/382/382
f 348/348/348 383/383/383 349/349/349
f 348/348/348 382/382/382 383/383/383
f 349/349/349 384/384/384 350/350/350
f 349/349/349 383/383/383 384/384/384
f 350/350/350 385/385/385 351/351/351
f 350/350/350 384/384/384 385/385/385
f 351/351/351 386/386/386 352/352/352
f 351/351/351 385/385/385 386/386/386
f 352/352/352 387/387/387 353/353/353
f 352/352/352 386/386/386 387/387/387
f 353/353/353 388/388/388 354/354/354
f 353/353/353 387/387/387 388/388/388
f 354/354/354 389/389/389 355/355/355
f 354/354/354 388/388/388 389/389/389
f 355/355/355 390/390/390 356/356/356
f 355/355/355 389/389/389 390/390/390
f 356/356/356 391/391/391 357/357/357
f 356/356/356 390/390/390 391/391/391
f 357/357/357 392/392/392 358/358/358
f 357/357/357 391/391/391 392/392/392
f 358/358/358 393/393/393 359/359/359
f 358/358/358 392/392/392 393/393/393
f 359/359/359 394/394/394 360/360/360
f 359/359/359 393/393/393 394/394/394
f 360/360/360 395/395/395 361/361/361
f 360/360/360 394/394/394 395/395/395
f 361/361/361 396/396/396 362/362/362
f 361/361/361 395/395/395 396/396/396
f 362/362/362 397/397/397 363/363/363
f 362/362/362 396/396/396 397/397/397
f 363/363/363 398/398/398 364/364/364
f 363/363/363 397/397/397 398/398/398
f 364/364/364 399/399/399 365/365/365
f 364/364/364 398/398/398 399/399/399
f 365/365/365 400/400/400 366/366/366
f 365/365/365 399/399/399 400/400/400
f 366/366/366 401/401/401 367/367/367
f 366/366/366 400/400/400 401/401/401
f 367/367/367 402/402/402 368/368/368
f 367/367/367 401/401/401 402/402/402
f 368/368/368 403/403/403 369/369/369
f 368/368/368 402/402/402 403/403/403
f 369/369/369 404/404/404 370/370/370
f 369/369/369 403/403/403 404/404/404
f 370/370/370 405/405/405 371/371/371
f 370/370/370 404/404/404 405/405/405
f 371/371/371 406/406/406 372/372/372
f 371/371/371 405/405/405 406/406/406
f 372/372/372 407/407/407 373/373/373
f 372/372/372 406/406/406 407/407/407
f 373/373/373 408/408/408 374/374/374
f 373/373/373 407/407/407 408/408/408
f 375/375/375 410/410/410 376/376/376
f 375/375/375 409/409/409 410/410/410
f 376/376/376 411/411/411 377/377/377
f 376/376/376 410/410/410 411/411/411
f 377/377/377 412/412/412 378/378/378
f 377/377/377 411/411/411 412/412/412
f 378/378/378 413/413/413 379/379/379
f 378/378/378 412/412/412 413/413/413
f 379/379/379 414/414/414 380/380/380
f 379/379/379 413/413/413 414/414/414
f 380/380/380 415/415/415 381/381/381
f 380/380/380 414/414/414 415/415/415
f 381/381/381 416/416/416 382/382/382
f 381/381/381 415/415/415 416/416/416
f 382/382/382 417/417/417 383/383/383
f 382/382/382 416/416/416 417/417/417
f 383/383/383 418/418/418 384/384/384
f 383/383/383 417/417/417 418/418/418
f 384/384/384 419/419/419 385/385/385
f 384/384/384 418/418/418 419/419/419
f 385/385/385 420/420/420 386/386/386
f 385/385/385 419/419/419 420/420/420
f 386/386/386 421/421/421 387/387/387
f 386/386/386 420/420/420 421/421/421
f 387/387/387 422/422/422 388/388/388
f 387/387/387 421/421/421 422/422/422
f 388/388/388 423/423/423 389/389/389
f 388/388/388 422/422/422 423/423/423
f 389/389/389 424/424/424 390/390/390
f 389/389/389 423/423/423 424/424/424
f 390/390/390 425/425/425 391/391/391
f 390/390/390 424/424/424 425/425/425
f 391/391/391 426/426/426 392/392/392
f 391/391/391 425/425/425 426/426/426
f 392/392/392 427/427/427 393/393/393
f 392/392/392 426/426/426 427/427/427
f 393/393/393 428/428/428 394/394/394
f 393/393/393 427/427/427 428/428/428
f 394/394/394 429/429/429 395/395/395
f 394/394/394 428/428/428 429/429/429
f 395/395/395 430/430/430 396/396/396
f 395/395/395 429/429/429 430/430/430
f 396/396/396 431/431/431 397/397/397
f 396/396/396 430/430/430 431/431/431
f 397/397/397 432/432/432 398/398/398
f 397/397/397 431/431/431 432/432/432
f 398/398/398 433/433/433 399/399/399
f 398/398/398 432/432/432 433/433/433
f 399/399/399 434/434/434 400/400/400
f 399/399/399 433/433/433 434/434/434
f 400/400/400 435/435/435 401/401/401
f 400/400/400 434/434/434 435/435/435
f 401/401/401 436/436/436 402/402/402
f 401/401/401 435/435/435 436/436/436
f 402/402/402 437/437/437 403/403/403
f 402/402/402 436/436/436 437/437/437
f 403/403/403 438/438/438 404/404/404
f 403/403/403 437/437/437 438/438/438
f 404/404/404 439/439/439 405/405/405
f 404/404/404 438/438/438 439/439/439
f 405/405/405 440/440/440 406/406/406
f 405/405/405 439/439/439 440/440/440
f 406/406/406 441/441/441 407/407/407
f 406/406/406 440/440/440 441/441/441
f 407/407/407 442/442/442 408/408/408
f 407/407/407 441/441/441 442/442/442
f 409/409/409 444/444/444 410/410/410
f 409/409/409 443/443/443 444/444/444
f 410/410/410 445/445/445 411/411/411
f 410/410/410 444/444/444 445/445/445
f 411/411/411 446/446/446 412/412/412
f 411/411/411 445/445/445 446/446/446
f 412/412/412 447/447/447 413/413/413
f 412/412/412 446/446/446 447/447/447
f 413/413/413 448/448/448 414/414/414
f 413/413/413 447/447/447 448/448/448
f 414/414/414 449/449/449 415/415/415
f 414/414/414 448/448/448 449/449/449
f 415/415/415 450/450/450 416/416/416
f 415/415/415 449/449/449 450/450/450
f 416/416/416 451/451/451 417/417/417
f 416/416/416 450/450/450 451/451/451
f 417/417/417 452/452/452 418/418/418
f 417/417/417 451/451/451 452/452/452
f 418/418/418 453/453/453 419/419/419
f 418/418/418 452/452/452 453/453/453
f 419/419/419 454/454/454 420/420/420
f 419/419/419 453/453/453 454/454/454
f 420/420/420 455/455/455 421/421/421
f 420/420/420 454/454/454 455/455/455
f 421/421/421 456/456/456 422/422/422
f 421/421/421 455/455/455 456/456/456
f 422/422/422 457/457/457 423/423/423
f 422/422/422 456/456/456 457/457/457
f 423/423/423 458/458/458 424/424/424
f 423/423/423 457/457/457 458/458/458
f 424/424/424 459/459/459 425/425/425
f 424/424/424 458/458/458 459/459/459
f 425/425/425 460/460/460 426/426/426
f 425/425/425 459/459/459 460/460/460
f 426/426/426 461/461/461 427/427/427
f 426/426/426 460/460/460 461/461/461
f 427/427/427 462/462/462 428/428/428
f 427/427/427 461/461/461 462/462/462
f 428/428/428 463/463/463 429/429/429
f 428/428/428 462/462/462 463/463/463
f 429/429/429 464/464/464 430/430/430
f 429/429/429 463/463/463 464/464/464
f 430/430/430 465/465/465 431/431/431
f 430/430/430 464/464/464 465/465/465
f 431/431/431 466/466/466 432/432/432
f 431/431/431 465/465/465 466/466/466
f 432/432/432 467/467/467 433/433/433
f 432/432/432 466/466/466 467/467/467
f 433/433/433 468/468/468 434/434/434
f 433/433/433 467/467/467 468/468/468
f 434/434/434 469/469/469 435/435/435
f 434/434/434 468/468/468 469/469/469
f 435/435/435 470/470/470 436/436/436
f 435/435/435 469/469/469 470/470/470
f 436/436/436 471/471/471 437/437/437
f 436/436/436 470/470/470 471/471/471
f 437/437/437 472/472/472 438/438/438
f 437/437/437 471/471/471 472/472/472
f 438/438/438 473/473/473 439/439/439
f 438/438/438 472/472/472 473/473/473
f 439/439/439 474/474/474 440/440/440
f 439/439/439 473/473/473 474/474/474
f 440/440/440 475/475/475 441/441/441
f 440/440/440 474/474/474 475/475/475
f 441/441/441 476/476/476 442/442/442
f 441/441/441 475/475/475 476/476/476
f 443/443/443 478/478/478 444/444/444
f 443/443/443 477/477/477 478/478/478
f 444/444/444 479/479/479 445/445/445
f 444/444/444 478/478/478 479/479/479
f 445/445/445 480/480/480 446/446/446
f 445/445/445 479/479/479 480/480/480
f 446/446/446 481/481/481 447/447/447
f 446/446/446 480/480/480 481/481/481
f 447/447/447 482/482/482 448/448/448
f 447/447/447 481/481/481 482/482/482
f 448/448/448 483/483/483 449/449/449
f 448/448/448 482/482/482 483/483/483
f 449/449/449 484/484/484 450/450/450
f 449/449/449 483/483/483 484/484/484
f 450/450/450 485/485/485 451/451/451
f 450/450/450 484/484/484 485/485/485
f 451/451/451 486/486/486 452/452/452
f 451/451/451 485/485/485 486/486/486
f 452/452/452 487/487/487 453/453/453
f 452/452/452 486/486/486 487/487/487
f 453/453/453 488/488/488 454/454/454
f 453/453/453 487/487/487 488/488/488
f 454/454/454 489/489/489 455/455/455
f 454/454/454 488/488/488 489/489/489
f 455/455/455 490/490/490 456/456/456
f 455/455/455 489/489/489 490/490/490
f 456/456/456 491/491/491 457/457/457
f 456/456/456 490/490/490 491/491/491
f 457/457/457 492/492/492 458/458/458
f 457/457/457 491/491/491 492/492/492
f 458/458/458 493/493/493 459/459/459
f 458/458/458 492/492/492 493/493/493
f 459/459/459 494/494/494 460/460/460
f 459/459/459 493/493/493 494/494/494
f 460/460/460 495/495/495 461/461/461
f 460/460/460 494/494/494 495/495/495
f 461/461/461 496/496/496 462/462/462
f 461/461/461 495/495/495 496/496/496
f 462/462/462 497/497/497 463/463/463
f 462/462/462 496/496/496 497/497/497
f 463/463/463 498/498/498 464/464/464
f 463/463/463 497/497/497 498/498/498
f 464/464/464 499/499/499 465/465/465
f 464/464/464 498/498/498 499/499/499
f 465/465/465 500/500/500 466/466/466
f 465/465/465 499/499/499 500/500/500
f 466/466/466 501/501/501 467/467/467
f 466/466/466 500/500/500 501/501/501
f 467/467/467 502/502/502 468/468/468
f 467/467/467 501/501/501 502/502/502
f 468/468/468 503/503/503 469/469/469
f 468/468/468 502/502/502 503/503/503
f 469/469/469 504/504/504 470/470/470
f 469/469/469 503/503/503 504/504/504
f 470/470/470 505/505/505 471/471/471
f 470/470/470 504/504/504 505/505/505
f 471/471/471 506/506/506 472/472/472
f 471/471/471 505/505/505 506/506/506
f 472/472/472 507/507/507 473/473/473
f 472/472/472 506/506/506 507/507/507
f 473/473/473 508/508/508 474/474/474
f 473/473/473 507/507/507 508/508/508
f 474/474/474 509/509/509 475/475/475
f 474/474/474 508/508/508 509/509/509
f 475/475/475 510/510/510 476/476/476
f 475/475/475 509/509/509 510/510/510
f 477/477/477 512/512/512 478/478/478
f 477/477/477 511/511/511 512/512/512
f 478/478/478 513/513/513 479/479/479
f 478/478/478 512/512/512 513/513/513
f 479/479/479 514/514/514 480/480/480
f 479/479/479 513/513/513 514/514/514
f 480/480/480 515/515/515 481/481/481
f 480/480/480 514/514/514 515/515/515
f 481/481/481 516/516/516 482/482/482
f 481/481/481 515/515/515 516/516/516
f 482/482/482 517/517/517 483/483/483
f 482/482/482 516/516/516 517/517/517
f 483/483/483 518/518/518 484/484/484
f 483/483/483 517/517/517 518/518/518
f 484/484/484 519/519/519 485/485/485
f 484/484/484 518/518/518 519/519/519
f 485/485/485 520/520/520 486/486/486
f 485/485/485 519/519/519 520/520/520
f 486/486/486 521/521/521 487/487/487
f 486/486/486 520/520/520 521/521/521
f 487/487/487 522/522/522 488/488/488
f 487/487/487 521/521/521 522/522/522
f 488/488/488 523/523/523 489/489/489
f 488/488/488 522/522/522 523/523/523
f 489/489/489 524/524/524 490/490/490
f 489/489/489 523/523/523 524/524/524
f 490/490/490 525/525/525 491/491/491
f 490/490/490 524/524/524 525/525/525
f 491/491/491 526/526/526 492/492/492
f 491/491/491 525/525/525 526/526/526
f 492/492/492 527/527/527 493/493/493
f 492/492/492 526/526/526 527/527/527
f 493/493/493 528/528/528 494/494/494
f 493/493/493 527/527/527 528/528/528
f 494/494/494 529/529/529 495/495/495
f 494/494/494 528/528/528 529/529/529
f 495/495/495 530/530/530 496/496/496
f 495/495/495 529/529/529 530/530/530
f 496/496/496 531/531/531 497/497/497
f 496/496/496 530/530/530 531/531/531
f 497/497/497 532/532/532 498/498/498
f 497/497/497 531/531/531 532/532/532
f 498/498/498 533/533/533 499/499/499
f 498/498/498 532/532/532 533/533/533
f 499/499/499 534/534/534 500/500/500
f 499/499/499 533/533/533 534/534/534
f 500/500/500 535/535/535 501/501/501
f 500/500/500 534/534/534 535/535/535
f 501/501/501 536/536/536 502/502/502
f 501/501/501 535/535/535 536/536/536
f 502/502/502 537/537/537 503/503/503
f 502/502/502 536/536/536 537/537/537
f 503/503/503 538/538/538 504/504/504
f 503/503/503 537/537/537 538/538/538
f 504/504/504 539/539/539 505/505/505
f 504/504/504 538/538/538 539/539/539
f 505/505/505 540/540/540 506/506/506
f 505/505/505 539/539/539 540/540/540
f 506/506/506 541/541/541 507/507/507
f 506/506/506 540/540/540 541/541/541
f 507/507/507 542/542/542 508/508/508
f 507/507/507 541/541/541 542/542/542
f 508/508/508 543/543/543 509/509/509
f 508/508/508 542/542/542 543/543/543
f 509/509/509 544/544/544 510/510/510
f 509/509/509 543/543/543 544/544/544
f 511/511/511 546/546/546 512/512/512
f 511/511/511 545/545/545 546/546/546
f 512/512/512 547/547/547 513/513/513
f 512/512/512 546/546/546 547/547/547
f 513/513/513 548/548/548 514/514/514
f 513/513/513 547/547/547 548/548/548
f 514/514/514 549/549/549 515/515/515
f 514/514/514 548/548/548 549/549/549
f 515/515/515 550/550/550 516/516/516
f 515/515/515 549/549/549 550/550/550
f 516/516/516 551/551/551 517/517/517
f 516/516/516 550/550/550 551/551/551
f 517/517/517 552/552/552 518/518/518
f 517/517/517 551/551/551 552/552/552
f 518/518/518 553/553/553 519/519/519
f 518/518/518 552/552/552 553/553/553
f 519/519/519 554/554/554 520/520/520
f 519/519/519 553/553/553 554/554/554
f 520/520/520 555/555/555 521/521/521
f 520/520/520 554/554/554 555/555/555
f 521/521/521 556/556/556 522/522/522
f 521/521/521 555/555/555 556/556/556
f 522/522/522 557/557/557 523/523/523
f 522/522/522 556/556/556 557/557/557
f 523/523/523 558/558/558 524/524/524
f 523/523/523 557/557/557 558/558/558
f 524/524/524 559/559/559 525/525/525
f 524/524/524 558/558/558 559/559/559
f 525/525/525 560/560/560 526/526/526
f 525/525/525 559/559/559 560/560/560
f 526/526/526 561/561/561 527/527/527
f 526/526/526 560/560/560 561/561/561
f 527/527/527 562/562/562 528/528/528
f 527/527/527 561/561/561 562/562/562
f 528/528/528 563/563/563 529/529/529
f 528/528/528 562/562/562 563/563/563
f 529/529/529 564/564/564 530/530/530
f 529/529/529 563/563/563 564/564/564
f 530/530/530 565/565/565 531/531/531
f 530/530/530 564/564/564 565/565/565
f 531/531/531 566/566/566 532/532/532
f 531/531/531 565/565/565 566/566/566
f 532/532/532 567/567/567 533/533/533
f 532/532/532 566/566/566 567/567/567
f 533/533/533 568/568/568 534/534/534
f 533/533/533 567/567/567 568/568/568
f 534/534/534 569/569/569 535/535/535
f 534/534/534 568/568/568 569/569/569
f 535/535/535 570/570/570 536/536/536
f 535/535/535 569/569/569 570/570/570
f 536/536/536 571/571/571 537/537/537
f 536/536/536 570/570/570 571/571/571
f 537/537/537 572/572/572 538/538/538
f 537/537/537 571/571/571 572/572/572
f 538/538/538 573/573/573 539/539/539
f 538/538/538 572/572/572 573/573/573
f 539/539/539 574/574/574 540/540/540
f 539/539/539 573/573/573 574/574/574
f 540/540/540 575/575/575 541/541/541
f 540/540/540 574/574/574 575/575/575
f 541/541/541 576/576/576 542/542/542
f 541/541/541 575/575/575 576/576/576
f 542/542/542 577/577/577 543/543/543
f 542/542/542 576/576/576 577/577/577
f 543/543/543 578/578/578 544/544/544
f 543/543/543 577/577/577 578/578/578
f 545/545/545 580/580/580 546/546/546
f 545/545/545 579/579/579 580/580/580
f 546/546/546 581/581/581 547/547/547
f 546/546/546 580/580/580 581/581/581
f 547/547/547 582/582/582 548/548/548
f 547/547/547 581/581/581 582/582/582
f 548/548/548 583/583/583 549/549/549
f 548/548/548 582/582/582 583/583/583
f 549/549/549 584/584/584 550/550/550
f 549/549/549 583/583/583 584/584/584
f 550/550/550 585/585/585 551/551/551
f 550/550/550 584/584/584 585/585/585
f 551/551/551 586/586/586 552/552/552
f 551/551/551 585/585/585 586/586/586
f 552/552/552 587/587/587 553/553/553
f 552/552/552 586/586/586 587/587/587
f 553/553/553 588/588/588 554/554/554
f 553/553/553 587/587/587 588/588/588
f 554/554/554 589/589/589 555/555/555
f 554/554/554 588/588/588 589/589/589
f 555/555/555 590/590/590 556/556/556
f 555/555/555 589/589/589 590/590/590
f 556/556/556 591/591/591 557/557/557
f 556/556/556 590/590/590 591/591/591
f 557/557/557 592/592/592 558/558/558
f 557/557/557 591/591/591 592/592/592
f 558/558/558 593/593/593 559/559/559
f 558/558/558 592/592/592 593/593/593
f 559/559/559 594/594/594 560/560/560
f 559/559/559 593/593/593 594/594/594
f 560/560/560 595/595/595 561/561/561
f 560/560/560 594/594/594 595/595/595
f 561/561/561 596/596/596 562/562/562
f 561/561/561 595/595/595 596/596/596
f 562/562/562 597/597/597 563/563/563
f 562/562/562 596/596/596 597/597/597
f 563/563/563 598/598/598 564/564/564
f 563/563/563 597/597/597 598/598/598
f 564/564/564 599/599/599 565/565/565
f 564/564/564 598/598/598 599/599/599
f 565/565/565 600/600/600 566/566/566
f 565/565/565 599/599/599 600/600/600
f 566/566/566 601/601/601 567/567/567
f 566/566/566 600/600/600 601/601/601
f 567/567/567 602/602/602 568/568/568
f 567/567/567 601/601/601 602/602/602
f 568/568/568 603/603/603 569/569/569
f 568/568/568 602/602/602 603/603/603
f 569/569/569 604/604/604 570/570/570
f 569/569/569 603/603/603 604/604/604
f 570/570/570 605/605/605 571/571/571
f 570/570/570 604/604/604 605/605/605
f 571/571/571 606/606/606 572/572/572
f 571/571/571 605/605/605 606/606/606
f 572/572/572 607/607/607 573/573/573
f 572/572/572 606/606/606 607/607/607
f 573/573/573 608/608/608 574/574/574
f 573/573/573 607/607/607 608/608/608
f 574/574/574 609/609/609 575/575/575
f 574/574/574 608/608/608 609/609/609
f 575/575/575 610/610/610 576/576/576
f 575/575/575 609/609/609 610/610/610
f 576/576/576 611/611/611 577/577/577
f 576/576/576 610/610/610 611/611/611
f 577/577/577 612/612/612 578/578/578
f 577/577/577 611/611/611 612/612/612
f 579/579/579 614/614/614 580/580/580
f 579/579/579 613/613/613 614/614/614
f 580/580/580 615/615/615 581/581/581
f 580/580/580 614/614/614 615/615/615
f 581/581/581 616/616/616 582/582/582
f 581/581/581 615/615/615 616/616/616
f 582/582/582 617/617/617 583/583/583
f 582/582/582 616/616/616 617/617/617
f 583/583/583 618/618/618 584/584/584
f 583/583/583 617/617/617 618/618/618
f 584/584/584 619/619/619 585/585/585
f 584/584/584 618/618/618 619/619/619
f 585/585/585 620/620/620 586/586/586
f 585/585/585 619/619/619 620/620/620
f 586/586/586 621/621/621 587/587/587
f 586/586/586 620/620/620 621/621/621
f 587/587/587 622/622/622 588/588/588
f 587/587/587 621/621/621 622/622/622
f 588/588/588 623/623/623 589/589/589
f 588/588/588 622/622/622 623/623/623
f 589/589/589 624/624/624 590/590/590
f 589/589/589 623/623/623 624/624/624
f 590/590/590 625/625/625 591/591/591
f 590/590/590 624/624/624 625/625/625
f 591/591/591 626/626/626 592/592/592
f 591/591/591 625/625/625 626/626/626
f 592/592/592 627/627/627 593/593/593
f 592/592/592 626/626/626 627/627/627
f 593/593/593 628/628/628 594/594/594
f 593/593/593 627/627/627 628/628/628
f 594/594/594 629/629/629 595/595/595
f 594/594/594 628/628/628 629/629/629
f 595/595/595 630/630/630 596/596/596
f 595/595/595 629/629/629 630/630/630
f 596/596/596 631/631/631 597/597/597
f 596/596/596 630/630/630 631/631/631
f 597/597/597 632/632/632 598/598/598
f 597/597/597 631/631/631 632/632/632
f 598/598/598 633/633/633 599/599/599
f 598/598/598 632/632/632 633/633/633
f 599/599/599 634/634/634 600/600/600
f 599/599/599 633/633/633 634/634/634
f 600/600/600 635/635/635 601/601/601
f 600/600/600 634/634/634 635/635/635
f 601/601/601 636/636/636 602/602/602
f 601/601/601 635/635/635 636/636/636
f 602/602/602 637/637/637 603/603/603
f 602/602/602 636/636/636 637/637/637
f 603/603/603 638/638/638 604/604/604
f 603/603/603 637/637/637 638/638/638
f 604/604/604 639/639/639 605/605/605
f 604/604/604 638/638/638 639/639/639
f 605/605/605 640/640/640 606/606/606
f 605/605/605 639/639/639 640/640/640
f 606/606/606 641/641/641 607/607/607
f 606/606/606 640/640/640 641/641/641
f 607/607/607 642/642/642 608/608/608
f 607/607/607 641/641/641 642/642/642
f 608/608/608 643/643/643 609/609/609
f 608/608/608 642/642/642 643/643/643
f 609/609/609 644/644/644 610/610/610
f 609/609/609 643/643/643 644/644/644
f 610/610/610 645/645/645 611/611/611
f 610/610/610 644/644/644 645/645/645
f 611/611/611 646/646/646 612/612/612
f 611/611/611 645/645/645 646/646/646
f 613/613/613 648/648/648 614/614/614
f 613/613/613 647/647/647 648/648/648
f 614/614/614 649/649/649 615/615/615
f 614/614/614 648/648/648 649/649/649
f 615/615/615 650/650/650 616/616/616
f 615/615/615 649/649/649 650/650/650
f 616/616/616 651/651/651 617/617/617
f 616/616/616 650/650/650 651/651/651
f 617/617/617 652/652/652 618/618/618
f 617/617/617 651/651/651 652/652/652
f 618/618/618 653/653/653 619/619/619
f 618/618/618 652/652/652 653/653/653
f 619/619/619 654/654/654 620/620/620
f 619/619/619 653/653/653 654/654/654
f 620/620/620 655/655/655 621/621/621
f 620/620/620 654/654/654 655/655/655
f 621/621/621 656/656/656 622/622/622
f 621/621/621 655/655/655 656/656/656
f 622/622/622 657/657/657 623/623/623
f 622/622/622 656/656/656 657/657/657
f 623/623/623 658/658/658 624/624/624
f 623/623/623 657/657/657 658/658/658
f 624/624/624 659/659/659 625/625/625
f 624/624/624 658/658/658 659/659/659
f 625/625/625 660/660/660 626/626/626
f 625/625/625 659/659/659 660/660/660
f 626/626/626 661/661/661 627/627/627
f 626/626/626 660/660/660 661/661/661
f 627/627/627 662/662/662 628/628/628
f 627/627/627 661/661/661 662/662/662
f 628/628/628 663/663/663 629/629/629
f 628/628/628 662/662/662 663/663/663
f 629/629/629 664/664/664 630/630/630
f 629/629/629 663/663/663 664/664/664
f 630/630/630 665/665/665 631/631/631
f 630/630/630 664/664/664 665/665/665
f 631/631/631 666/666/666 632/632/632
f 631/631/631 665/665/665 666/666/666
f 632/632/632 667/667/667 633/633/633
f 632/632/632 666/666/666 667/667/667
f 633/633/633 668/668/668 634/634/634
f 633/633/633 667/667/667 668/668/668
f 634/634/634 669/669/669 635/635/635
f 634/634/634 668/668/668 669/669/669
f 635/635/635 670/670/670 636/636/636
f 635/635/635 669/669/669 670/670/670
f 636/636/636 671/671/671 637/637/637
f 636/636/636 670/670/670 671/671/671
f 637/637/637 672/672/672 638/638/638
f 637/637/637 671/671/671 672/672/672
f 638/638/638 673/673/673 639/639/639
f 638/638/638 672/672/672 673/673/673
f 639/639/639 674/674/674 640/640/640
f 639/639/639 673/673/673 674/674/674
f 640/640/640 675/675/675 641/641/641
f 640/640/640 674/674/674 675/675/675
f 641/641/641 676/676/676 642/642/642
f 641/641/641 675/675/675 676/676/676
f 642/642/642 677/677/677 643/643/643
f 642/642/642 676/676/676 677/677/677
f 643/643/643 678/678/678 644/644/644
f 643/643/643 677/677/677 678/678/678
f 644/644/644 679/679/679 645/645/645
f 644/644/644 678/678/678 679/679/679
f 645/645/645 680/680/680 646/646/646
f 645/645/645 679/679/679 680/680/680
f 647/647/647 682/682/682 648/648/648
f 647/647/647 681/681/681 682/682/682
f 648/648/648 683/683/683 649/649/649
f 648/648/648 682/682/682 683/683/683
f 649/649/649 684/684/684 650/650/650
f 649/649/649 683/683/683 684/684/684
f 650/650/650 685/685/685 651/651/651
f 650/650/650 684/684/684 685/685/685
f 651/651/651 686/686/686 652/652/652
f 651/651/651 685/685/685 686/686/686
f 652/652/652 687/687/687 653/653/653
f 652/652/652 686/686/686 687/687/687
f 653/653/653 688/688/688 654/654/654
f 653/653/653 687/687/687 688/688/688
f 654/654/654 689/689/689 655/655/655
f 654/654/654 688/688/688 689/689/689
f 655/655/655 690/690/690 656/656/656
f 655/655/655 689/689/689 690/690/690
f 656/656/656 691/691/691 657/657/657
f 656/656/656 690/690/690 691/691/691
f 657/657/657 692/692/692 658/658/658
f 657/657/657 691/691/691 692/692/692
f 658/658/658 693/693/693 659/659/659
f 658/658/658 692/692/692 693/693/693
f 659/659/659 694/694/694 660/660/660
f 659/659/659 693/693/693 694/694/694
f 660/660/660 695/695/695 661/661/661
f 660/660/660 694/694/694 695/695/695
f 661/661/661 696/696/696 662/662/662
f 661/661/661 695/695/695 696/696/696
f 662/662/662 697/697/697 663/663/663
f 662/662/662 696/696/696 697/697/697
f 663/663/663 698/698/698 664/664/664
f 663/663/663 697/697/697 698/698/698
f 664/664/664 699/699/699 665/665/665
f 664/664/664 698/698/698 699/699/699
f 665/665/665 700/700/700 666/666/666
f 665/665/665 699/699/699 700/700/700
f 666/666/666 701/701/701 667/667/667
f 666/666/666 700/700/700 701/701/701
f 667/667/667 702/702/702 668/668/668
f 667/667/667 701/701/701 702/702/702
f 668/668/668 703/703/703 669/669/669
f 668/668/668 702/702/702 703/703/703
f 669/669/669 704/704/704 670/670/670
f 669/669/669 703/703/703 704/704/704
f 670/670/670 705/705/705 671/671/671
f 670/670/670 704/704/704 705/705/705
f 671/671/671 706/706/706 672/672/672
f 671/671/671 705/705/705 706/706/706
f 672/672/672 707/707/707 673/673/673
f 672/672/672 706/706/706 707/707/707
f 673/673/673 708/708/708 674/674/674
f 673/673/673 707/707/707 708/708/708
f 674/674/674 709/709/709 675/675/675
f 674/674/674 708/708/708 709/709/709
f 675/675/675 710/710/710 676/676/676
f 675/675/675 709/709/709 710/710/710
f 676/676/676 711/711/711 677/677/677
f 676/676/676 710/710/710 711/711/711
f 677/677/677 712/712/712 678/678/678
f 677/677/677 711/711/711 712/712/712
f 678/678/678 713/713/713 679/679/679
f 678/678/678 712/712/712 713/713/713
f 679/679/679 714/714/714 680/680/680
f 679/679/679 713/713/713 714/714/714
f 681/681/681 716/716/716 682/682/682
f 681/681/681 715/715/715 716/716/716
f 682/682/682 717/717/717 683/683/683
f 682/682/682 716/716/716 717/717/717
f 683/683/683 718/718/718 684/684/684
f 683/683/683 717/717/717 718/718/718
f 684/684/684 719/719/719 685/685/685
f 684/684/684 718/718/718 719/719/719
f 685/685/685 720/720/720 686/686/686
f 685/685/685 719/719/719 720/720/720
f 686/686/686 721/721/721 687/687/687
f 686/686/686 720/720/720 721/721/721
f 687/687/687 722/722/722 688/688/688
f 687/687/687 721/721/721 722/722/722
f 688/688/688 723/723/723 689/689/689
f 688/688/688 722/722/722 723/723/723
f 689/689/689 724/724/724 690/690/690
f 689/689/689 723/723/723 724/724/724
f 690/690/690 725/725/725 691/691/691
f 690/690/690 724/724/724 725/725/725
f 691/691/691 726/726/726 692/692/692
f 691/691/691 725/725/725 726/726/726
f 692/692/692 727/727/727 693/693/693
f 692/692/692 726/726/726 727/727/727
f 693/693/693 728/728/728 694/694/694
f 693/693/693 727/727/727 728/728/728
f 694/694/694 729/729/729 695/695/695
f 694/694/694 728/728/728 729/729/729
f 695/695/695 730/730/730 696/696/696
f 695/695/695 729/729/729 730/730/730
f 696/696/696 731/731/731 697/697/697
f 696/696/696 730/730/730 731/731/731
f 697/697/697 732/732/732 698/698/698
f 697/697/697 731/731/731 732/732/732
f 698/698/698 733/733/733 699/699/699
f 698/698/698 732/732/732 733/733/733
f 699/699/699 734/734/734 700/700/700
f 699/699/699 733/733/733 734/734/734
f 700/700/700 735/735/735 701/701/701
f 700/700/700 734/734/734 735/735/735
f 701/701/701 736/736/736 702/702/702
f 701/701/701 735/735/735 736/736/736
f 702/702/702 737/737/737 703/703/703
f 702/702/702 736/736/736 737/737/737
f 703/703/703 738/738/738 704/704/704
f 703/703/703 737/737/737 738/738/738
f 704/704/704 739/739/739 705/705/705
f 704/704/704 738/738/738 739/739/739
f 705/705/705 740/740/740 706/706/706
f 705/705/705 739/739/739 740/740/740
f 706/706/706 741/741/741 707/707/707
f 706/706/706 740/740/740 741/741/741
f 707/707/707 742/742/742 708/708/708
f 707/707/707 741/741/741 742/742/742
f 708/708/708 743/743/743 709/709/709
f 708/708/708 742/742/742 743/743/743
f 709/709/709 744/744/744 710/710/710
f 709/709/709 743/743/743 744/744/744
f 710/710/710 745/745/745 711/711/711
f 710/710/710 744/744/744 745/745/745
f 711/711/711 746/746/746 712/712/712
f 711/711/711 745/745/745 746/746/746
f 712/712/712 747/747/747 713/713/713
f 712/712/712 746/746/746 747/747/747
f 713/713/713 748/748/748 714/714/714
f 713/713/713 747/747/747 748/748/748
f 715/715/715 750/750/750 716/716/716
f 715/715/715 749/749/749 750/750/750
f 716/716/716 751/751/751 717/717/717
f 716/716/716 750/750/750 751/751/751
f 717/717/717 752/752/752 718/718/718
f 717/717/717 751/751/751 752/752/752
f 718/718/718 753/753/753 719/719/719
f 718/718/718 752/752/752 753/753/753
f 719/719/719 754/754/754 720/720/720
f 719/719/719 753/753/753 754/754/754
f 720/720/720 755/755/755 721/721/721
f 720/720/720 754/754/754 755/755/755
f 721/721/721 756/756/756 722/722/722
f 721/721/721 755/755/755 756/756/756
f 722/722/722 757/757/757 723/723/723
f 722/722/722 756/756/756 757/757/757
f 723/723/723 758/758/758 724/724/724
f 723/723/723 757/757/757 758/758/758
f 724/724/724 759/759/759 725/725/725
f 724/724/724 758/758/758 759/759/759
f 725/725/725 760/760/760 726/726/726
f 725/725/725 759/759/759 760/760/760
f 726/726/726 761/761/761 727/727/727
f 726/726/726 760/760/760 761/761/761
f 727/727/727 762/762/762 728/728/728
f 727/727/727 761/761/761 762/762/762
f 728/728/728 763/763/763 729/729/729
f 728/728/728 762/762/762 763/763/763
f 729/729/729 764/764/764 730/730/730
f 729/729/729 763/763/763 764/764/764
f 730/730/730 765/765/765 731/731/731
f 730/730/730 764/764/764 765/765/765
f 731/731/731 766/766/766 732/732/732
f 731/731/731 765/765/765 766/766/766
f 732/732/732 767/767/767 733/733/733
f 732/732/732 766/766/766 767/767/767
f 733/733/733 768/768/768 734/734/734
f 733/733/733 767/767/767 768/768/768
f 734/734/734 769/769/769 735/735/735
f 734/734/734 768/768/768 769/769/769
f 735/735/735 770/770/770 736/736/736
f 735/735/735 769/769/769 770/770/770
f 736/736/736 771/771/771 737/737/737
f 736/736/736 770/770/770 771/771/771
f 737/737/737 772/772/772 738/738/738
f 737/737/737 771/771/771 772/772/772
f 738/738/738 773/773/773 739/739/739
f 738/738/738 772/772/772 773/773/773
f 739/739/739 774/774/774 740/740/740
f 739/739/739 773/773/773 774/774/774
f 740/740/740 775/775/775 741/741/741
f 740/740/740 774/774/774 775/775/775
f 741/741/741 776/776/776 742/742/742
f 741/741/741 775/775/775 776/776/776
f 742/742/742 777/777/777 743/743/743
f 742/742/742 776/776/776 777/777/777
f 743/743/743 778/778/778 744/744/744
f 743/743/743 777/777/777 778/778/778
f 744/744/744 779/779/779 745/745/745
f 744/744/744 778/778/778 779/779/779
f 745/745/745 780/780/780 746/746/746
f 745/745/745 779/779/779 780/780/780
f 746/746/746 781/781/781 747/747/747
f 746/746/746 780/780/780 781/781/781
f 747/747/747 782/782/782 748/748/748
f 747/747/747 781/781/781 782/782/782
f 749/749/749 784/784/784 750/750/750
f 749/749/749 783/783/783 784/784/784
f 750/750/750 785/785/785 751/751/751
f 750/750/750 784/784/784 785/785/785
f 751/751/751 786/786/786 752/752/752
f 751/751/751 785/785/785 786/786/786
f 752/752/752 787/787/787 753/753/753
f 752/752/752 786/786/786 787/787/787
f 753/753/753 788/788/788 754/754/754
f 753/753/753 787/787/787 788/788/788
f 754/754/754 789/789/789 755/755/755
f 754/754/754 788/788/788 789/789/789
f 755/755/755 790/790/790 756/756/756
f 755/755/755 789/789/789 790/790/790
f 756/756/756 791/791/791 757/757/757
f 756/756/756 790/790/790 791/791/791
f 757/757/757 792/792/792 758/758/758
f 757/757/757 791/791/791 792/792/792
f 758/758/758 793/793/793 759/759/759
f 758/758/758 792/792/792 793/793/793
f 759/759/759 794/794/794 760/760/760
f 759/759/759 793/793/793 794/794/794
f 760/760/760 795/795/795 761/761/761
f 760/760/760 794/794/794 795/795/795
f 761/761/761 796/796/796 762/762/762
f 761/761/761 795/795/795 796/796/796
f 762/762/762 797/797/797 763/763/763
f 762/762/762 796/796/796 797/797/797
f 763/763/763 798/798/798 764/764/764
f 763/763/763 797/797/797 798/798/798
f 764/764/764 799/799/799 765/765/765
f 764/764/764 798/798/798 799/799/799
f 765/765/765 800/800/800 766/766/766
f 765/765/765 799/799/799 800/800/800
f 766/766/766 801/801/801 767/767/767
f 766/766/766 800/800/800 801/801/801
f 767/767/767 802/802/802 768/768/768
f 767/767/767 801/801/801 802/802/802
f 768/768/768 803/803/803 769/769/769
f 768/768/768 802/802/802 803/803/803
f 769/769/769 804/804/804 770/770/770
f 769/769/769 803/803/803 804/804/804
f 770/770/770 805/805/805 771/771/771
f 770/770/770 804/804/804 805/805/805
f 771/771/771 806/806/806 772/772/772
f 771/771/771 805/805/805 806/806/806
f 772/772/772 807/807/807 773/773/773
f 772/772/772 806/806/806 807/807/807
f 773/773/773 808/808/808 774/774/774
f 773/773/773 807/807/807 808/808/808
f 774/774/774 809/809/809 775/775/775
f 774/774/774 808/808/808 809/809/809
f 775/775/775 810/810/810 776/776/776
f 775/775/775 809/809/809 810/810/810
f 776/776/776 811/811/811 777/777/777
f 776/776/776 810/810/810 811/811/811
f 777/777/777 812/812/812 778/778/778
f 777/777/777 811/811/811 812/812/812
f 778/778/778 813/813/813 779/779/779
f 778/778/778 812/812/812 813/813/813
f 779/779/779 814/814/814 780/780/780
f 779/779/779 813/813/813 814/814/814
f 780/780/780 815/815/815 781/781/781
f 780/780/780 814/814/814 815/815/815
f 781/781/781 816/816/816 782/782/782
f 781/781/781 815/815/815 816/816/816
f 783/783/783 818/818/818 784/784/784
f 783/783/783 817/817/817 818/818/818
f 784/784/784 819/819/819 785/785/785
f 784/784/784 818/818/818 819/819/819
f 785/785/785 820/820/820 786/786/786
f 785/785/785 819/819/819 820/820/820
f 786/786/786 821/821/821 787/787/787
f 786/786/786 820/820/820 821/821/821
f 787/787/787 822/822/822 788/788/788
f 787/787/787 821/821/821 822/822/822
f 788/788/788 823/823/823 789/789/789
f 788/788/788 822/822/822 823/823/823
f 789/789/789 824/824/824 790/790/790
f 789/789/789 823/823/823 824/824/824
f 790/790/790 825/825/825 791/791/791
f 790/790/790 824/824/824 825/825/825
f 791/791/791 826/826/826 792/792/792
f 791/791/791 825/825/825 826/826/826
f 792/792/792 827/827/827 793/793/793
f 792/792/792 826/826/826 827/827/827
f 793/793/793 828/828/828 794/794/794
f 793/793/793 827/827/827 828/828/828
f 794/794/794 829/829/829 795/795/795
f 794/794/794 828/828/828 829/829/829
f 795/795/795 830/830/830 796/796/796
f 795/795/795 829/829/829 830/830/830
f 796/796/796 831/831/831 797/797/797
f 796/796/796 830/830/830 831/831/831
f 797/797/797 832/832/832 798/798/798
f 797/797/797 831/831/831 832/832/832
f 798/798/798 833/833/833 799/799/799
f 798/798/798 832/832/832 833/833/833
f 799/799/799 834/834/834 800/800/800
f 799/799/799 833/833/833 834/834/834
f 800/800/800 835/835/835 801/801/801
f 800/800/800 834/834/834 835/835/835
f 801/801/801 836/836/836 802/802/802
f 801/801/801 835/835/835 836/836/836
f 802/802/802 837/837/837 803/803/803
f 802/802/802 836/836/836 837/837/837
f 803/803/803 838/838/838 804/804/804
f 803/803/803 837/837/837 838/838/838
f 804/804/804 839/839/839 805/805/805
f 804/804/804 838/838/838 839/839/839
f 805/805/805 840/840/840 806/806/806
f 805/805/805 839/839/839 840/840/840
f 806/806/806 841/841/841 807/807/807
f 806/806/806 840/840/840 841/841/841
f 807/807/807 842/842/842 808/808/808
f 807/807/807 841/841/841 842/842/842
f 808/808/808 843/843/843 809/809/809
f 808/808/808 842/842/842 843/843/843
f 809/809/809 844/844/844 810/810/810
f 809/809/809 843/843/843 844/844/844
f 810/810/810 845/845/845 811/811/811
f 810/810/810 844/844/844 845/845/845
f 811/811/811 846/846/846 812/812/812
f 811/811/811 845/845/845 846/846/846
f 812/812/812 847/847/847 813/813/813
f 812/812/812 846/846/846 847/847/847
f 813/813/813 848/848/848 814/814/814
f 813/813/813 847/847/847 848/848/848
f 814/814/814 849/849/849 815/815/815
f 814/814/814 848/848/848 849/849/849
f 815/815/815 850/850/850 816/816/816
f 815/815/815 849/849/849 850/850/850
f 817/817/817 852/852/852 818/818/818
f 817/817/817 851/851/851 852/852/852
f 818/818/818 853/853/853 819/819/819
f 818/818/818 852/852/852 853/853/853
f 819/819/819 854/854/854 820/820/820
f 819/819/819 853/853/853 854/854/854
f 820/820/820 855/855/855 821/821/821
f 820/820/820 854/854/854 855/855/855
f 821/821/821 856/856/856 822/822/822
f 821/821/821 855/855/855 856/856/856
f 822/822/822 857/857/857 823/823/823
f 822/822/822 856/856/856 857/857/857
f 823/823/823 858/858/858 824/824/824
f 823/823/823 857/857/857 858/858/858
f 824/824/824 859/859/859 825/825/825
f 824/824/824 858/858/858 859/859/859
f 825/825/825 860/860/860 826/826/826
f 825/825/825 859/859/859 860/860/860
f 826/826/826 861/861/861 827/827/827
f 826/826/826 860/860/860 861/861/861
f 827/827/827 862/862/862 828/828/828
f 827/827/827 861/861/861 862/862/862
f 828/828/828 863/863/863 829/829/829
f 828/828/828 862/862/862 863/863/863
f 829/829/829 864/864/864 830/830/830
f 829/829/829 863/863/863 864/864/864
f 830/830/830 865/865/865 831/831/831
f 830/830/830 864/864/864 865/865/865
f 831/831/831 866/866/866 832/832/832
f 831/831/831 865/865/865 866/866/866
f 832/832/832 867/867/867 833/833/833
f 832/832/832 866/866/866 867/867/867
f 833/833/833 868/868/868 834/834/834
f 833/833/833 867/867/867 868/868/868
f 834/834/834 869/869/869 835/835/835
f 834/834/834 868/868/868 869/869/869
f 835/835/835 870/870/870 836/836/836
f 835/835/835 869/869/869 870/870/870
f 836/836/836 871/871/871 837/837/837
f 836/836/836 870/870/870 871/871/871
f 837/837/837 872/872/872 838/838/838
f 837/837/837 871/871/871 872/872/872
f 838/838/838 873/873/873 839/839/839
f 838/838/838 872/872/872 873/873/873
f 839/839/839 874/874/874 840/840/840
f 839/839/839 873/873/873 874/874/874
f 840/840/840 875/875/875 841/841/841
f 840/840/840 874/874/874 875/875/875
f 841/841/841 876/876/876 842/842/842
f 841/841/841 875/875/875 876/876/876
f 842/842/842 877/877/877 843/843/843
f 842/842/842 876/876/876 877/877/877
f 843/843/843 878/878/878 844/844/844
f 843/843/843 877/877/877 878/878/878
f 844/844/844 879/879/879 845/845/845
f 844/844/844 878/878/878 879/879/879
f 845/845/845 880/880/880 846/846/846
f 845/845/845 879/879/879 880/880/880
f 846/846/846 881/881/881 847/847/847
f 846/846/846 880/880/880 881/881/881
f 847/847/847 882/882/882 848/848/848
f 847/847/847 881/881/881 882/882/882
f 848/848/848 883/883/883 849/849/849
f 848/848/848 882/882/882 883/883/883
f 849/849/849 884/884/884 850/850/850
f 849/849/849 883/883/883 884/884/884
f 851/851/851 886/886/886 852/852/852
f 851/851/851 885/885/885 886/886/886
f 852/852/852 887/887/887 853/853/853
f 852/852/852 886/886/886 887/887/887
f 853/853/853 888/888/888 854/854/854
f 853/853/853 887/887/887 888/888/888
f 854/854/854 889/889/889 855/855/855
f 854/854/854 888/888/888 889/889/889
f 855/855/855 890/890/890 856/856/856
f 855/855/855 889/889/889 890/890/890
f 856/856/856 891/891/891 857/857/857
f 856/856/856 890/890/890 891/891/891
f 857/857/857 892/892/892 858/858/858
f 857/857/857 891/891/891 892/892/892
f 858/858/858 893/893/893 859/859/859
f 858/858/858 892/892/892 893/893/893
f 859/859/859 894/894/894 860/860/860
f 859/859/859 893/893/893 894/894/894
f 860/860/860 895/895/895 861/861/861
f 860/860/860 894/894/894 895/895/895
f 861/861/861 896/896/896 862/862/862
f 861/861/861 895/895/895 896/896/896
f 862/862/862 897/897/897 863/863/863
f 862/862/862 896/896/896 897/897/897
f 863/863/863 898/898/898 864/864/864
f 863/863/863 897/897/897 898/898/898
f 864/864/864 899/899/899 865/865/865
f 864/864/864 898/898/898 899/899/899
f 865/865/865 900/900/900 866/866/866
f 865/865/865 899/899/899 900/900/900
f 866/866/866 901/901/901 867/867/867
f 866/866/866 900/900/900 901/901/901
f 867/867/867 902/902/902 868/868/868
f 867/867/867 901/901/901 902/902/902
f 868/868/868 903/903/903 869/869/869
f 868/868/868 902/902/902 903/903/903
f 869/869/869 904/904/904 870/870/870
f 869/869/869 903/903/903 904/904/904
f 870/870/870 905/905/905 871/871/871
f 870/870/870 904/904/904 905/905/905
f 871/871/871 906/906/906 872/872/872
f 871/871/871 905/905/905 906/906/906
f 872/872/872 907/907/907 873/873/873
f 872/872/872 906/906/906 907/907/907
f 873/873/873 908/908/908 874/874/874
f 873/873/873 907/907/907 908/908/908
f 874/874/874 909/909/909 875/875/875
f 874/874/874 908/908/908 909/909/909
f 875/875/875 910/910/910 876/876/876
f 875/875/875 909/909/909 910/910/910
f 876/876/876 911/911/911 877/877/877
f 876/876/876 910/910/910 911/911/911
f 877/877/877 912/912/912 878/878/878
f 877/877/877 911/911/911 912/912/912
f 878/878/878 913/913/913 879/879/879
f 878/878/878 912/912/912 913/913/913
f 879/879/879 914/914/914 880/880/880
f 879/879/879 913/913/913 914/914/914
f 880/880/880 915/915/915 881/881/881
f 880/880/880 914/914/914 915/915/915
f 881/881/881 916/916/916 882/882/882
f 881/881/881 915/915/915 916/916/916
f 882/882/882 917/917/917 883/883/883
f 882/882/882 916/916/916 917/917/917
f 883/883/883 918/918/918 884/884/884
f 883/883/883 917/917/917 918/918/918
f 885/885/885 920/920/920 886/886/886
f 885/885/885 919/919/919 920/920/920
f 886/886/886 921/921/921 887/887/887
f 886/886/886 920/920/920 921/921/921
f 887/887/887 922/922/922 888/888/888
f 887/887/887 921/921/921 922/922/922
f 888/888/888 923/923/923 889/889/889
f 888/888/888 922/922/922 923/923/923
f 889/889/889 924/924/924 890/890/890
f 889/889/889 923/923/923 924/924/924
f 890/890/890 925/925/925 891/891/891
f 890/890/890 924/924/924 925/925/925
f 891/891/891 926/926/926 892/892/892
f 891/891/891 925/925/925 926/926/926
f 892/892/892 927/927/927 893/893/893
f 892/892/892 926/926/926 927/927/927
f 893/893/893 928/928/928 894/894/894
f 893/893/893 927/927/927 928/928/928
f 894/894/894 929/929/929 895/895/895
f 894/894/894 928/928/928 929/929/929
f 895/895/895 930/930/930 896/896/896
f 895/895/895 929/929/929 930/930/930
f 896/896/896 931/931/931 897/897/897
f 896/896/896 930/930/930 931/931/931
f 897/897/897 932/932/932 898/898/898
f 897/897/897 931/931/931 932/932/932
f 898/898/898 933/933/933 899/899/899
f 898/898/898 932/932/932 933/933/933
f 899/899/899 934/934/934 900/900/900
f 899/899/899 933/933/933 934/934/934
f 900/900/900 935/935/935 901/901/901
f 900/900/900 934/934/934 935/935/935
f 901/901/901 936/936/936 902/902/902
f 901/901/901 935/935/935 936/936/936
f 902/902/902 937/937/937 903/903/903
f 902/902/902 936/936/936 937/937/937
f 903/903/903 938/938/938 904/904/904
f 903/903/903 937/937/937 938/938/938
f 904/904/904 939/939/939 905/905/905
f 904/904/904 938/938/938 939/939/939
f 905/905/905 940/940/940 906/906/906
f 905/905/905 939/939/939 940/940/940
f 906/906/906 941/941/941 907/907/907
f 906/906/906 940/940/940 941/941/941
f 907/907/907 942/942/942 908/908/908
f 907/907/907 941/941/941 942/942/942
f 908/908/908 943/943/943 909/909/909
f 908/908/908 942/942/942 943/943/943
f 909/909/909 944/944/944 910/910/910
f 909/909/909 943/943/943 944/944/944
f 910/910/910 945/945/945 911/911/911
f 910/910/910 944/944/944 945/945/945
f 911/911/911 946/946/946 912/912/912
f 911/911/911 945/945/945 946/946/946
f 912/912/912 947/947/947 913/913/913
f 912/912/912 946/946/946 947/947/947
f 913/913/913 948/948/948 914/914/914
f 913/913/913 947/947/947 948/948/948
f 914/914/914 949/949/949 915/915/915
f 914/914/914 948/948/948 949/949/949
f 915/915/915 950/950/950 916/916/916
f 915/915/915 949/949/949 950/950/950
f 916/916/916 951/951/951 917/917/917
f 916/916/916 950/950/950 951/951/951
f 917/917/917 952/952/952 918/918/918
f 917/917/917 951/951/951 952/952/952
f 919/919/919 954/954/954 920/920/920
f 919/919/919 953/953/953 954/954/954
f 920/920/920 955/955/955 921/921/921
f 920/920/920 954/954/954 955/955/955
f 921/921/921 956/956/956 922/922/922
f 921/921/921 955/955/955 956/956/956
f 922/922/922 957/957/957 923/923/923
f 922/922/922 956/956/956 957/957/957
f 923/923/923 958/958/958 924/924/924
f 923/923/923 957/957/957 958/958/958
f 924/924/924 959/959/959 925/925/925
f 924/924/924 958/958/958 959/959/959
f 925/925/925 960/960/960 926/926/926
f 925/925/925 959/959/959 960/960/960
f 926/926/926 961/961/961 927/927/927
f 926/926/926 960/960/960 961/961/961
f 927/927/927 962/962/962 928/928/928
f 927/927/927 961/961/961 962/962/962
f 928/928/928 963/963/963 929/929/929
f 928/928/928 962/962/962 963/963/963
f 929/929/929 964/964/964 930/930/930
f 929/929/929 963/963/963 964/964/964
f 930/930/930 965/965/965 931/931/931
f 930/930/930 964/964/964 965/965/965
f 931/931/931 966/966/966 932/932/932
f 931/931/931 965/965/965 966/966/966
f 932/932/932 967/967/967 933/933/933
f 932/932/932 966/966/966 967/967/967
f 933/933/933 968/968/968 934/934/934
f 933/933/933 967/967/967 968/968/968
f 934/934/934 969/969/969 935/935/935
f 934/934/934 968/968/968 969/969/969
f 935/935/935 970/970/970 936/936/936
f 935/935/935 969/969/969 970/970/970
f 936/936/936 971/971/971 937/937/937
f 936/936/936 970/970/970 971/971/971
f 937/937/937 972/972/972 938/938/938
f 937/937/937 971/971/971 972/972/972
f 938/938/938 973/973/973 939/939/939
f 938/938/938 972/972/972 973/973/973
f 939/939/939 974/974/974 940/940/940
f 939/939/939 973/973/973 974/974/974
f 940/940/940 975/975/975 941/941/941
f 940/940/940 974/974/974 975/975/975
f 941/941/941 976/976/976 942/942/942
f 941/941/941 975/975/975 976/976/976
f 942/942/942 977/977/977 943/943/943
f 942/942/942 976/976/976 977/977/977
f 943/943/943 978/978/978 944/944/944
f 943/943/943 977/977/977 978/978/978
f 944/944/944 979/979/979 945/945/945
f 944/944/944 978/978/978 979/979/979
f 945/945/945 980/980/980 946/946/946
f 945/945/945 979/979/979 980/980/980
f 946/946/946 981/981/981 947/947/947
f 946/946/946 980/980/980 981/981/981
f 947/947/947 982/982/982 948/948/948
f 947/947/947 981/981/981 982/982/982
f 948/948/948 983/983/983 949/949/949
f 948/948/948 982/982/982 983/983/983
f 949/949/949 984/984/984 950/950/950
f 949/949/949 983/983/983 984/984/984
f 950/950/950 985/985/985 951/951/951
f 950/950/950 984/984/984 985/985/985
f 951/951/951 986/986/986 952/952/952
f 951/951/951 985/985/985 986/986/986
f 953/953/953 988/988/988 954/954/954
f 953/953/953 987/987/987 988/988/988
f 954/954/954 989/989/989 955/955/955
f 954/954/954 988/988/988 989/989/989
f 955/955/955 990/990/990 956/956/956
f 955/955/955 989/989/989 990/990/990
f 956/956/956 991/991/991 957/957/957
f 956/956/956 990/990/990 991/991/991
f 957/957/957 992/992/992 958/958/958
f 957/957/957 991/991/991 992/992/992
f 958/958/958 993/993/993 959/959/959
f 958/958/958 992/992/992 993/993/993
f 959/959/959 994/994/994 960/960/960
f 959/959/959 993/993/993 994/994/994
f 960/960/960 995/995/995 961/961/961
f 960/960/960 994/994/994 995/995/995
f 961/961/961 996/996/996 962/962/962
f 961/961/961 995/995/995 996/996/996
f 962/962/962 997/997/997 963/963/963
f 962/962/962 996/996/996 997/997/997
f 963/963/963 998/998/998 964/964/964
f 963/963/963 997/997/997 998/998/998
f 964/964/964 999/999/999 965/965/965
f 964/964/964 998/998/998 999/999/999
f 965/965/965 1000/1000/1000 966/966/966
f 965/965/965 999/999/999 1000/1000/1000
f 966/966/966 1001/1001/1001 967/967/967
f 966/966/966 1000/1000/1000 1001/1001/1001
f 967/967/967 1002/1002/1002 968/968/968
f 967/967/967 1001/1001/1001 1002/1002/1002
f 968/968/968 1003/1003/1003 969/969/969
f 968/968/968 1002/1002/1002 1003/1003/1003
f 969/969/969 1004/1004/1004 970/970/970
f 969/969/969 1003/1003/1003 1004/1004/1004
f 970/970/970 1005/1005/1005 971/971/971
f 970/970/970 1004/1004/1004 1005/1005/1005
f 971/971/971 1006/1006/1006 972/972/972
f 971/971/971 1005/1005/1005 1006/1006/1006
f 972/972/972 1007/1007/1007 973/973/973
f 972/972/972 1006/1006/1006 1007/1007/1007
f 973/973/973 1008/1008/1008 974/974/974
f 973/973/973 1007/1007/1007 1008/1008/1008
f 974/974/974 1009/1009/1009 975/975/975
f 974/974/974 1008/1008/1008 1009/1009/1009
f 975/975/975 1010/1010/1010 976/976/976
f 975/975/975 1009/1009/1009 1010/1010/1010
f 976/976/976 1011/1011/1011 977/977/977
f 976/976/976 1010/1010/1010 1011/1011/1011
f 977/977/977 1012/1012/1012 978/978/978
f 977/977/977 1011/1011/1011 1012/1012/1012
f 978/978/978 1013/1013/1013 979/979/979
f 978/978/978 1012/1012/1012 1013/1013/1013
f 979/979/979 1014/1014/1014 980/980/980
f 979/979/979 1013/1013/1013 1014/1014/1014
f 980/980/980 1015/1015/1015 981/981/981
f 980/980/980 1014/1014/1014 1015/1015/1015
f 981/981/981 1016/1016/1016 982/982/982
f 981/981/981 1015/1015/1015 1016/1016/1016
f 982/982/982 1017/1017/1017 983/983/983
f 982/982/982 1016/1016/1016 1017/1017/1017
f 983/983/983 1018/1018/1018 984/984/984
f 983/983/983 1017/1017/1017 1018/1018/1018
f 984/984/984 1019/1019/1019 985/985/985
f 984/984/984 1018/1018/1018 1019/1019/1019
f 985/985/985 1020/1020/1020 986/986/986
f 985/985/985 1019/1019/1019 1020/1020/1020
f 987/987/987 1022/1022/1022 988/988/988
f 987/987/987 1021/1021/1021 1022/1022/1022
f 988/988/988 1023/1023/1023 989/989/989
f 988/988/988 1022/1022/1022 1023/1023/1023
f 989/989/989 1024/1024/1024 990/990/990
f 989/989/989 1023/1023/1023 1024/1024/1024
f 990/990/990 1025/1025/1025 991/991/991
f 990/990/990 1024/1024/1024 1025/1025/1025
f 991/991/991 1026/1026/1026 992/992/992
f 991/991/991 1025/1025/1025 1026/1026/1026
f 992/992/992 1027/1027/1027 993/993/993
f 992/992/992 1026/1026/1026 1027/1027/1027
f 993/993/993 1028/1028/1028 994/994/994
f 993/993/993 1027/1027/1027 1028/1028/1028
f 994/994/994 1029/1029/1029 995/995/995
f 994/994/994 1028/1028/1028 1029/1029/1029
f 995/995/995 1030/1030/1030 996/996/996
f 995/995/995 1029/1029/1029 1030/1030/1030
f 996/996/996 1031/1031/1031 997/997/997
f 996/996/996 1030/1030/1030 1031/1031/1031
f 997/997/997 1032/1032/1032 998/998/998
f 997/997/997 1031/1031/1031 1032/1032/1032
f 998/998/998 1033/1033/1033 999/999/999
f 998/998/998 1032/1032/1032 1033/1033/1033
f 999/999/999 1034/1034/1034 1000/1000/1000
f 999/999/999 1033/1033/1033 1034/1034/1034
f 1000/1000/1000 1035/1035/1035 1001/1001/1001
f 1000/1000/1000 1034/1034/1034 1035/1035/1035
f 1001/1001/1001 1036/1036/1036 1002/1002/1002
f 1001/1001/1001 1035/1035/1035 1036/1036/1036
f 1002/1002/1002 1037/1037/1037 1003/1003/1003
f 1002/1002/1002 1036/1036/1036 1037/1037/1037
f 1003/1003/1003 1038/1038/1038 1004/1004/1004
f 1003/1003/1003 1037/1037/1037 1038/1038/1038
f 1004/1004/1004 1039/1039/1039 1005/1005/1005
f 1004/1004/1004 1038/1038/1038 1039/1039/1039
f 1005/1005/1005 1040/1040/1040 1006/1006/1006
f 1005/1005/1005 1039/1039/1039 1040/1040/1040
f 1006/1006/1006 1041/1041/1041 1007/1007/1007
f 1006/1006/1006 1040/1040/1040 1041/1041/1041
f 1007/1007/1007 1042/1042/1042 1008/1008/1008
f 1007/1007/1007 1041/1041/1041 1042/1042/1042
f 1008/1008/1008 1043/1043/1043 1009/1009/1009
f 1008/1008/1008 1042/1042/1042 1043/1043/1043
f 1009/1009/1009 1044/1044/1044 1010/1010/1010
f 1009/1009/1009 1043/1043/1043 1044/1044/1044
f 1010/1010/1010 1045/1045/1045 1011/1011/1011
f 1010/1010/1010 1044/1044/1044 1045/1045/1045
f 1011/1011/1011 1046/1046/1046 1012/1012/1012
f 1011/1011/1011 1045/1045/1045 1046/1046/1046
f 1012/1012/1012 1047/1047/1047 1013/1013/1013
f 1012/1012/1012 1046/1046/1046 1047/1047/1047
f 1013/1013/1013 1048/1048/1048 1014/1014/1014
f 1013/1013/1013 1047/1047/1047 1048/1048/1048
f 1014/1014/1014 1049/1049/1049 1015/1015/1015
f 1014/1014/1014 1048/1048/1048 1049/1049/1049
f 1015/1015/1015 1050/1050/1050 1016/1016/1016
f 1015/1015/1015 1049/1049/1049 1050/1050/1050
f 1016/1016/1016 1051/1051/1051 1017/1017/1017
f 1016/1016/1016 1050/1050/1050 1051/1051/1051
f 1017/1017/1017 1052/1052/1052 1018/1018/1018
f 1017/1017/1017 1051/1051/1051 1052/1052/1052
f 1018/1018/1018 1053/1053/1053 1019/1019/1019
f 1018/1018/1018 1052/1052/1052 1053/1053/1053
f 1019/1019/1019 1054/1054/1054 1020/1020/1020
f 1019/1019/1019 1053/1053/1053 1054/1054/1054
f 1021/1021/1021 1056/1056/1056 1022/1022/1022
f 1021/1021/1021 1055/1055/1055 1056/1056/1056
f 1022/1022/1022 1057/1057/1057 1023/1023/1023
f 1022/1022/1022 1056/1056/1056 1057/1057/1057
f 1023/1023/1023 1058/1058/1058 1024/1024/1024
f 1023/1023/1023 1057/1057/1057 1058/1058/1058
f 1024/1024/1024 1059/1059/1059 1025/1025/1025
f 1024/1024/1024 1058/1058/1058 1059/1059/1059
f 1025/1025/1025 1060/1060/1060 1026/1026/1026
f 1025/1025/1025 1059/1059/1059 1060/1060/1060
f 1026/1026/1026 1061/1061/1061 1027/1027/1027
f 1026/1026/1026 1060/1060/1060 1061/1061/1061
f 1027/1027/1027 1062/1062/1062 1028/1028/1028
f 1027/1027/1027 1061/1061/1061 1062/1062/1062
f 1028/1028/1028 1063/1063/1063 1029/1029/1029
f 1028/1028/1028 1062/1062/1062 1063/1063/1063
f 1029/1029/1029 1064/1064/1064 1030/1030/1030
f 1029/1029/1029 1063/1063/1063 1064/1064/1064
f 1030/1030/1030 1065/1065/1065 1031/1031/1031
f 1030/1030/1030 1064/1064/1064 1065/1065/1065
f 1031/1031/1031 1066/1066/1066 1032/1032/1032
f 1031/1031/1031 1065/1065/1065 1066/1066/1066
f 1032/1032/1032 1067/1067/1067 1033/1033/1033
f 1032/1032/1032 1066/1066/1066 1067/1067/1067
f 1033/1033/1033 1068/1068/1068 1034/1034/1034
f 1033/1033/1033 1067/1067/1067 1068/1068/1068
f 1034/1034/1034 1069/1069/1069 1035/1035/1035
f 1034/1034/1034 1068/1068/1068 1069/1069/1069
f 1035/1035/1035 1070/1070/1070 1036/1036/1036
f 1035/1035/1035 1069/1069/1069 1070/1070/1070
f 1036/1036/1036 1071/1071/1071 1037/1037/1037
f 1036/1036/1036 1070/1070/1070 1071/1071/1071
f 1037/1037/1037 1072/1072/1072 1038/1038/1038
f 1037/1037/1037 1071/1071/1071 1072/1072/1072
f 1038/1038/1038 1073/1073/1073 1039/1039/1039
f 1038/1038/1038 1072/1072/1072 1073/1073/1073
f 1039/1039/1039 1074/1074/1074 1040/1040/1040
f 1039/1039/1039 1073/1073/1073 1074/1074/1074
f 1040/1040/1040 1075/1075/1075 1041/1041/1041
f 1040/1040/1040 1074/1074/1074 1075/1075/1075
f 1041/1041/1041 1076/1076/1076 1042/1042/1042
f 1041/1041/1041 1075/1075/1075 1076/1076/1076
f 1042/1042/1042 1077/1077/1077 1043/1043/1043
f 1042/1042/1042 1076/1076/1076 1077/1077/1077
f 1043/1043/1043 1078/1078/1078 1044/1044/1044
f 1043/1043/1043 1077/1077/1077 1078/1078/1078
f 1044/1044/1044 1079/1079/1079 1045/1045/1045
f 1044/1044/1044 1078/1078/1078 1079/1079/1079
f 1045/1045/1045 1080/1080/1080 1046/1046/1046
f 1045/1045/1045 1079/1079/1079 1080/1080/1080
f 1046/1046/1046 1081/1081/1081 1047/1047/1047
f 1046/1046/1046 1080/1080/1080 1081/1081/1081
f 1047/1047/1047 1082/1082/1082 1048/1048/1048
f 1047/1047/1047 1081/1081/1081 1082/1082/1082
f 1048/1048/1048 1083/1083/1083 1049/1049/1049
f 1048/1048/1048 1082/1082/1082 1083/1083/1083
f 1049/1049/1049 1084/1084/1084 1050/1050/1050
f 1049/1049/1049 1083/1083/1083 1084/1084/1084
f 1050/1050/1050 1085/1085/1085 1051/1051/1051
f 1050/1050/1050 1084/1084/1084 1085/1085/1085
f 1051/1051/1051 1086/1086/1086 1052/1052/1052
f 1051/1051/1051 1085/1085/1085 1086/1086/1086
f 1052/1052/1052 1087/1087/1087 1053/1053/1053
f 1052/1052/1052 1086/1086/1086 1087/1087/1087
f 1053/1053/1053 1088/1088/1088 1054/1054/1054
f 1053/1053/1053 1087/1087/1087 1088/1088/1088
f 1055/1055/1055 1090/1090/1090 1056/1056/1056
f 1055/1055/1055 1089/1089/1089 1090/1090/1090
f 1056/1056/1056 1091/1091/1091 1057/1057/1057
f 1056/1056/1056 1090/1090/1090 1091/1091/1091
f 1057/1057/1057 1092/1092/1092 1058/1058/1058
f 1057/1057/1057 1091/1091/1091 1092/1092/1092
f 1058/1058/1058 1093/1093/1093 1059/1059/1059
f 1058/1058/1058 1092/1092/1092 1093/1093/1093
f 1059/1059/1059 1094/1094/1094 1060/1060/1060
f 1059/1059/1059 1093/1093/1093 1094/1094/1094
f 1060/1060/1060 1095/1095/1095 1061/1061/1061
f 1060/1060/1060 1094/1094/1094 1095/1095/1095
f 1061/1061/1061 1096/1096/1096 1062/1062/1062
f 1061/1061/1061 1095/1095/1095 1096/1096/1096
f 1062/1062/1062 1097/1097/1097 1063/1063/1063
f 1062/1062/1062 1096/1096/1096 1097/1097/1097
f 1063/1063/1063 1098/1098/1098 1064/1064/1064
f 1063/1063/1063 1097/1097/1097 1098/1098/1098
f 1064/1064/1064 1099/1099/1099 1065/1065/1065
f 1064/1064/1064 1098/1098/1098 1099/1099/1099
f 1065/1065/1065 1100/1100/1100 1066/1066/1066
f 1065/1065/1065 1099/1099/1099 1100/1100/1100
f 1066/1066/1066 1101/1101/1101 1067/1067/1067
f 1066/1066/1066 1100/1100/1100 1101/1101/1101
f 1067/1067/1067 1102/1102/1102 1068/1068/1068
f 1067/1067/1067 1101/1101/1101 1102/1102/1102
f 1068/1068/1068 1103/1103/1103 1069/1069/1069
f 1068/1068/1068 1102/1102/1102 1103/1103/1103
f 1069/1069/1069 1104/1104/1104 1070/1070/1070
f 1069/1069/1069 1103/1103/1103 1104/1104/1104
f 1070/1070/1070 1105/1105/1105 1071/1071/1071
f 1070/1070/1070 1104/1104/1104 1105/1105/1105
f 1071/1071/1071 1106/1106/1106 1072/1072/1072
f 1071/1071/1071 1105/1105/1105 1106/1106/1106
f 1072/1072/1072 1107/1107/1107 1073/1073/1073
f 1072/1072/1072 1106/1106/1106 1107/1107/1107
f 1073/1073/1073 1108/1108/1108 1074/1074/1074
f 1073/1073/1073 1107/1107/1107 1108/1108/1108
f 1074/1074/1074 1109/1109/1109 1075/1075/1075
f 1074/1074/1074 1108/1108/1108 1109/1109/1109
f 1075/1075/1075 1110/1110/1110 1076/1076/1076
f 1075/1075/1075 1109/1109/1109 1110/1110/1110
f 1076/1076/1076 1111/1111/1111 1077/1077/1077
f 1076/1076/1076 1110/1110/1110 1111/1111/1111
f 1077/1077/1077 1112/1112/1112 1078/1078/1078
f 1077/1077/1077 1111/1111/1111 1112/1112/1112
f 1078/1078/1078 1113/1113/1113 1079/1079/1079
f 1078/1078/1078 1112/1112/1112 1113/1113/1113
f 1079/1079/1079 1114/1114/1114 1080/1080/1080
f 1079/1079/1079 1113/1113/1113 1114/1114/1114
f 1080/1080/1080 1115/1115/1115 1081/1081/1081
f 1080/1080/1080 1114/1114/1114 1115/1115/1115
f 1081/1081/1081 1116/1116/1116 1082/1082/1082
f 1081/1081/1081 1115/1115/1115 1116/1116/1116
f 1082/1082/1082 1117/1117/1117 1083/1083/1083
f 1082/1082/1082 1116/1116/1116 1117/1117/1117
f 1083/1083/1083 1118/1118/1118 1084/1084/1084
f 1083/1083/1083 1117/1117/1117 1118/1118/1118
f 1084/1084/1084 1119/1119/1119 1085/1085/1085
f 1084/1084/1084 1118/1118/1118 1119/1119/1119
f 1085/1085/1085 1120/1120/1120 1086/1086/1086
f 1085/1085/1085 1119/1119/1119 1120/1120/1120
f 1086/1086/1086 1121/1121/1121 1087/1087/1087
f 1086/1086/1086 1120/1120/1120 1121/1121/1121
f 1087/1087/1087 1122/1122/1122 1088/1088/1088
f 1087/1087/1087 1121/1121/1121 1122/1122/1122
f 1089/1089/1089 1124/1124/1124 1090/1090/1090
f 1089/1089/1089 1123/1123/1123 1124/1124/1124
f 1090/1090/1090 1125/1125/1125 1091/1091/1091
f 1090/1090/1090 1124/1124/1124 1125/1125/1125
f 1091/1091/1091 1126/1126/1126 1092/1092/1092
f 1091/1091/1091 1125/1125/1125 1126/1126/1126
f 1092/1092/1092 1127/1127/1127 1093/1093/1093
f 1092/1092/1092 1126/1126/1126 1127/1127/1127
f 1093/1093/1093 1128/1128/1128 1094/1094/1094
f 1093/1093/1093 1127/1127/1127 1128/1128/1128
f 1094/1094/1094 1129/1129/1129 1095/1095/1095
f 1094/1094/1094 1128/1128/1128 1129/1129/1129
f 1095/1095/1095 1130/1130/1130 1096/1096/1096
f 1095/1095/1095 1129/1129/1129 1130/1130/1130
f 1096/1096/1096 1131/1131/1131 1097/1097/1097
f 1096/1096/1096 1130/1130/1130 1131/1131/1131
f 1097/1097/1097 1132/1132/1132 1098/1098/1098
f 1097/1097/1097 1131/1131/1131 1132/1132/1132
f 1098/1098/1098 1133/1133/1133 1099/1099/1099
f 1098/1098/1098 1132/1132/1132 1133/1133/1133
f 1099/1099/1099 1134/1134/1134 1100/1100/1100
f 1099/1099/1099 1133/1133/1133 1134/1134/1134
f 1100/1100/1100 1135/1135/1135 1101/1101/1101
f 1100/1100/1100 1134/1134/1134 1135/1135/1135
f 1101/1101/1101 1136/1136/1136 1102/1102/1102
f 1101/1101/1101 1135/1135/1135 1136/1136/1136
f 1102/1102/1102 1137/1137/1137 1103/1103/1103
f 1102/1102/1102 1136/1136/1136 1137/1137/1137
f 1103/1103/1103 1138/1138/1138 1104/1104/1104
f 1103/1103/1103 1137/1137/1137 1138/1138/1138
f 1104/1104/1104 1139/1139/1139 1105/1105/1105
f 1104/1104/1104 1138/1138/1138 1139/1139/1139
f 1105/1105/1105 1140/1140/1140 1106/1106/1106
f 1105/1105/1105 1139/1139/1139 1140/1140/1140
f 1106/1106/1106 1141/1141/1141 1107/1107/1107
f 1106/1106/1106 1140/1140/1140 1141/1141/1141
f 1107/1107/1107 1142/1142/1142 1108/1108/1108
f 1107/1107/1107 1141/1141/1141 1142/1142/1142
f 1108/1108/1108 1143/1143/1143 1109/1109/1109
f 1108/1108/1108 1142/1142/1142 1143/1143/1143
f 1109/1109/1109 1144/1144/1144 1110/1110/1110
f 1109/1109/1109 1143/1143/1143 1144/1144/1144
f 1110/1110/1110 1145/1145/1145 1111/1111/1111
f 1110/1110/1110 1144/1144/1144 1145/1145/1145
f 1111/1111/1111 1146/1146/1146 1112/1112/1112
f 1111/1111/1111 1145/1145/1145 1146/1146/1146
f 1112/1112/1112 1147/1147/1147 1113/1113/1113
f 1112/1112/1112 1146/1146/1146 1147/1147/1147
f 1113/1113/1113 1148/1148/1148 1114/1114/1114
f 1113/1113/1113 1147/1147/1147 1148/1148/1148
f 1114/1114/1114 1149/1149/1149 1115/1115/1115
f 1114/1114/1114 1148/1148/1148 1149/1149/1149
f 1115/1115/1115 1150/1150/1150 1116/1116/1116
f 1115/1115/1115 1149/1149/1149 1150/1150/1150
f 1116/1116/1116 1151/1151/1151 1117/1117/1117
f 1116/1116/1116 1150/1150/1150 1151/1151/1151
f 1117/1117/1117 1152/1152/1152 1118/1118/1118
f 1117/1117/1117 1151/1151/1151 1152/1152/1152
f 1118/1118/1118 1153/1153/1153 1119/1119/1119
f 1118/1118/1118 1152/1152/1152 1153/1153/1153
f 1119/1119/1119 1154/1154/1154 1120/1120/1120
f 1119/1119/1119 1153/1153/1153 1154/1154/1154
f 1120/1120/1120 1155/1155/1155 1121/1121/1121
f 1120/1120/1120 1154/1154/1154 1155/1155/1155
f 1121/1121/1121 1156/1156/1156 1122/1122/1122
f 1121/1121/1121 1155/1155/1155 1156/1156/1156
f 1157/1157/1157 1158/1158/1158 1192/1192/1192
f 1157/1157/1157 1192/1192/1192 1191/1191/1191
f 1158/1158/1158 1159/1159/1159 1193/1193/1193
f 1158/1158/1158 1193/1193/1193 1192/1192/1192
f 1159/1159/1159 1160/1160/1160 1194/1194/1194
f 1159/1159/1159 1194/1194/1194 1193/1193/1193
f 1160/1160/1160 1161/1161/1161 1195/1195/1195
f 1160/1160/1160 1195/1195/1195 1194/1194/1194
f 1161/1161/1161 1162/1162/1162 1196/1196/1196
f 1161/1161/1161 1196/1196/1196 1195/1195/1195
f 1162/1162/1162 1163/1163/1163 1197/1197/1197
f 1162/1162/1162 1197/1197/1197 1196/1196/1196
f 1163/1163/1163 1164/1164/1164 1198/1198/1198
f 1163/1163/1163 1198/1198/1198 1197/1197/1197
f 1164/1164/1164 1165/1165/1165 1199/1199/1199
f 1164/1164/1164 1199/1199/1199 1198/1198/1198
f 1165/1165/1165 1166/1166/1166 1200/1200/1200
f 1165/1165/1165 1200/1200/1200 1199/1199/1199
f 1166/1166/1166 1167/1167/1167 1201/1201/1201
f 1166/1166/1166 1201/1201/1201 1200/1200/1200
f 1167/1167/1167 1168/1168/1168 1202/1202/1202
f 1167/1167/1167 1202/1202/1202 1201/1201/1201
f 1168/1168/1168 1169/1169/1169 1203/1203/1203
f 1168/1168/1168 1203/1203/1203 1202/1202/1202
f 1169/1169/1169 1170/1170/1170 1204/1204/1204
f 1169/1169/1169 1204/1204/1204 1203/1203/1203
f 1170/1170/1170 1171/1171/1171 1205/1205/1205
f 1170/1170/1170 1205/1205/1205 1204/1204/1204
f 1171/1171/1171 1172/1172/1172 1206/1206/1206
f 1171/1171/1171 1206/1206/1206 1205/1205/1205
f 1172/1172/1172 1173/1173/1173 1207/1207/1207
f 1172/1172/1172 1207/1207/1207 1206/1206/1206
f 1173/1173/1173 1174/1174/1174 1208/1208/1208
f 1173/1173/1173 1208/1208/1208 1207/1207/1207
f 1174/1174/1174 1175/1175/1175 1209/1209/1209
f 1174/1174/1174 1209/1209/1209 1208/1208/1208
f 1175/1175/1175 1176/1176/1176 1210/1210/1210
f 1175/1175/1175 1210/1210/1210 1209/1209/1209
f 1176/1176/1176 1177/1177/1177 1211/1211/1211
f 1176/1176/1176 1211/1211/1211 1210/1210/1210
f 1177/1177/1177 1178/1178/1178 1212/1212/1212
f 1177/1177/1177 1212/1212/1212 1211/1211/1211
f 1178/1178/1178 1179/1179/1179 1213/1213/1213
f 1178/1178/1178 1213/1213/1213 1212/1212/1212
f 1179/1179/1179 1180/1180/1180 1214/1214/1214
f 1179/1179/1179 1214/1214/1214 1213/1213/1213
f 1180/1180/1180 1181/1181/1181 1215/1215/1215
f 1180/1180/1180 1215/1215/1215 1214/1214/1214
f 1181/1181/1181 1182/1182/1182 1216/1216/1216
f 1181/1181/1181 1216/1216/1216 1215/1215/1215
f 1182/1182/1182 1183/1183/1183 1217/1217/1217
f 1182/1182/1182 1217/1217/1217 1216/1216/1216
f 1183/1183/1183 1184/1184/1184 1218/1218/1218
f 1183/1183/1183 1218/1218/1218 1217/1217/1217
f 1184/1184/1184 1185/1185/1185 1219/1219/1219
f 1184/1184/1184 1219/1219/1219 1218/1218/1218
f 1185/1185/1185 1186/1186/1186 1220/1220/1220
f 1185/1185/1185 1220/1220/1220 1219/1219/1219
f 1186/1186/1186 1187/1187/1187 1221/1221/1221
f 1186/1186/1186 1221/1221/1221 1220/1220/1220
f 1187/1187/1187 1188/1188/1188 1222/1222/1222
f 1187/1187/1187 1222/1222/1222 1221/1221/1221
f 1188/1188/1188 1189/1189/1189 1223/1223/1223
f 1188/1188/1188 1223/1223/1223 1222/1222/1222
f 1189/1189/1189 1190/1190/1190 1224/1224/1224
f 1189/1189/1189 1224/1224/1224 1223/1223/1223
f 1191/1191/1191 1192/1192/1192 1226/1226/1226
f 1191/1191/1191 1226/1226/1226 1225/1225/1225
f 1192/1192/1192 1193/1193/1193 1227/1227/1227
f 1192/1192/1192 1227/1227/1227 1226/1226/1226
f 1193/1193/1193 1194/1194/1194 1228/1228/1228
f 1193/1193/1193 1228/1228/1228 1227/1227/1227
f 1194/1194/1194 1195/1195/1195 1229/1229/1229
f 1194/1194/1194 1229/1229/1229 1228/1228/1228
f 1195/1195/1195 1196/1196/1196 1230/1230/1230
f 1195/1195/1195 1230/1230/1230 1229/1229/1229
f 1196/1196/1196 1197/1197/1197 1231/1231/1231
f 1196/1196/1196 1231/1231/1231 1230/1230/1230
f 1197/1197/1197 1198/1198/1198 1232/1232/1232
f 1197/1197/1197 1232/1232/1232 1231/1231/1231
f 1198/1198/1198 1199/1199/1199 1233/1233/1233
f 1198/1198/1198 1233/1233/1233 1232/1232/1232
f 1199/1199/1199 1200/1200/1200 1234/1234/1234
f 1199/1199/1199 1234/1234/1234 1233/1233/1233
f 1200/1200/1200 1201/1201/1201 1235/1235/1235
f 1200/1200/1200 1235/1235/1235 1234/1234/1234
f 1201/1201/1201 1202/1202/1202 1236/1236/1236
f 1201/1201/1201 1236/1236/1236 1235/1235/1235
f 1202/1202/1202 1203/1203/1203 1237/1237/1237
f 1202/1202/1202 1237/1237/1237 1236/1236/1236
f 1203/1203/1203 1204/1204/1204 1238/1238/1238
f 1203/1203/1203 1238/1238/1238 1237/1237/1237
f 1204/1204/1204 1205/1205/1205 1239/1239/1239
f 1204/1204/1204 1239/1239/1239 1238/1238/1238
f 1205/1205/1205 1206/1206/1206 1240/1240/1240
f 1205/1205/1205 1240/1240/1240 1239/1239/1239
f 1206/1206/1206 1207/1207/1207 1241/1241/1241
f 1206/1206/1206 1241/1241/1241 1240/1240/1240
f 1207/1207/1207 1208/1208/1208 1242/1242/1242
f 1207/1207/1207 1242/1242/1242 1241/1241/1241
f 1208/1208/1208 1209/1209/1209 1243/1243/1243
f 1208/1208/1208 1243/1243/1243 1242/1242/1242
f 1209/1209/1209 1210/1210/1210 1244/1244/1244
f 1209/1209/1209 1244/1244/1244 1243/1243/1243
f 1210/1210/1210 1211/1211/1211 1245/1245/1245
f 1210/1210/1210 1245/1245/1245 1244/1244/1244
f 1211/1211/1211 1212/1212/1212 1246/1246/1246
f 1211/1211/1211 1246/1246/1246 1245/1245/1245
f 1212/1212/1212 1213/1213/1213 1247/1247/1247
f 1212/1212/1212 1247/1247/1247 1246/1246/1246
f 1213/1213/1213 1214/1214/1214 1248/1248/1248
f 1213/1213/1213 1248/1248/1248 1247/1247/1247
f 1214/1214/1214 1215/1215/1215 1249/1249/1249
f 1214/1214/1214 1249/1249/1249 1248/1248/1248
f 1215/1215/1215 1216/1216/1216 1250/1250/1250
f 1215/1215/1215 1250/1250/1250 1249/1249/1249
f 1216/1216/1216 1217/1217/1217 1251/1251/1251
f 1216/1216/1216 1251/1251/1251 1250/1250/1250
f 1217/1217/1217 1218/1218/1218 1252/1252/1252
f 1217/1217/1217 1252/1252/1252 1251/1251/1251
f 1218/1218/1218 1219/1219/1219 1253/1253/1253
f 1218/1218/1218 1253/1253/1253 1252/1252/1252
f 1219/1219/1219 1220/1220/1220 1254/1254/1254
f 1219/1219/1219 1254/1254/1254 1253/1253/1253
f 1220/1220/1220 1221/1221/1221 1255/1255/1255
f 1220/1220/1220 1255/1255/1255 1254/1254/1254
f 1221/1221/1221 1222/1222/1222 1256/1256/1256
f 1221/1221/1221 1256/1256/1256 1255/1255/1255
f 1222/1222/1222 1223/1223/1223 1257/1257/1257
f 1222/1222/1222 1257/1257/1257 1256/1256/1256
f 1223/1223/1223 1224/1224/1224 1258/1258/1258
f 1223/1223/1223 1258/1258/1258 1257/1257/1257
f 1225/1225/1225 1226/1226/1226 1260/1260/1260
f 1225/1225/1225 1260/1260/1260 1259/1259/1259
f 1226/1226/1226 1227/1227/1227 1261/1261/1261
f 1226/1226/1226 1261/1261/1261 1260/1260/1260
f 1227/1227/1227 1228/1228/1228 1262/1262/1262
f 1227/1227/1227 1262/1262/1262 1261/1261/1261
f 1228/1228/1228 1229/1229/1229 1263/1263/1263
f 1228/1228/1228 1263/1263/1263 1262/1262/1262
f 1229/1229/1229 1230/1230/1230 1264/1264/1264
f 1229/1229/1229 1264/1264/1264 1263/1263/1263
f 1230/1230/1230 1231/1231/1231 1265/1265/1265
f 1230/1230/1230 1265/1265/1265 1264/1264/1264
f 1231/1231/1231 1232/1232/1232 1266/1266/1266
f 1231/1231/1231 1266/1266/1266 1265/1265/1265
f 1232/1232/1232 1233/1233/1233 1267/1267/1267
f 1232/1232/1232 1267/1267/1267 1266/1266/1266
f 1233/1233/1233 1234/1234/1234 1268/1268/1268
f 1233/1233/1233 1268/1268/1268 1267/1267/1267
f 1234/1234/1234 1235/1235/1235 1269/1269/1269
f 1234/1234/1234 1269/1269/1269 1268/1268/1268
f 1235/1235/1235 1236/1236/1236 1270/1270/1270
f 1235/1235/1235 1270/1270/1270 1269/1269/1269
f 1236/1236/1236 1237/1237/1237 1271/1271/1271
f 1236/1236/1236 1271/1271/1271 1270/1270/1270
f 1237/1237/1237 1238/1238/1238 1272/1272/1272
f 1237/1237/1237 1272/1272/1272 1271/1271/1271
f 1238/1238/1238 1239/1239/1239 1273/1273/1273
f 1238/1238/1238 1273/1273/1273 1272/1272/1272
f 1239/1239/1239 1240/1240/1240 1274/1274/1274
f 1239/1239/1239 1274/1274/1274 1273/1273/1273
f 1240/1240/1240 1241/1241/1241 1275/1275/1275
f 1240/1240/1240 1275/1275/1275 1274/1274/1274
f 1241/1241/1241 1242/1242/1242 1276/1276/1276
f 1241/1241/1241 1276/1276/1276 1275/1275/1275
f 1242/1242/1242 1243/1243/1243 1277/1277/1277
f 1242/1242/1242 1277/1277/1277 1276/1276/1276
f 1243/1243/1243 1244/1244/1244 1278/1278/1278
f 1243/1243/1243 1278/1278/1278 1277/1277/1277
f 1244/1244/1244 1245/1245/1245 1279/1279/1279
f 1244/1244/1244 1279/1279/1279 1278/1278/1278
f 1245/1245/1245 1246/1246/1246 1280/1280/1280
f 1245/1245/1245 1280/1280/1280 1279/1279/1279
f 1246/1246/1246 1247/1247/1247 1281/1281/1281
f 1246/1246/1246 1281/1281/1281 1280/1280/1280
f 1247/1247/1247 1248/1248/1248 1282/1282/1282
f 1247/1247/1247 1282/1282/1282 1281/1281/1281
f 1248/1248/1248 1249/1249/1249 1283/1283/1283
f 1248/1248/1248 1283/1283/1283 1282/1282/1282
f 1249/1249/1249 1250/1250/1250 1284/1284/1284
f 1249/1249/1249 1284/1284/1284 1283/1283/1283
f 1250/1250/1250 1251/1251/1251 1285/1285/1285
f 1250/1250/1250 1285/1285/1285 1284/1284/1284
f 1251/1251/1251 1252/1252/1252 1286/1286/1286
f 1251/1251/1251 1286/1286/1286 1285/1285/1285
f 1252/1252/1252 1253/1253/1253 1287/1287/1287
f 1252/1252/1252 1287/1287/1287 1286/1286/1286
f 1253/1253/1253 1254/1254/1254 1288/1288/1288
f 1253/1253/1253 1288/1288/1288 1287/1287/1287
f 1254/1254/1254 1255/1255/1255 1289/1289/1289
f 1254/1254/1254 1289/1289/1289 1288/1288/1288
f 1255/1255/1255 1256/1256/1256 1290/1290/1290
f 1255/1255/1255 1290/1290/1290 1289/1289/1289
f 1256/1256/1256 1257/1257/1257 1291/1291/1291
f 1256/1256/1256 1291/1291/1291 1290/1290/1290
f 1257/1257/1257 1258/1258/1258 1292/1292/1292
f 1257/1257/1257 1292/1292/1292 1291/1291/1291
f 1259/1259/1259 1260/1260/1260 1294/1294/1294
f 1259/1259/1259 1294/1294/1294 1293/1293/1293
f 1260/1260/1260 1261/1261/1261 1295/1295/1295
f 1260/1260/1260 1295/1295/1295 1294/1294/1294
f 1261/1261/1261 1262/1262/1262 1296/1296/1296
f 1261/1261/1261 1296/1296/1296 1295/1295/1295
f 1262/1262/1262 1263/1263/1263 1297/1297/1297
f 1262/1262/1262 1297/1297/1297 1296/1296/1296
f 1263/1263/1263 1264/1264/1264 1298/1298/1298
f 1263/1263/1263 1298/1298/1298 1297/1297/1297
f 1264/1264/1264 1265/1265/1265 1299/1299/1299
f 1264/1264/1264 1299/1299/1299 1298/1298/1298
f 1265/1265/1265 1266/1266/1266 1300/1300/1300
f 1265/1265/1265 1300/1300/1300 1299/1299/1299
f 1266/1266/1266 1267/1267/1267 1301/1301/1301
f 1266/1266/1266 1301/1301/1301 1300/1300/1300
f 1267/1267/1267 1268/1268/1268 1302/1302/1302
f 1267/1267/1267 1302/1302/1302 1301/1301/1301
f 1268/1268/1268 1269/1269/1269 1303/1303/1303
f 1268/1268/1268 1303/1303/1303 1302/1302/1302
f 1269/1269/1269 1270/1270/1270 1304/1304/1304
f 1269/1269/1269 1304/1304/1304 1303/1303/1303
f 1270/1270/1270 1271/1271/1271 1305/1305/1305
f 1270/1270/1270 1305/1305/1305 1304/1304/1304
f 1271/1271/1271 1272/1272/1272 1306/1306/1306
f 1271/1271/1271 1306/1306/1306 1305/1305/1305
f 1272/1272/1272 1273/1273/1273 1307/1307/1307
f 1272/1272/1272 1307/1307/1307 1306/1306/1306
f 1273/1273/1273 1274/1274/1274 1308/1308/1308
f 1273/1273/1273 1308/1308/1308 1307/1307/1307
f 1274/1274/1274 1275/1275/1275 1309/1309/1309
f 1274/1274/1274 1309/1309/1309 1308/1308/1308
f 1275/1275/1275 1276/1276/1276 1310/1310/1310
f 1275/1275/1275 1310/1310/1310 1309/1309/1309
f 1276/1276/1276 1277/1277/1277 1311/1311/1311
f 1276/1276/1276 1311/1311/1311 1310/1310/1310
f 1277/1277/1277 1278/1278/1278 1312/1312/1312
f 1277/1277/1277 1312/1312/1312 1311/1311/1311
f 1278/1278/1278 1279/1279/1279 1313/1313/1313
f 1278/1278/1278 1313/1313/1313 1312/1312/1312
f 1279/1279/1279 1280/1280/1280 1314/1314/1314
f 1279/1279/1279 1314/1314/1314 1313/1313/1313
f 1280/1280/1280 1281/1281/1281 1315/1315/1315
f 1280/1280/1280 1315/1315/1315 1314/1314/1314
f 1281/1281/1281 1282/1282/1282 1316/1316/1316
f 1281/1281/1281 1316/1316/1316 1315/1315/1315
f 1282/1282/1282 1283/1283/1283 1317/1317/1317
f 1282/1282/1282 1317/1317/1317 1316/1316/1316
f 1283/1283/1283 1284/1284/1284 1318/1318/1318
f 1283/1283/1283 1318/1318/1318 1317/1317/1317
f 1284/1284/1284 1285/1285/1285 1319/1319/1319
f 1284/1284/1284 1319/1319/1319 1318/1318/1318
f 1285/1285/1285 1286/1286/1286 1320/1320/1320
f 1285/1285/1285 1320/1320/1320 1319/1319/1319
f 1286/1286/1286 1287/1287/1287 1321/1321/1321
f 1286/1286/1286 1321/1321/1321 1320/1320/1320
f 1287/1287/1287 1288/1288/1288 1322/1322/1322
f 1287/1287/1287 1322/1322/1322 1321/1321/1321
f 1288/1288/1288 1289/1289/1289 1323/1323/1323
f 1288/1288/1288 1323/1323/1323 1322/1322/1322
f 1289/1289/1289 1290/1290/1290 1324/1324/1324
f 1289/1289/1289 1324/1324/1324 1323/1323/1323
f 1290/1290/1290 1291/1291/1291 1325/1325/1325
f 1290/1290/1290 1325/1325/1325 1324/1324/1324
f 1291/1291/1291 1292/1292/1292 1326/1326/1326
f 1291/1291/1291 1326/1326/1326 1325/1325/1325
f 1293/1293/1293 1294/1294/1294 1328/1328/1328
f 1293/1293/1293 1328/1328/1328 1327/1327/1327
f 1294/1294/1294 1295/1295/1295 1329/1329/1329
f 1294/1294/1294 1329/1329/1329 1328/1328/1328
f 1295/1295/1295 1296/1296/1296 1330/1330/1330
f 1295/1295/1295 1330/1330/1330 1329/1329/1329
f 1296/1296/1296 1297/1297/1297 1331/1331/1331
f 1296/1296/1296 1331/1331/1331 1330/1330/1330
f 1297/1297/1297 1298/1298/1298 1332/1332/1332
f 1297/1297/1297 1332/1332/1332 1331/1331/1331
f 1298/1298/1298 1299/1299/1299 1333/1333/1333
f 1298/1298/1298 1333/1333/1333 1332/1332/1332
f 1299/1299/1299 1300/1300/1300 1334/1334/1334
f 1299/1299/1299 1334/1334/1334 1333/1333/1333
f 1300/1300/1300 1301/1301/1301 1335/1335/1335
f 1300/1300/1300 1335/1335/1335 1334/1334/1334
f 1301/1301/1301 1302/1302/1302 1336/1336/1336
f 1301/1301/1301 1336/1336/1336 1335/1335/1335
f 1302/1302/1302 1303/1303/1303 1337/1337/1337
f 1302/1302/1302 1337/1337/1337 1336/1336/1336
f 1303/1303/1303 1304/1304/1304 1338/1338/1338
f 1303/1303/1303 1338/1338/1338 1337/1337/1337
f 1304/1304/1304 1305/1305/1305 1339/1339/1339
f 1304/1304/1304 1339/1339/1339 1338/1338/1338
f 1305/1305/1305 1306/1306/1306 1340/1340/1340
f 1305/1305/1305 1340/1340/1340 1339/1339/1339
f 1306/1306/1306 1307/1307/1307 1341/1341/1341
f 1306/1306/1306 1341/1341/1341 1340/1340/1340
f 1307/1307/1307 1308/1308/1308 1342/1342/1342
f 1307/1307/1307 1342/1342/1342 1341/1341/1341
f 1308/1308/1308 1309/1309/1309 1343/1343/1343
f 1308/1308/1308 1343/1343/1343 1342/1342/1342
f 1309/1309/1309 1310/1310/1310 1344/1344/1344
f 1309/1309/1309 1344/1344/1344 1343/1343/1343
f 1310/1310/1310 1311/1311/1311 1345/1345/1345
f 1310/1310/1310 1345/1345/1345 1344/1344/1344
f 1311/1311/1311 1312/1312/1312 1346/1346/1346
f 1311/1311/1311 1346/1346/1346 1345/1345/1345
f 1312/1312/1312 1313/1313/1313 1347/1347/1347
f 1312/1312/1312 1347/1347/1347 1346/1346/1346
f 1313/1313/1313 1314/1314/1314 1348/1348/1348
f 1313/1313/1313 1348/1348/1348 1347/1347/1347
f 1314/1314/1314 1315/1315/1315 1349/1349/1349
f 1314/1314/1314 1349/1349/1349 1348/1348/1348
f 1315/1315/1315 1316/1316/1316 1350/1350/1350
f 1315/1315/1315 1350/1350/1350 1349/1349/1349
f 1316/1316/1316 1317/1317/1317 1351/1351/1351
f 1316/1316/1316 1351/1351/1351 1350/1350/1350
f 1317/1317/1317 1318/1318/1318 1352/1352/1352
f 1317/1317/1317 1352/1352/1352 1351/1351/1351
f 1318/1318/1318 1319/1319/1319 1353/1353/1353
f 1318/1318/1318 1353/1353/1353 1352/1352/1352
f 1319/1319/1319 1320/1320/1320 1354/1354/1354
f 1319/1319/1319 1354/1354/1354 1353/1353/1353
f 1320/1320/1320 1321/1321/1321 1355/1355/1355
f 1320/1320/1320 1355/1355/1355 1354/1354/1354
f 1321/1321/1321 1322/1322/1322 1356/1356/1356
f 1321/1321/1321 1356/1356/1356 1355/1355/1355
f 1322/1322/1322 1323/1323/1323 1357/1357/1357
f 1322/1322/1322 1357/1357/1357 1356/1356/1356
f 1323/1323/1323 1324/1324/1324 1358/1358/1358
f 1323/1323/1323 1358/1358/1358 1357/1357/1357
f 1324/1324/1324 1325/1325/1325 1359/1359/1359
f 1324/1324/1324 1359/1359/1359 1358/1358/1358
f 1325/1325/1325 1326/1326/1326 1360/1360/1360
f 1325/1325/1325 1360/1360/1360 1359/1359/1359
f 1327/1327/1327 1328/1328/1328 1362/1362/1362
f 1327/1327/1327 1362/1362/1362 1361/1361/1361
f 1328/1328/1328 1329/1329/1329 1363/1363/1363
f 1328/1328/1328 1363/1363/1363 1362/1362/1362
f 1329/1329/1329 1330/1330/1330 1364/1364/1364
f 1329/1329/1329 1364/1364/1364 1363/1363/1363
f 1330/1330/1330 1331/1331/1331 1365/1365/1365
f 1330/1330/1330 1365/1365/1365 1364/1364/1364
f 1331/1331/1331 1332/1332/1332 1366/1366/1366
f 1331/1331/1331 1366/1366/1366 1365/1365/1365
f 1332/1332/1332 1333/1333/1333 1367/1367/1367
f 1332/1332/1332 1367/1367/1367 1366/1366/1366
f 1333/1333/1333 1334/1334/1334 1368/1368/1368
f 1333/1333/1333 1368/1368/1368 1367/1367/1367
f 1334/1334/1334 1335/1335/1335 1369/1369/1369
f 1334/1334/1334 1369/1369/1369 1368/1368/1368
f 1335/1335/1335 1336/1336/1336 1370/1370/1370
f 1335/1335/1335 1370/1370/1370 1369/1369/1369
f 1336/1336/1336 1337/1337/1337 1371/1371/1371
f 1336/1336/1336 1371/1371/1371 1370/1370/1370
f 1337/1337/1337 1338/1338/1338 1372/1372/1372
f 1337/1337/1337 1372/1372/1372 1371/1371/1371
f 1338/1338/1338 1339/1339/1339 1373/1373/1373
f 1338/1338/1338 1373/1373/1373 1372/1372/1372
f 1339/1339/1339 1340/1340/1340 1374/1374/1374
f 1339/1339/1339 1374/1374/1374 1373/1373/1373
f 1340/1340/1340 1341/1341/1341 1375/1375/1375
f 1340/1340/1340 1375/1375/1375 1374/1374/1374
f 1341/1341/1341 1342/1342/1342 1376/1376/1376
f 1341/1341/1341 1376/1376/1376 1375/1375/1375
f 1342/1342/1342 1343/1343/1343 1377/1377/1377
f 1342/1342/1342 1377/1377/1377 1376/1376/1376
f 1343/1343/1343 1344/1344/1344 1378/1378/1378
f 1343/1343/1343 1378/1378/1378 1377/1377/1377
f 1344/1344/1344 1345/1345/1345 1379/1379/1379
f 1344/1344/1344 1379/1379/1379 1378/1378/1378
f 1345/1345/1345 1346/1346/1346 1380/1380/1380
f 1345/1345/1345 1380/1380/1380 1379/1379/1379
f 1346/1346/1346 1347/1347/1347 1381/1381/1381
f 1346/1346/1346 1381/1381/1381 1380/1380/1380
f 1347/1347/1347 1348/1348/1348 1382/1382/1382
f 1347/1347/1347 1382/1382/1382 1381/1381/1381
f 1348/1348/1348 1349/1349/1349 1383/1383/1383
f 1348/1348/1348 1383/1383/1383 1382/1382/1382
f 1349/1349/1349 1350/1350/1350 1384/1384/1384
f 1349/1349/1349 1384/1384/1384 1383/1383/1383
f 1350/1350/1350 1351/1351/1351 1385/1385/1385
f 1350/1350/1350 1385/1385/1385 1384/1384/1384
f 1351/1351/1351 1352/1352/1352 1386/1386/1386
f 1351/1351/1351 1386/1386/1386 1385/1385/1385
f 1352/1352/1352 1353/1353/1353 1387/1387/1387
f 1352/1352/1352 1387/1387/1387 1386/1386/1386
f 1353/1353/1353 1354/1354/1354 1388/1388/1388
f 1353/1353/1353 1388/1388/1388 1387/1387/1387
f 1354/1354/1354 1355/1355/1355 1389/1389/1389
f 1354/1354/1354 1389/1389/1389 1388/1388/1388
f 1355/1355/1355 1356/1356/1356 1390/1390/1390
f 1355/1355/1355 1390/1390/1390 1389/1389/1389
f 1356/1356/1356 1357/1357/1357 1391/1391/1391
f 1356/1356/1356 1391/1391/1391 1390/1390/1390
f 1357/1357/1357 1358/1358/1358 1392/1392/1392
f 1357/1357/1357 1392/1392/1392 1391/1391/1391
f 1358/1358/1358 1359/1359/1359 1393/1393/1393
f 1358/1358/1358 1393/1393/1393 1392/1392/1392
f 1359/1359/1359 1360/1360/1360 1394/1394/1394
f 1359/1359/1359 1394/1394/1394 1393/1393/1393
f 1361/1361/1361 1362/1362/1362 1396/1396/1396
f 1361/1361/1361 1396/1396/1396 1395/1395/1395
f 1362/1362/1362 1363/1363/1363 1397/1397/1397
f 1362/1362/1362 1397/1397/1397 1396/1396/1396
f 1363/1363/1363 1364/1364/1364 1398/1398/1398
f 1363/1363/1363 1398/1398/1398 1397/1397/1397
f 1364/1364/1364 1365/1365/1365 1399/1399/1399
f 1364/1364/1364 1399/1399/1399 1398/1398/1398
f 1365/1365/1365 1366/1366/1366 1400/1400/1400
f 1365/1365/1365 1400/1400/1400 1399/1399/1399
f 1366/1366/1366 1367/1367/1367 1401/1401/1401
f 1366/1366/1366 1401/1401/1401 1400/1400/1400
f 1367/1367/1367 1368/1368/1368 1402/1402/1402
f 1367/1367/1367 1402/1402/1402 1401/1401/1401
f 1368/1368/1368 1369/1369/1369 1403/1403/1403
f 1368/1368/1368 1403/1403/1403 1402/1402/1402
f 1369/1369/1369 1370/1370/1370 1404/1404/1404
f 1369/1369/1369 1404/1404/1404 1403/1403/1403
f 1370/1370/1370 1371/1371/1371 1405/1405/1405
f 1370/1370/1370 1405/1405/1405 1404/1404/1404
f 1371/1371/1371 1372/1372/1372 1406/1406/1406
f 1371/1371/1371 1406/1406/1406 1405/1405/1405
f 1372/1372/1372 1373/1373/1373 1407/1407/1407
f 1372/1372/1372 1407/1407/1407 1406/1406/1406
f 1373/1373/1373 1374/1374/1374 1408/1408/1408
f 1373/1373/1373 1408/1408/1408 1407/1407/1407
f 1374/1374/1374 1375/1375/1375 1409/1409/1409
f 1374/1374/1374 1409/1409/1409 1408/1408/1408
f 1375/1375/1375 1376/1376/1376 1410/1410/1410
f 1375/1375/1375 1410/1410/1410 1409/1409/1409
f 1376/1376/1376 1377/1377/1377 1411/1411/1411
f 1376/1376/1376 1411/1411/1411 1410/1410/1410
f 1377/1377/1377 1378/1378/1378 1412/1412/1412
f 1377/1377/1377 1412/1412/1412 1411/1411/1411
f 1378/1378/1378 1379/1379/1379 1413/1413/1413
f 1378/1378/1378 1413/1413/1413 1412/1412/1412
f 1379/1379/1379 1380/1380/1380 1414/1414/1414
f 1379/1379/1379 1414/1414/1414 1413/1413/1413
f 1380/1380/1380 1381/1381/1381 1415/1415/1415
f 1380/1380/1380 1415/1415/1415 1414/1414/1414
f 1381/1381/1381 1382/1382/1382 1416/1416/1416
f 1381/1381/1381 1416/1416/1416 1415/1415/1415
f 1382/1382/1382 1383/1383/1383 1417/1417/1417
f 1382/1382/1382 1417/1417/1417 1416/1416/1416
f 1383/1383/1383 1384/1384/1384 1418/1418/1418
f 1383/1383/1383 1418/1418/1418 1417/1417/1417
f 1384/1384/1384 1385/1385/1385 1419/1419/1419
f 1384/1384/1384 1419/1419/1419 1418/1418/1418
f 1385/1385/1385 1386/1386/1386 1420/1420/1420
f 1385/1385/1385 1420/1420/1420 1419/1419/1419
f 1386/1386/1386 1387/1387/1387 1421/1421/1421
f 1386/1386/1386 1421/1421/1421 1420/1420/1420
f 1387/1387/1387 1388/1388/1388 1422/1422/1422
f 1387/1387/1387 1422/1422/1422 1421/1421/1421
f 1388/1388/1388 1389/1389/1389 1423/1423/1423
f 1388/1388/1388 1423/1423/1423 1422/1422/1422
f 1389/1389/1389 1390/1390/1390 1424/1424/1424
f 1389/1389/1389 1424/1424/1424 1423/1423/1423
f 1390/1390/1390 1391/1391/1391 1425/1425/1425
f 1390/1390/1390 1425/1425/1425 1424/1424/1424
f 1391/1391/1391 1392/1392/1392 1426/1426/1426
f 1391/1391/1391 1426/1426/1426 1425/1425/1425
f 1392/1392/1392 1393/1393/1393 1427/1427/1427
f 1392/1392/1392 1427/1427/1427 1426/1426/1426
f 1393/1393/1393 1394/1394/1394 1428/1428/1428
f 1393/1393/1393 1428/1428/1428 1427/1427/1427
f 1395/1395/1395 1396/1396/1396 1430/1430/1430
f 1395/1395/1395 1430/1430/1430 1429/1429/1429
f 1396/1396/1396 1397/1397/1397 1431/1431/1431
f 1396/1396/1396 1431/1431/1431 1430/1430/1430
f 1397/1397/1397 1398/1398/1398 1432/1432/1432
f 1397/1397/1397 1432/1432/1432 1431/1431/1431
f 1398/1398/1398 1399/1399/1399 1433/1433/1433
f 1398/1398/1398 1433/1433/1433 1432/1432/1432
f 1399/1399/1399 1400/1400/1400 1434/1434/1434
f 1399/1399/1399 1434/1434/1434 1433/1433/1433
f 1400/1400/1400 1401/1401/1401 1435/1435/1435
f 1400/1400/1400 1435/1435/1435 1434/1434/1434
f 1401/1401/1401 1402/1402/1402 1436/1436/1436
f 1401/1401/1401 1436/1436/1436 1435/1435/1435
f 1402/1402/1402 1403/1403/1403 1437/1437/1437
f 1402/1402/1402 1437/1437/1437 1436/1436/1436
f 1403/1403/1403 1404/1404/1404 1438/1438/1438
f 1403/1403/1403 1438/1438/1438 1437/1437/1437
f 1404/1404/1404 1405/1405/1405 1439/1439/1439
f 1404/1404/1404 1439/1439/1439 1438/1438/1438
f 1405/1405/1405 1406/1406/1406 1440/1440/1440
f 1405/1405/1405 1440/1440/1440 1439/1439/1439
f 1406/1406/1406 1407/1407/1407 1441/1441/1441
f 1406/1406/1406 1441/1441/1441 1440/1440/1440
f 1407/1407/1407 1408/1408/1408 1442/1442/1442
f 1407/1407/1407 1442/1442/1442 1441/1441/1441
f 1408/1408/1408 1409/1409/1409 1443/1443/1443
f 1408/1408/1408 1443/1443/1443 1442/1442/1442
f 1409/1409/1409 1410/1410/1410 1444/1444/1444
f 1409/1409/1409 1444/1444/1444 1443/1443/1443
f 1410/1410/1410 1411/1411/1411 1445/1445/1445
f 1410/1410/1410 1445/1445/1445 1444/1444/1444
f 1411/1411/1411 1412/1412/1412 1446/1446/1446
f 1411/1411/1411 1446/1446/1446 1445/1445/1445
f 1412/1412/1412 1413/1413/1413 1447/1447/1447
f 1412/1412/1412 1447/1447/1447 1446/1446/1446
f 1413/1413/1413 1414/1414/1414 1448/1448/1448
f 1413/1413/1413 1448/1448/1448 1447/1447/1447
f 1414/1414/1414 1415/1415/1415 1449/1449/1449
f 1414/1414/1414 1449/1449/1449 1448/1448/1448
f 1415/1415/1415 1416/1416/1416 1450/1450/1450
f 1415/1415/1415 1450/1450/1450 1449/1449/1449
f 1416/1416/1416 1417/1417/1417 1451/1451/1451
f 1416/1416/1416 1451/1451/1451 1450/1450/1450
f 1417/1417/1417 1418/1418/1418 1452/1452/1452
f 1417/1417/1417 1452/1452/1452 1451/1451/1451
f 1418/1418/1418 1419/1419/1419 1453/1453/1453
f 1418/1418/1418 1453/1453/1453 1452/1452/1452
f 1419/1419/1419 1420/1420/1420 1454/1454/1454
f 1419/1419/1419 1454/1454/1454 1453/1453/1453
f 1420/1420/1420 1421/1421/1421 1455/1455/1455
f 1420/1420/1420 1455/1455/1455 1454/1454/1454
f 1421/1421/1421 1422/1422/1422 1456/1456/1456
f 1421/1421/1421 1456/1456/1456 1455/1455/1455
f 1422/1422/1422 1423/1423/1423 1457/1457/1457
f 1422/1422/1422 1457/1457/1457 1456/1456/1456
f 1423/1423/1423 1424/1424/1424 1458/1458/1458
f 1423/1423/1423 1458/1458/1458 1457/1457/1457
f 1424/1424/1424 1425/1425/1425 1459/1459/1459
f 1424/1424/1424 1459/1459/1459 1458/1458/1458
f 1425/1425/1425 1426/1426/1426 1460/1460/1460
f 1425/1425/1425 1460/1460/1460 1459/1459/1459
f 1426/1426/1426 1427/1427/1427 1461/1461/1461
f 1426/1426/1426 1461/1461/1461 1460/1460/1460
f 1427/1427/1427 1428/1428/1428 1462/1462/1462
f 1427/1427/1427 1462/1462/1462 1461/1461/1461
f 1429/1429/1429 1430/1430/1430 1464/1464/1464
f 1429/1429/1429 1464/1464/1464 1463/1463/1463
f 1430/1430/1430 1431/1431/1431 1465/1465/1465
f 1430/1430/1430 1465/1465/1465 1464/1464/1464
f 1431/1431/1431 1432/1432/1432 1466/1466/1466
f 1431/1431/1431 1466/1466/1466 1465/1465/1465
f 1432/1432/1432 1433/1433/1433 1467/1467/1467
f 1432/1432/1432 1467/1467/1467 1466/1466/1466
f 1433/1433/1433 1434/1434/1434 1468/1468/1468
f 1433/1433/1433 1468/1468/1468 1467/1467/1467
f 1434/1434/1434 1435/1435/1435 1469/1469/1469
f 1434/1434/1434 1469/1469/1469 1468/1468/1468
f 1435/1435/1435 1436/1436/1436 1470/1470/1470
f 1435/1435/1435 1470/1470/1470 1469/1469/1469
f 1436/1436/1436 1437/1437/1437 1471/1471/1471
f 1436/1436/1436 1471/1471/1471 1470/1470/1470
f 1437/1437/1437 1438/1438/1438 1472/1472/1472
f 1437/1437/1437 1472/1472/1472 1471/1471/1471
f 1438/1438/1438 1439/1439/1439 1473/1473/1473
f 1438/1438/1438 1473/1473/1473 1472/1472/1472
f 1439/1439/1439 1440/1440/1440 1474/1474/1474
f 1439/1439/1439 1474/1474/1474 1473/1473/1473
f 1440/1440/1440 1441/1441/1441 1475/1475/1475
f 1440/1440/1440 1475/1475/1475 1474/1474/1474
f 1441/1441/1441 1442/1442/1442 1476/1476/1476
f 1441/1441/1441 1476/1476/1476 1475/1475/1475
f 1442/1442/1442 1443/1443/1443 1477/1477/1477
f 1442/1442/1442 1477/1477/1477 1476/1476/1476
f 1443/1443/1443 1444/1444/1444 1478/1478/1478
f 1443/1443/1443 1478/1478/1478 1477/1477/1477
f 1444/1444/1444 1445/1445/1445 1479/1479/1479
f 1444/1444/1444 1479/1479/1479 1478/1478/1478
f 1445/1445/1445 1446/1446/1446 1480/1480/1480
f 1445/1445/1445 1480/1480/1480 1479/1479/1479
f 1446/1446/1446 1447/1447/1447 1481/1481/1481
f 1446/1446/1446 1481/1481/1481 1480/1480/1480
f 1447/1447/1447 1448/1448/1448 1482/1482/1482
f 1447/1447/1447 1482/1482/1482 1481/1481/1481
f 1448/1448/1448 1449/1449/1449 1483/1483/1483
f 1448/1448/1448 1483/1483/1483 1482/1482/1482
f 1449/1449/1449 1450/1450/1450 1484/1484/1484
f 1449/1449/1449 1484/1484/1484 1483/1483/1483
f 1450/1450/1450 1451/1451/1451 1485/1485/1485
f 1450/1450/1450 1485/1485/1485 1484/1484/1484
f 1451/1451/1451 1452/1452/1452 1486/1486/1486
f 1451/1451/1451 1486/1486/1486 1485/1485/1485
f 1452/1452/1452 1453/1453/1453 1487/1487/1487
f 1452/1452/1452 1487/1487/1487 1486/1486/1486
f 1453/1453/1453 1454/1454/1454 1488/1488/1488
f 1453/1453/1453 1488/1488/1488 1487/1487/1487
f 1454/1454/1454 1455/1455/1455 1489/1489/1489
f 1454/1454/1454 1489/1489/1489 1488/1488/1488
f 1455/1455/1455 1456/1456/1456 1490/1490/1490
f 1455/1455/1455 1490/1490/1490 1489/1489/1489
f 1456/1456/1456 1457/1457/1457 1491/1491/1491
f 1456/1456/1456 1491/1491/1491 1490/1490/1490
f 1457/1457/1457 1458/1458/1458 1492/1492/1492
f 1457/1457/1457 1492/1492/1492 1491/1491/1491
f 1458/1458/1458 1459/1459/1459 1493/1493/1493
f 1458/1458/1458 1493/1493/1493 1492/1492/1492
f 1459/1459/1459 1460/1460/1460 1494/1494/1494
f 1459/1459/1459 1494/1494/1494 1493/1493/1493
f 1460/1460/1460 1461/1461/1461 1495/1495/1495
f 1460/1460/1460 1495/1495/1495 1494/1494/1494
f 1461/1461/1461 1462/1462/1462 1496/1496/1496
f 1461/1461/1461 1496/1496/1496 1495/1495/1495
f 1463/1463/1463 1464/1464/1464 1498/1498/1498
f 1463/1463/1463 1498/1498/1498 1497/1497/1497
f 1464/1464/1464 1465/1465/1465 1499/1499/1499
f 1464/1464/1464 1499/1499/1499 1498/1498/1498
f 1465/1465/1465 1466/1466/1466 1500/1500/1500
f 1465/1465/1465 1500/1500/1500 1499/1499/1499
f 1466/1466/1466 1467/1467/1467 1501/1501/1501
f 1466/1466/1466 1501/1501/1501 1500/1500/1500
f 1467/1467/1467 1468/1468/1468 1502/1502/1502
f 1467/1467/1467 1502/1502/1502 1501/1501/1501
f 1468/1468/1468 1469/1469/1469 1503/1503/1503
f 1468/1468/1468 1503/1503/1503 1502/1502/1502
f 1469/1469/1469 1470/1470/1470 1504/1504/1504
f 1469/1469/1469 1504/1504/1504 1503/1503/1503
f 1470/1470/1470 1471/1471/1471 1505/1505/1505
f 1470/1470/1470 1505/1505/1505 1504/1504/1504
f 1471/1471/1471 1472/1472/1472 1506/1506/1506
f 1471/1471/1471 1506/1506/1506 1505/1505/1505
f 1472/1472/1472 1473/1473/1473 1507/1507/1507
f 1472/1472/1472 1507/1507/1507 1506/1506/1506
f 1473/1473/1473 1474/1474/1474 1508/1508/1508
f 1473/1473/1473 1508/1508/1508 1507/1507/1507
f 1474/1474/1474 1475/1475/1475 1509/1509/1509
f 1474/1474/1474 1509/1509/1509 1508/1508/1508
f 1475/1475/1475 1476/1476/1476 1510/1510/1510
f 1475/1475/1475 1510/1510/1510 1509/1509/1509
f 1476/1476/1476 1477/1477/1477 1511/1511/1511
f 1476/1476/1476 1511/1511/1511 1510/1510/1510
f 1477/1477/1477 1478/1478/1478 1512/1512/1512
f 1477/1477/1477 1512/1512/1512 1511/1511/1511
f 1478/1478/1478 1479/1479/1479 1513/1513/1513
f 1478/1478/1478 1513/1513/1513 1512/1512/1512
f 1479/1479/1479 1480/1480/1480 1514/1514/1514
f 1479/1479/1479 1514/1514/1514 1513/1513/1513
f 1480/1480/1480 1481/1481/1481 1515/1515/1515
f 1480/1480/1480 1515/1515/1515 1514/1514/1514
f 1481/1481/1481 1482/1482/1482 1516/1516/1516
f 1481/1481/1481 1516/1516/1516 1515/1515/1515
f 1482/1482/1482 1483/1483/1483 1517/1517/1517
f 1482/1482/1482 1517/1517/1517 1516/1516/1516
f 1483/1483/1483 1484/1484/1484 1518/1518/1518
f 1483/1483/1483 1518/1518/1518 1517/1517/1517
f 1484/1484/1484 1485/1485/1485 1519/1519/1519
f 1484/1484/1484 1519/1519/1519 1518/1518/1518
f 1485/1485/1485 1486/1486/1486 1520/1520/1520
f 1485/1485/1485 1520/1520/1520 1519/1519/1519
f 1486/1486/1486 1487/1487/1487 1521/1521/1521
f 1486/1486/1486 1521/1521/1521 1520/1520/1520
f 1487/1487/1487 1488/1488/1488 1522/1522/1522
f 1487/1487/1487 1522/1522/1522 1521/1521/1521
f 1488/1488/1488 1489/1489/1489 1523/1523/1523
f 1488/1488/1488 1523/1523/1523 1522/1522/1522
f 1489/1489/1489 1490/1490/1490 1524/1524/1524
f 1489/1489/1489 1524/1524/1524 1523/1523/1523
f 1490/1490/1490 1491/1491/1491 1525/1525/1525
f 1490/1490/1490 1525/1525/1525 1524/1524/1524
f 1491/1491/1491 1492/1492/1492 1526/1526/1526
f 1491/1491/1491 1526/1526/1526 1525/1525/1525
f 1492/1492/1492 1493/1493/1493 1527/1527/1527
f 1492/1492/1492 1527/1527/1527 1526/1526/1526
f 1493/1493/1493 1494/1494/1494 1528/1528/1528
f 1493/1493/1493 1528/1528/1528 1527/1527/1527
f 1494/1494/1494 1495/1495/1495 1529/1529/1529
f 1494/1494/1494 1529/1529/1529 1528/1528/1528
f 1495/1495/1495 1496/1496/1496 1530/1530/1530
f 1495/1495/1495 1530/1530/1530 1529/1529/1529
f 1497/1497/1497 1498/1498/1498 1532/1532/1532
f 1497/1497/1497 1532/1532/1532 1531/1531/1531
f 1498/1498/1498 1499/1499/1499 1533/1533/1533
f 1498/1498/1498 1533/1533/1533 1532/1532/1532
f 1499/1499/1499 1500/1500/1500 1534/1534/1534
f 1499/1499/1499 1534/1534/1534 1533/1533/1533
f 1500/1500/1500 1501/1501/1501 1535/1535/1535
f 1500/1500/1500 1535/1535/1535 1534/1534/1534
f 1501/1501/1501 1502/1502/1502 1536/1536/1536
f 1501/1501/1501 1536/1536/1536 1535/1535/1535
f 1502/1502/1502 1503/1503/1503 1537/1537/1537
f 1502/1502/1502 1537/1537/1537 1536/1536/1536
f 1503/1503/1503 1504/1504/1504 1538/1538/1538
f 1503/1503/1503 1538/1538/1538 1537/1537/1537
f 1504/1504/1504 1505/1505/1505 1539/1539/1539
f 1504/1504/1504 1539/1539/1539 1538/1538/1538
f 1505/1505/1505 1506/1506/1506 1540/1540/1540
f 1505/1505/1505 1540/1540/1540 1539/1539/1539
f 1506/1506/1506 1507/1507/1507 1541/1541/1541
f 1506/1506/1506 1541/1541/1541 1540/1540/1540
f 1507/1507/1507 1508/1508/1508 1542/1542/1542
f 1507/1507/1507 1542/1542/1542 1541/1541/1541
f 1508/1508/1508 1509/1509/1509 1543/1543/1543
f 1508/1508/1508 1543/1543/1543 1542/1542/1542
f 1509/1509/1509 1510/1510/1510 1544/1544/1544
f 1509/1509/1509 1544/1544/1544 1543/1543/1543
f 1510/1510/1510 1511/1511/1511 1545/1545/1545
f 1510/1510/1510 1545/1545/1545 1544/1544/1544
f 1511/1511/1511 1512/1512/1512 1546/1546/1546
f 1511/1511/1511 1546/1546/1546 1545/1545/1545
f 1512/1512/1512 1513/1513/1513 1547/1547/1547
f 1512/1512/1512 1547/1547/1547 1546/1546/1546
f 1513/1513/1513 1514/1514/1514 1548/1548/1548
f 1513/1513/1513 1548/1548/1548 1547/1547/1547
f 1514/1514/1514 1515/1515/1515 1549/1549/1549
f 1514/1514/1514 1549/1549/1549 1548/1548/1548
f 1515/1515/1515 1516/1516/1516 1550/1550/1550
f 1515/1515/1515 1550/1550/1550 1549/1549/1549
f 1516/1516/1516 1517/1517/1517 1551/1551/1551
f 1516/1516/1516 1551/1551/1551 1550/1550/1550
f 1517/1517/1517 1518/1518/1518 1552/1552/1552
f 1517/1517/1517 1552/1552/1552 1551/1551/1551
f 1518/1518/1518 1519/1519/1519 1553/1553/1553
f 1518/1518/1518 1553/1553/1553 1552/1552/1552
f 1519/1519/1519 1520/1520/1520 1554/1554/1554
f 1519/1519/1519 1554/1554/1554 1553/1553/1553
f 1520/1520/1520 1521/1521/1521 1555/1555/1555
f 1520/1520/1520 1555/1555/1555 1554/1554/1554
f 1521/1521/1521 1522/1522/1522 1556/1556/1556
f 1521/1521/1521 1556/1556/1556 1555/1555/1555
f 1522/1522/1522 1523/1523/1523 1557/1557/1557
f 1522/1522/1522 1557/1557/1557 1556/1556/1556
f 1523/1523/1523 1524/1524/1524 1558/1558/1558
f 1523/1523/1523 1558/1558/1558 1557/1557/1557
f 1524/1524/1524 1525/1525/1525 1559/1559/1559
f 1524/1524/1524 1559/1559/1559 1558/1558/1558
f 1525/1525/1525 1526/1526/1526 1560/1560/1560
f 1525/1525/1525 1560/1560/1560 1559/1559/1559
f 1526/1526/1526 1527/1527/1527 1561/1561/1561
f 1526/1526/1526 1561/1561/1561 1560/1560/1560
f 1527/1527/1527 1528/1528/1528 1562/1562/1562
f 1527/1527/1527 1562/1562/1562 1561/1561/1561
f 1528/1528/1528 1529/1529/1529 1563/1563/1563
f 1528/1528/1528 1563/1563/1563 1562/1562/1562
f 1529/1529/1529 1530/1530/1530 1564/1564/1564
f 1529/1529/1529 1564/1564/1564 1563/1563/1563
f 1531/1531/1531 1532/1532/1532 1566/1566/1566
f 1531/1531/1531 1566/1566/1566 1565/1565/1565
f 1532/1532/1532 1533/1533/1533 1567/1567/1567
f 1532/1532/1532 1567/1567/1567 1566/1566/1566
f 1533/1533/1533 1534/1534/1534 1568/1568/1568
f 1533/1533/1533 1568/1568/1568 1567/1567/1567
f 1534/1534/1534 1535/1535/1535 1569/1569/1569
f 1534/1534/1534 1569/1569/1569 1568/1568/1568
f 1535/1535/1535 1536/1536/1536 1570/1570/1570
f 1535/1535/1535 1570/1570/1570 1569/1569/1569
f 1536/1536/1536 1537/1537/1537 1571/1571/1571
f 1536/1536/1536 1571/1571/1571 1570/1570/1570
f 1537/1537/1537 1538/1538/1538 1572/1572/1572
f 1537/1537/1537 1572/1572/1572 1571/1571/1571
f 1538/1538/1538 1539/1539/1539 1573/1573/1573
f 1538/1538/1538 1573/1573/1573 1572/1572/1572
f 1539/1539/1539 1540/1540/1540 1574/1574/1574
f 1539/1539/1539 1574/1574/1574 1573/1573/1573
f 1540/1540/1540 1541/1541/1541 1575/1575/1575
f 1540/1540/1540 1575/1575/1575 1574/1574/1574
f 1541/1541/1541 1542/1542/1542 1576/1576/1576
f 1541/1541/1541 1576/1576/1576 1575/1575/1575
f 1542/1542/1542 1543/1543/1543 1577/1577/1577
f 1542/1542/1542 1577/1577/1577 1576/1576/1576
f 1543/1543/1543 1544/1544/1544 1578/1578/1578
f 1543/1543/1543 1578/1578/1578 1577/1577/1577
f 1544/1544/1544 1545/1545/1545 1579/1579/1579
f 1544/1544/1544 1579/1579/1579 1578/1578/1578
f 1545/1545/1545 1546/1546/1546 1580/1580/1580
f 1545/1545/1545 1580/1580/1580 1579/1579/1579
f 1546/1546/1546 1547/1547/1547 1581/1581/1581
f 1546/1546/1546 1581/1581/1581 1580/1580/1580
f 1547/1547/1547 1548/1548/1548 1582/1582/1582
f 1547/1547/1547 1582/1582/1582 1581/1581/1581
f 1548/1548/1548 1549/1549/1549 1583/1583/1583
f 1548/1548/1548 1583/1583/1583 1582/1582/1582
f 1549/1549/1549 1550/1550/1550 1584/1584/1584
f 1549/1549/1549 1584/1584/1584 1583/1583/1583
f 1550/1550/1550 1551/1551/1551 1585/1585/1585
f 1550/1550/1550 1585/1585/1585 1584/1584/1584
f 1551/1551/1551 1552/1552/1552 1586/1586/1586
f 1551/1551/1551 1586/1586/1586 1585/1585/1585
f 1552/1552/1552 1553/1553/1553 1587/1587/1587
f 1552/1552/1552 1587/1587/1587 1586/1586/1586
f 1553/1553/1553 1554/1554/1554 1588/1588/1588
f 1553/1553/1553 1588/1588/1588 1587/1587/1587
f 1554/1554/1554 1555/1555/1555 1589/1589/1589
f 1554/1554/1554 1589/1589/1589 1588/1588/1588
f 1555/1555/1555 1556/1556/1556 1590/1590/1590
f 1555/1555/1555 1590/1590/1590 1589/1589/1589
f 1556/1556/1556 1557/1557/1557 1591/1591/1591
f 1556/1556/1556 1591/1591/1591 1590/1590/1590
f 1557/1557/1557 1558/1558/1558 1592/1592/1592
f 1557/1557/1557 1592/1592/1592 1591/1591/1591
f 1558/1558/1558 1559/1559/1559 1593/1593/1593
f 1558/1558/1558 1593/1593/1593 1592/1592/1592
f 1559/1559/1559 1560/1560/1560 1594/1594/1594
f 1559/1559/1559 1594/1594/1594 1593/1593/1593
f 1560/1560/1560 1561/1561/1561 1595/1595/1595
f 1560/1560/1560 1595/1595/1595 1594/1594/1594
f 1561/1561/1561 1562/1562/1562 1596/1596/1596
f 1561/1561/1561 1596/1596/1596 1595/1595/1595
f 1562/1562/1562 1563/1563/1563 1597/1597/1597
f 1562/1562/1562 1597/1597/1597 1596/1596/1596
f 1563/1563/1563 1564/1564/1564 1598/1598/1598
f 1563/1563/1563 1598/1598/1598 1597/1597/1597
f 1565/1565/1565 1566/1566/1566 1600/1600/1600
f 1565/1565/1565 1600/1600/1600 1599/1599/1599
f 1566/1566/1566 1567/1567/1567 1601/1601/1601
f 1566/1566/1566 1601/1601/1601 1600/1600/1600
f 1567/1567/1567 1568/1568/1568 1602/1602/1602
f 1567/1567/1567 1602/1602/1602 1601/1601/1601
f 1568/1568/1568 1569/1569/1569 1603/1603/1603
f 1568/1568/1568 1603/1603/1603 1602/1602/1602
f 1569/1569/1569 1570/1570/1570 1604/1604/1604
f 1569/1569/1569 1604/1604/1604 1603/1603/1603
f 1570/1570/1570 1571/1571/1571 1605/1605/1605
f 1570/1570/1570 1605/1605/1605 1604/1604/1604
f 1571/1571/1571 1572/1572/1572 1606/1606/1606
f 1571/1571/1571 1606/1606/1606 1605/1605/1605
f 1572/1572/1572 1573/1573/1573 1607/1607/1607
f 1572/1572/1572 1607/1607/1607 1606/1606/1606
f 1573/1573/1573 1574/1574/1574 1608/1608/1608
f 1573/1573/1573 1608/1608/1608 1607/1607/1607
f 1574/1574/1574 1575/1575/1575 1609/1609/1609
f 1574/1574/1574 1609/1609/1609 1608/1608/1608
f 1575/1575/1575 1576/1576/1576 1610/1610/1610
f 1575/1575/1575 1610/1610/1610 1609/1609/1609
f 1576/1576/1576 1577/1577/1577 1611/1611/1611
f 1576/1576/1576 1611/1611/1611 1610/1610/1610
f 1577/1577/1577 1578/1578/1578 1612/1612/1612
f 1577/1577/1577 1612/1612/1612 1611/1611/1611
f 1578/1578/1578 1579/1579/1579 1613/1613/1613
f 1578/1578/1578 1613/1613/1613 1612/1612/1612
f 1579/1579/1579 1580/1580/1580 1614/1614/1614
f 1579/1579/1579 1614/1614/1614 1613/1613/1613
f 1580/1580/1580 1581/1581/1581 1615/1615/1615
f 1580/1580/1580 1615/1615/1615 1614/1614/1614
f 1581/1581/1581 1582/1582/1582 1616/1616/1616
f 1581/1581/1581 1616/1616/1616 1615/1615/1615
f 1582/1582/1582 1583/1583/1583 1617/1617/1617
f 1582/1582/1582 1617/1617/1617 1616/1616/1616
f 1583/1583/1583 1584/1584/1584 1618/1618/1618
f 1583/1583/1583 1618/1618/1618 1617/1617/1617
f 1584/1584/1584 1585/1585/1585 1619/1619/1619
f 1584/1584/1584 1619/1619/1619 1618/1618/1618
f 1585/1585/1585 1586/1586/1586 1620/1620/1620
f 1585/1585/1585 1620/1620/1620 1619/1619/1619
f 1586/1586/1586 1587/1587/1587 1621/1621/1621
f 1586/1586/1586 1621/1621/1621 1620/1620/1620
f 1587/1587/1587 1588/1588/1588 1622/1622/1622
f 1587/1587/1587 1622/1622/1622 1621/1621/1621
f 1588/1588/1588 1589/1589/1589 1623/1623/1623
f 1588/1588/1588 1623/1623/1623 1622/1622/1622
f 1589/1589/1589 1590/1590/1590 1624/1624/1624
f 1589/1589/1589 1624/1624/1624 1623/1623/1623
f 1590/1590/1590 1591/1591/1591 1625/1625/1625
f 1590/1590/1590 1625/1625/1625 1624/1624/1624
f 1591/1591/1591 1592/1592/1592 1626/1626/1626
f 1591/1591/1591 1626/1626/1626 1625/1625/1625
f 1592/1592/1592 1593/1593/1593 1627/1627/1627
f 1592/1592/1592 1627/1627/1627 1626/1626/1626
f 1593/1593/1593 1594/1594/1594 1628/1628/1628
f 1593/1593/1593 1628/1628/1628 1627/1627/1627
f 1594/1594/1594 1595/1595/1595 1629/1629/1629
f 1594/1594/1594 1629/1629/1629 1628/1628/1628
f 1595/1595/1595 1596/1596/1596 1630/1630/1630
f 1595/1595/1595 1630/1630/1630 1629/1629/1629
f 1596/1596/1596 1597/1597/1597 1631/1631/1631
f 1596/1596/1596 1631/1631/1631 1630/1630/1630
f 1597/1597/1597 1598/1598/1598 1632/1632/1632
f 1597/1597/1597 1632/1632/1632 1631/1631/1631
f 1599/1599/1599 1600/1600/1600 1634/1634/1634
f 1599/1599/1599 1634/1634/1634 1633/1633/1633
f 1600/1600/1600 1601/1601/1601 1635/1635/1635
f 1600/1600/1600 1635/1635/1635 1634/1634/1634
f 1601/1601/1601 1602/1602/1602 1636/1636/1636
f 1601/1601/1601 1636/1636/1636 1635/1635/1635
f 1602/1602/1602 1603/1603/1603 1637/1637/1637
f 1602/1602/1602 1637/1637/1637 1636/1636/1636
f 1603/1603/1603 1604/1604/1604 1638/1638/1638
f 1603/1603/1603 1638/1638/1638 1637/1637/1637
f 1604/1604/1604 1605/1605/1605 1639/1639/1639
f 1604/1604/1604 1639/1639/1639 1638/1638/1638
f 1605/1605/1605 1606/1606/1606 1640/1640/1640
f 1605/1605/1605 1640/1640/1640 1639/1639/1639
f 1606/1606/1606 1607/1607/1607 1641/1641/1641
f 1606/1606/1606 1641/1641/1641 1640/1640/1640
f 1607/1607/1607 1608/1608/1608 1642/1642/1642
f 1607/1607/1607 1642/1642/1642 1641/1641/1641
f 1608/1608/1608 1609/1609/1609 1643/1643/1643
f 1608/1608/1608 1643/1643/1643 1642/1642/1642
f 1609/1609/1609 1610/1610/1610 1644/1644/1644
f 1609/1609/1609 1644/1644/1644 1643/1643/1643
f 1610/1610/1610 1611/1611/1611 1645/1645/1645
f 1610/1610/1610 1645/1645/1645 1644/1644/1644
f 1611/1611/1611 1612/1612/1612 1646/1646/1646
f 1611/1611/1611 1646/1646/1646 1645/1645/1645
f 1612/1612/1612 1613/1613/1613 1647/1647/1647
f 1612/1612/1612 1647/1647/1647 1646/1646/1646
f 1613/1613/1613 1614/1614/1614 1648/1648/1648
f 1613/1613/1613 1648/1648/1648 1647/1647/1647
f 1614/1614/1614 1615/1615/1615 1649/1649/1649
f 1614/1614/1614 1649/1649/1649 1648/1648/1648
f 1615/1615/1615 1616/1616/1616 1650/1650/1650
f 1615/1615/1615 1650/1650/1650 1649/1649/1649
f 1616/1616/1616 1617/1617/1617 1651/1651/1651
f 1616/1616/1616 1651/1651/1651 1650/1650/1650
f 1617/1617/1617 1618/1618/1618 1652/1652/1652
f 1617/1617/1617 1652/1652/1652 1651/1651/1651
f 1618/1618/1618 1619/1619/1619 1653/1653/1653
f 1618/1618/1618 1653/1653/1653 1652/1652/1652
f 1619/1619/1619 1620/1620/1620 1654/1654/1654
f 1619/1619/1619 1654/1654/1654 1653/1653/1653
f 1620/1620/1620 1621/1621/1621 1655/1655/1655
f 1620/1620/1620 1655/1655/1655 1654/1654/1654
f 1621/1621/1621 1622/1622/1622 1656/1656/1656
f 1621/1621/1621 1656/1656/1656 1655/1655/1655
f 1622/1622/1622 1623/1623/1623 1657/1657/1657
f 1622/1622/1622 1657/1657/1657 1656/1656/1656
f 1623/1623/1623 1624/1624/1624 1658/1658/1658
f 1623/1623/1623 1658/1658/1658 1657/1657/1657
f 1624/1624/1624 1625/1625/1625 1659/1659/1659
f 1624/1624/1624 1659/1659/1659 1658/1658/1658
f 1625/1625/1625 1626/1626/1626 1660/1660/1660
f 1625/1625/1625 1660/1660/1660 1659/1659/1659
f 1626/1626/1626 1627/1627/1627 1661/1661/1661
f 1626/1626/1626 1661/1661/1661 1660/1660/1660
f 1627/1627/1627 1628/1628/1628 1662/1662/1662
f 1627/1627/1627 1662/1662/1662 1661/1661/1661
f 1628/1628/1628 1629/1629/1629 1663/1663/1663
f 1628/1628/1628 1663/1663/1663 1662/1662/1662
f 1629/1629/1629 1630/1630/1630 1664/1664/1664
f 1629/1629/1629 1664/1664/1664 1663/1663/1663
f 1630/1630/1630 1631/1631/1631 1665/1665/1665
f 1630/1630/1630 1665/1665/1665 1664/1664/1664
f 1631/1631/1631 1632/1632/1632 1666/1666/1666
f 1631/1631/1631 1666/1666/1666 1665/1665/1665
f 1633/1633/1633 1634/1634/1634 1668/1668/1668
f 1633/1633/1633 1668/1668/1668 1667/1667/1667
f 1634/1634/1634 1635/1635/1635 1669/1669/1669
f 1634/1634/1634 1669/1669/1669 1668/1668/1668
f 1635/1635/1635 1636/1636/1636 1670/1670/1670
f 1635/1635/1635 1670/1670/1670 1669/1669/1669
f 1636/1636/1636 1637/1637/1637 1671/1671/1671
f 1636/1636/1636 1671/1671/1671 1670/1670/1670
f 1637/1637/1637 1638/1638/1638 1672/1672/1672
f 1637/1637/1637 1672/1672/1672 1671/1671/1671
f 1638/1638/1638 1639/1639/1639 1673/1673/1673
f 1638/1638/1638 1673/1673/1673 1672/1672/1672
f 1639/1639/1639 1640/1640/1640 1674/1674/1674
f 1639/1639/1639 1674/1674/1674 1673/1673/1673
f 1640/1640/1640 1641/1641/1641 1675/1675/1675
f 1640/1640/1640 1675/1675/1675 1674/1674/1674
f 1641/1641/1641 1642/1642/1642 1676/1676/1676
f 1641/1641/1641 1676/1676/1676 1675/1675/1675
f 1642/1642/1642 1643/1643/1643 1677/1677/1677
f 1642/1642/1642 1677/1677/1677 1676/1676/1676
f 1643/1643/1643 1644/1644/1644 1678/1678/1678
f 1643/1643/1643 1678/1678/1678 1677/1677/1677
f 1644/1644/1644 1645/1645/1645 1679/1679/1679
f 1644/1644/1644 1679/1679/1679 1678/1678/1678
f 1645/1645/1645 1646/1646/1646 1680/1680/1680
f 1645/1645/1645 1680/1680/1680 1679/1679/1679
f 1646/1646/1646 1647/1647/1647 1681/1681/1681
f 1646/1646/1646 1681/1681/1681 1680/1680/1680
f 1647/1647/1647 1648/1648/1648 1682/1682/1682
f 1647/1647/1647 1682/1682/1682 1681/1681/1681
f 1648/1648/1648 1649/1649/1649 1683/1683/1683
f 1648/1648/1648 1683/1683/1683 1682/1682/1682
f 1649/1649/1649 1650/1650/1650 1684/1684/1684
f 1649/1649/1649 1684/1684/1684 1683/1683/1683
f 1650/1650/1650 1651/1651/1651 1685/1685/1685
f 1650/1650/1650 1685/1685/1685 1684/1684/1684
f 1651/1651/1651 1652/1652/1652 1686/1686/1686
f 1651/1651/1651 1686/1686/1686 1685/1685/1685
f 1652/1652/1652 1653/1653/1653 1687/1687/1687
f 1652/1652/1652 1687/1687/1687 1686/1686/1686
f 1653/1653/1653 1654/1654/1654 1688/1688/1688
f 1653/1653/1653 1688/1688/1688 1687/1687/1687
f 1654/1654/1654 1655/1655/1655 1689/1689/1689
f 1654/1654/1654 1689/1689/1689 1688/1688/1688
f 1655/1655/1655 1656/1656/1656 1690/1690/1690
f 1655/1655/1655 1690/1690/1690 1689/1689/1689
f 1656/1656/1656 1657/1657/1657 1691/1691/1691
f 1656/1656/1656 1691/1691/1691 1690/1690/1690
f 1657/1657/1657 1658/1658/1658 1692/1692/1692
f 1657/1657/1657 1692/1692/1692 1691/1691/1691
f 1658/1658/1658 1659/1659/1659 1693/1693/1693
f 1658/1658/1658 1693/1693/1693 1692/1692/1692
f 1659/1659/1659 1660/1660/1660 1694/1694/1694
f 1659/1659/1659 1694/1694/1694 1693/1693/1693
f 1660/1660/1660 1661/1661/1661 1695/1695/1695
f 1660/1660/1660 1695/1695/1695 1694/1694/1694
f 1661/1661/1661 1662/1662/1662 1696/1696/1696
f 1661/1661/1661 1696/1696/1696 1695/1695/1695
f 1662/1662/1662 1663/1663/1663 1697/1697/1697
f 1662/1662/1662 1697/1697/1697 1696/1696/1696
f 1663/1663/1663 1664/1664/1664 1698/1698/1698
f 1663/1663/1663 1698/1698/1698 1697/1697/1697
f 1664/1664/1664 1665/1665/1665 1699/1699/1699
f 1664/1664/1664 1699/1699/1699 1698/1698/1698
f 1665/1665/1665 1666/1666/1666 1700/1700/1700
f 1665/1665/1665 1700/1700/1700 1699/1699/1699
f 1667/1667/1667 1668/1668/1668 1702/1702/1702
f 1667/1667/1667 1702/1702/1702 1701/1701/1701
f 1668/1668/1668 1669/1669/1669 1703/1703/1703
f 1668/1668/1668 1703/1703/1703 1702/1702/1702
f 1669/1669/1669 1670/1670/1670 1704/1704/1704
f 1669/1669/1669 1704/1704/1704 1703/1703/1703
f 1670/1670/1670 1671/1671/1671 1705/1705/1705
f 1670/1670/1670 1705/1705/1705 1704/1704/1704
f 1671/1671/1671 1672/1672/1672 1706/1706/1706
f 1671/1671/1671 1706/1706/1706 1705/1705/1705
f 1672/1672/1672 1673/1673/1673 1707/1707/1707
f 1672/1672/1672 1707/1707/1707 1706/1706/1706
f 1673/1673/1673 1674/1674/1674 1708/1708/1708
f 1673/1673/1673 1708/1708/1708 1707/1707/1707
f 1674/1674/1674 1675/1675/1675 1709/1709/1709
f 1674/1674/1674 1709/1709/1709 1708/1708/1708
f 1675/1675/1675 1676/1676/1676 1710/1710/1710
f 1675/1675/1675 1710/1710/1710 1709/1709/1709
f 1676/1676/1676 1677/1677/1677 1711/1711/1711
f 1676/1676/1676 1711/1711/1711 1710/1710/1710
f 1677/1677/1677 1678/1678/1678 1712/1712/1712
f 1677/1677/1677 1712/1712/1712 1711/1711/1711
f 1678/1678/1678 1679/1679/1679 1713/1713/1713
f 1678/1678/1678 1713/1713/1713 1712/1712/1712
f 1679/1679/1679 1680/1680/1680 1714/1714/1714
f 1679/1679/1679 1714/1714/1714 1713/1713/1713
f 1680/1680/1680 1681/1681/1681 1715/1715/1715
f 1680/1680/1680 1715/1715/1715 1714/1714/1714
f 1681/1681/1681 1682/1682/1682 1716/1716/1716
f 1681/1681/1681 1716/1716/1716 1715/1715/1715
f 1682/1682/1682 1683/1683/1683 1717/1717/1717
f 1682/1682/1682 1717/1717/1717 1716/1716/1716
f 1683/1683/1683 1684/1684/1684 1718/1718/1718
f 1683/1683/1683 1718/1718/1718 1717/1717/1717
f 1684/1684/1684 1685/1685/1685 1719/1719/1719
f 1684/1684/1684 1719/1719/1719 1718/1718/1718
f 1685/1685/1685 1686/1686/1686 1720/1720/1720
f 1685/1685/1685 1720/1720/1720 1719/1719/1719
f 1686/1686/1686 1687/1687/1687 1721/1721/1721
f 1686/1686/1686 1721/1721/1721 1720/1720/1720
f 1687/1687/1687 1688/1688/1688 1722/1722/1722
f 1687/1687/1687 1722/1722/1722 1721/1721/1721
f 1688/1688/1688 1689/1689/1689 1723/1723/1723
f 1688/1688/1688 1723/1723/1723 1722/1722/1722
f 1689/1689/1689 1690/1690/1690 1724/1724/1724
f 1689/1689/1689 1724/1724/1724 1723/1723/1723
f 1690/1690/1690 1691/1691/1691 1725/1725/1725
f 1690/1690/1690 1725/1725/1725 1724/1724/1724
f 1691/1691/1691 1692/1692/1692 1726/1726/1726
f 1691/1691/1691 1726/1726/1726 1725/1725/1725
f 1692/1692/1692 1693/1693/1693 1727/1727/1727
f 1692/1692/1692 1727/1727/1727 1726/1726/1726
f 1693/1693/1693 1694/1694/1694 1728/1728/1728
f 1693/1693/1693 1728/1728/1728 1727/1727/1727
f 1694/1694/1694 1695/1695/1695 1729/1729/1729
f 1694/1694/1694 1729/1729/1729 1728/1728/1728
f 1695/1695/1695 1696/1696/1696 1730/1730/1730
f 1695/1695/1695 1730/1730/1730 1729/1729/1729
f 1696/1696/1696 1697/1697/1697 1731/1731/1731
f 1696/1696/1696 1731/1731/1731 1730/1730/1730
f 1697/1697/1697 1698/1698/1698 1732/1732/1732
f 1697/1697/1697 1732/1732/1732 1731/1731/1731
f 1698/1698/1698 1699/1699/1699 1733/1733/1733
f 1698/1698/1698 1733/1733/1733 1732/1732/1732
f 1699/1699/1699 1700/1700/1700 1734/1734/1734
f 1699/1699/1699 1734/1734/1734 1733/1733/1733
f 1701/1701/1701 1702/1702/1702 1736/1736/1736
f 1701/1701/1701 1736/1736/1736 1735/1735/1735
f 1702/1702/1702 1703/1703/1703 1737/1737/1737
f 1702/1702/1702 1737/1737/1737 1736/1736/1736
f 1703/1703/1703 1704/1704/1704 1738/1738/1738
f 1703/1703/1703 1738/1738/1738 1737/1737/1737
f 1704/1704/1704 1705/1705/1705 1739/1739/1739
f 1704/1704/1704 1739/1739/1739 1738/1738/1738
f 1705/1705/1705 1706/1706/1706 1740/1740/1740
f 1705/1705/1705 1740/1740/1740 1739/1739/1739
f 1706/1706/1706 1707/1707/1707 1741/1741/1741
f 1706/1706/1706 1741/1741/1741 1740/1740/1740
f 1707/1707/1707 1708/1708/1708 1742/1742/1742
f 1707/1707/1707 1742/1742/1742 1741/1741/1741
f 1708/1708/1708 1709/1709/1709 1743/1743/1743
f 1708/1708/1708 1743/1743/1743 1742/1742/1742
f 1709/1709/1709 1710/1710/1710 1744/1744/1744
f 1709/1709/1709 1744/1744/1744 1743/1743/1743
f 1710/1710/1710 1711/1711/1711 1745/1745/1745
f 1710/1710/1710 1745/1745/1745 1744/1744/1744
f 1711/1711/1711 1712/1712/1712 1746/1746/1746
f 1711/1711/1711 1746/1746/1746 1745/1745/1745
f 1712/1712/1712 1713/1713/1713 1747/1747/1747
f 1712/1712/1712 1747/1747/1747 1746/1746/1746
f 1713/1713/1713 1714/1714/1714 1748/1748/1748
f 1713/1713/1713 1748/1748/1748 1747/1747/1747
f 1714/1714/1714 1715/1715/1715 1749/1749/1749
f 1714/1714/1714 1749/1749/1749 1748/1748/1748
f 1715/1715/1715 1716/1716/1716 1750/1750/1750
f 1715/1715/1715 1750/1750/1750 1749/1749/1749
f 1716/1716/1716 1717/1717/1717 1751/1751/1751
f 1716/1716/1716 1751/1751/1751 1750/1750/1750
f 1717/1717/1717 1718/1718/1718 1752/1752/1752
f 1717/1717/1717 1752/1752/1752 1751/1751/1751
f 1718/1718/1718 1719/1719/1719 1753/1753/1753
f 1718/1718/1718 1753/1753/1753 1752/1752/1752
f 1719/1719/1719 1720/1720/1720 1754/1754/1754
f 1719/1719/1719 1754/1754/1754 1753/1753/1753
f 1720/1720/1720 1721/1721/1721 1755/1755/1755
f 1720/1720/1720 1755/1755/1755 1754/1754/1754
f 1721/1721/1721 1722/1722/1722 1756/1756/1756
f 1721/1721/1721 1756/1756/1756 1755/1755/1755
f 1722/1722/1722 1723/1723/1723 1757/1757/1757
f 1722/1722/1722 1757/1757/1757 1756/1756/1756
f 1723/1723/1723 1724/1724/1724 1758/1758/1758
f 1723/1723/1723 1758/1758/1758 1757/1757/1757
f 1724/1724/1724 1725/1725/1725 1759/1759/1759
f 1724/1724/1724 1759/1759/1759 1758/1758/1758
f 1725/1725/1725 1726/1726/1726 1760/1760/1760
f 1725/1725/1725 1760/1760/1760 1759/1759/1759
f 1726/1726/1726 1727/1727/1727 1761/1761/1761
f 1726/1726/1726 1761/1761/1761 1760/1760/1760
f 1727/1727/1727 1728/1728/1728 1762/1762/1762
f 1727/1727/1727 1762/1762/1762 1761/1761/1761
f 1728/1728/1728 1729/1729/1729 1763/1763/1763
f 1728/1728/1728 1763/1763/1763 1762/1762/1762
f 1729/1729/1729 1730/1730/1730 1764/1764/1764
f 1729/1729/1729 1764/1764/1764 1763/1763/1763
f 1730/1730/1730 1731/1731/1731 1765/1765/1765
f 1730/1730/1730 1765/1765/1765 1764/1764/1764
f 1731/1731/1731 1732/1732/1732 1766/1766/1766
f 1731/1731/1731 1766/1766/1766 1765/1765/1765
f 1732/1732/1732 1733/1733/1733 1767/1767/1767
f 1732/1732/1732 1767/1767/1767 1766/1766/1766
f 1733/1733/1733 1734/1734/1734 1768/1768/1768
f 1733/1733/1733 1768/1768/1768 1767/1767/1767
f 1735/1735/1735 1736/1736/1736 1770/1770/1770
f 1735/1735/1735 1770/1770/1770 1769/1769/1769
f 1736/1736/1736 1737/1737/1737 1771/1771/1771
f 1736/1736/1736 1771/1771/1771 1770/1770/1770
f 1737/1737/1737 1738/1738/1738 1772/1772/1772
f 1737/1737/1737 1772/1772/1772 1771/1771/1771
f 1738/1738/1738 1739/1739/1739 1773/1773/1773
f 1738/1738/1738 1773/1773/1773 1772/1772/1772
f 1739/1739/1739 1740/1740/1740 1774/1774/1774
f 1739/1739/1739 1774/1774/1774 1773/1773/1773
f 1740/1740/1740 1741/1741/1741 1775/1775/1775
f 1740/1740/1740 1775/1775/1775 1774/1774/1774
f 1741/1741/1741 1742/1742/1742 1776/1776/1776
f 1741/1741/1741 1776/1776/1776 1775/1775/1775
f 1742/1742/1742 1743/1743/1743 1777/1777/1777
f 1742/1742/1742 1777/1777/1777 1776/1776/1776
f 1743/1743/1743 1744/1744/1744 1778/1778/1778
f 1743/1743/1743 1778/1778/1778 1777/1777/1777
f 1744/1744/1744 1745/1745/1745 1779/1779/1779
f 1744/1744/1744 1779/1779/1779 1778/1778/1778
f 1745/1745/1745 1746/1746/1746 1780/1780/1780
f 1745/1745/1745 1780/1780/1780 1779/1779/1779
f 1746/1746/1746 1747/1747/1747 1781/1781/1781
f 1746/1746/1746 1781/1781/1781 1780/1780/1780
f 1747/1747/1747 1748/1748/1748 1782/1782/1782
f 1747/1747/1747 1782/1782/1782 1781/1781/1781
f 1748/1748/1748 1749/1749/1749 1783/1783/1783
f 1748/1748/1748 1783/1783/1783 1782/1782/1782
f 1749/1749/1749 1750/1750/1750 1784/1784/1784
f 1749/1749/1749 1784/1784/1784 1783/1783/1783
f 1750/1750/1750 1751/1751/1751 1785/1785/1785
f 1750/1750/1750 1785/1785/1785 1784/1784/1784
f 1751/1751/1751 1752/1752/1752 1786/1786/1786
f 1751/1751/1751 1786/1786/1786 1785/1785/1785
f 1752/1752/1752 1753/1753/1753 1787/1787/1787
f 1752/1752/1752 1787/1787/1787 1786/1786/1786
f 1753/1753/1753 1754/1754/1754 1788/1788/1788
f 1753/1753/1753 1788/1788/1788 1787/1787/1787
f 1754/1754/1754 1755/1755/1755 1789/1789/1789
f 1754/1754/1754 1789/1789/1789 1788/1788/1788
f 1755/1755/1755 1756/1756/1756 1790/1790/1790
f 1755/1755/1755 1790/1790/1790 1789/1789/1789
f 1756/1756/1756 1757/1757/1757 1791/1791/1791
f 1756/1756/1756 1791/1791/1791 1790/1790/1790
f 1757/1757/1757 1758/1758/1758 1792/1792/1792
f 1757/1757/1757 1792/1792/1792 1791/1791/1791
f 1758/1758/1758 1759/1759/1759 1793/1793/1793
f 1758/1758/1758 1793/1793/1793 1792/1792/1792
f 1759/1759/1759 1760/1760/1760 1794/1794/1794
f 1759/1759/1759 1794/1794/1794 1793/1793/1793
f 1760/1760/1760 1761/1761/1761 1795/1795/1795
f 1760/1760/1760 1795/1795/1795 1794/1794/1794
f 1761/1761/1761 1762/1762/1762 1796/1796/1796
f 1761/1761/1761 1796/1796/1796 1795/1795/1795
f 1762/1762/1762 1763/1763/1763 1797/1797/1797
f 1762/1762/1762 1797/1797/1797 1796/1796/1796
f 1763/1763/1763 1764/1764/1764 1798/1798/1798
f 1763/1763/1763 1798/1798/1798 1797/1797/1797
f 1764/1764/1764 1765/1765/1765 1799/1799/1799
f 1764/1764/1764 1799/1799/1799 1798/1798/1798
f 1765/1765/1765 1766/1766/1766 1800/1800/1800
f 1765/1765/1765 1800/1800/1800 1799/1799/1799
f 1766/1766/1766 1767/1767/1767 1801/1801/1801
f 1766/1766/1766 1801/1801/1801 1800/1800/1800
f 1767/1767/1767 1768/1768/1768 1802/1802/1802
f 1767/1767/1767 1802/1802/1802 1801/1801/1801
f 1769/1769/1769 1770/1770/1770 1804/1804/1804
f 1769/1769/1769 1804/1804/1804 1803/1803/1803
f 1770/1770/1770 1771/1771/1771 1805/1805/1805
f 1770/1770/1770 1805/1805/1805 1804/1804/1804
f 1771/1771/1771 1772/1772/1772 1806/1806/1806
f 1771/1771/1771 1806/1806/1806 1805/1805/1805
f 1772/1772/1772 1773/1773/1773 1807/1807/1807
f 1772/1772/1772 1807/1807/1807 1806/1806/1806
f 1773/1773/1773 1774/1774/1774 1808/1808/1808
f 1773/1773/1773 1808/1808/1808 1807/1807/1807
f 1774/1774/1774 1775/1775/1775 1809/1809/1809
f 1774/1774/1774 1809/1809/1809 1808/1808/1808
f 1775/1775/1775 1776/1776/1776 1810/1810/1810
f 1775/1775/1775 1810/1810/1810 1809/1809/1809
f 1776/1776/1776 1777/1777/1777 1811/1811/1811
f 1776/1776/1776 1811/1811/1811 1810/1810/1810
f 1777/1777/1777 1778/1778/1778 1812/1812/1812
f 1777/1777/1777 1812/1812/1812 1811/1811/1811
f 1778/1778/1778 1779/1779/1779 1813/1813/1813
f 1778/1778/1778 1813/1813/1813 1812/1812/1812
f 1779/1779/1779 1780/1780/1780 1814/1814/1814
f 1779/1779/1779 1814/1814/1814 1813/1813/1813
f 1780/1780/1780 1781/1781/1781 1815/1815/1815
f 1780/1780/1780 1815/1815/1815 1814/1814/1814
f 1781/1781/1781 1782/1782/1782 1816/1816/1816
f 1781/1781/1781 1816/1816/1816 1815/1815/1815
f 1782/1782/1782 1783/1783/1783 1817/1817/1817
f 1782/1782/1782 1817/1817/1817 1816/1816/1816
f 1783/1783/1783 1784/1784/1784 1818/1818/1818
f 1783/1783/1783 1818/1818/1818 1817/1817/1817
f 1784/1784/1784 1785/1785/1785 1819/1819/1819
f 1784/1784/1784 1819/1819/1819 1818/1818/1818
f 1785/1785/1785 1786/1786/1786 1820/1820/1820
f 1785/1785/1785 1820/1820/1820 1819/1819/1819
f 1786/1786/1786 1787/1787/1787 1821/1821/1821
f 1786/1786/1786 1821/1821/1821 1820/1820/1820
f 1787/1787/1787 1788/1788/1788 1822/1822/1822
f 1787/1787/1787 1822/1822/1822 1821/1821/1821
f 1788/1788/1788 1789/1789/1789 1823/1823/1823
f 1788/1788/1788 1823/1823/1823 1822/1822/1822
f 1789/1789/1789 1790/1790/1790 1824/1824/1824
f 1789/1789/1789 1824/1824/1824 1823/1823/1823
f 1790/1790/1790 1791/1791/1791 1825/1825/1825
f 1790/1790/1790 1825/1825/1825 1824/1824/1824
f 1791/1791/1791 1792/1792/1792 1826/1826/1826
f 1791/1791/1791 1826/1826/1826 1825/1825/1825
f 1792/1792/1792 1793/1793/1793 1827/1827/1827
f 1792/1792/1792 1827/1827/1827 1826/1826/1826
f 1793/1793/1793 1794/1794/1794 1828/1828/1828
f 1793/1793/1793 1828/1828/1828 1827/1827/1827
f 1794/1794/1794 1795/1795/1795 1829/1829/1829
f 1794/1794/1794 1829/1829/1829 1828/1828/1828
f 1795/1795/1795 1796/1796/1796 1830/1830/1830
f 1795/1795/1795 1830/1830/1830 1829/1829/1829
f 1796/1796/1796 1797/1797/1797 1831/1831/1831
f 1796/1796/1796 1831/1831/1831 1830/1830/1830
f 1797/1797/1797 1798/1798/1798 1832/1832/1832
f 1797/1797/1797 1832/1832/1832 1831/1831/1831
f 1798/1798/1798 1799/1799/1799 1833/1833/1833
f 1798/1798/1798 1833/1833/1833 1832/1832/1832
f 1799/1799/1799 1800/1800/1800 1834/1834/1834
f 1799/1799/1799 1834/1834/1834 1833/1833/1833
f 1800/1800/1800 1801/1801/1801 1835/1835/1835
f 1800/1800/1800 1835/1835/1835 1834/1834/1834
f 1801/1801/1801 1802/1802/1802 1836/1836/1836
f 1801/1801/1801 1836/1836/1836 1835/1835/1835
f 1803/1803/1803 1804/1804/1804 1838/1838/1838
f 1803/1803/1803 1838/1838/1838 1837/1837/1837
f 1804/1804/1804 1805/1805/1805 1839/1839/1839
f 1804/1804/1804 1839/1839/1839 1838/1838/1838
f 1805/1805/1805 1806/1806/1806 1840/1840/1840
f 1805/1805/1805 1840/1840/1840 1839/1839/1839
f 1806/1806/1806 1807/1807/1807 1841/1841/1841
f 1806/1806/1806 1841/1841/1841 1840/1840/1840
f 1807/1807/1807 1808/1808/1808 1842/1842/1842
f 1807/1807/1807 1842/1842/1842 1841/1841/1841
f 1808/1808/1808 1809/1809/1809 1843/1843/1843
f 1808/1808/1808 1843/1843/1843 1842/1842/1842
f 1809/1809/1809 1810/1810/1810 1844/1844/1844
f 1809/1809/1809 1844/1844/1844 1843/1843/1843
f 1810/1810/1810 1811/1811/1811 1845/1845/1845
f 1810/1810/1810 1845/1845/1845 1844/1844/1844
f 1811/1811/1811 1812/1812/1812 1846/1846/1846
f 1811/1811/1811 1846/1846/1846 1845/1845/1845
f 1812/1812/1812 1813/1813/1813 1847/1847/1847
f 1812/1812/1812 1847/1847/1847 1846/1846/1846
f 1813/1813/1813 1814/1814/1814 1848/1848/1848
f 1813/1813/1813 1848/1848/1848 1847/1847/1847
f 1814/1814/1814 1815/1815/1815 1849/1849/1849
f 1814/1814/1814 1849/1849/1849 1848/1848/1848
f 1815/1815/1815 1816/1816/1816 1850/1850/1850
f 1815/1815/1815 1850/1850/1850 1849/1849/1849
f 1816/1816/1816 1817/1817/1817 1851/1851/1851
f 1816/1816/1816 1851/1851/1851 1850/1850/1850
f 1817/1817/1817 1818/1818/1818 1852/1852/1852
f 1817/1817/1817 1852/1852/1852 1851/1851/1851
f 1818/1818/1818 1819/1819/1819 1853/1853/1853
f 1818/1818/1818 1853/1853/1853 1852/1852/1852
f 1819/1819/1819 1820/1820/1820 1854/1854/1854
f 1819/1819/1819 1854/1854/1854 1853/1853/1853
f 1820/1820/1820 1821/1821/1821 1855/1855/1855
f 1820/1820/1820 1855/1855/1855 1854/1854/1854
f 1821/1821/1821 1822/1822/1822 1856/1856/1856
f 1821/1821/1821 1856/1856/1856 1855/1855/1855
f 1822/1822/1822 1823/1823/1823 1857/1857/1857
f 1822/1822/1822 1857/1857/1857 1856/1856/1856
f 1823/1823/1823 1824/1824/1824 1858/1858/1858
f 1823/1823/1823 1858/1858/1858 1857/1857/1857
f 1824/1824/1824 1825/1825/1825 1859/1859/1859
f 1824/1824/1824 1859/1859/1859 1858/1858/1858
f 1825/1825/1825 1826/1826/1826 1860/1860/1860
f 1825/1825/1825 1860/1860/1860 1859/1859/1859
f 1826/1826/1826 1827/1827/1827 1861/1861/1861
f 1826/1826/1826 1861/1861/1861 1860/1860/1860
f 1827/1827/1827 1828/1828/1828 1862/1862/1862
f 1827/1827/1827 1862/1862/1862 1861/1861/1861
f 1828/1828/1828 1829/1829/1829 1863/1863/1863
f 1828/1828/1828 1863/1863/1863 1862/1862/1862
f 1829/1829/1829 1830/1830/1830 1864/1864/1864
f 1829/1829/1829 1864/1864/1864 1863/1863/1863
f 1830/1830/1830 1831/1831/1831 1865/1865/1865
f 1830/1830/1830 1865/1865/1865 1864/1864/1864
f 1831/1831/1831 1832/1832/1832 1866/1866/1866
f 1831/1831/1831 1866/1866/1866 1865/1865/1865
f 1832/1832/1832 1833/1833/1833 1867/1867/1867
f 1832/1832/1832 1867/1867/1867 1866/1866/1866
f 1833/1833/1833 1834/1834/1834 1868/1868/1868
f 1833/1833/1833 1868/1868/1868 1867/1867/1867
f 1834/1834/1834 1835/1835/1835 1869/1869/1869
f 1834/1834/1834 1869/1869/1869 1868/1868/1868
f 1835/1835/1835 1836/1836/1836 1870/1870/1870
f 1835/1835/1835 1870/1870/1870 1869/1869/1869
f 1837/1837/1837 1838/1838/1838 1872/1872/1872
f 1837/1837/1837 1872/1872/1872 1871/1871/1871
f 1838/1838/1838 1839/1839/1839 1873/1873/1873
f 1838/1838/1838 1873/1873/1873 1872/1872/1872
f 1839/1839/1839 1840/1840/1840 1874/1874/1874
f 1839/1839/1839 1874/1874/1874 1873/1873/1873
f 1840/1840/1840 1841/1841/1841 1875/1875/1875
f 1840/1840/1840 1875/1875/1875 1874/1874/1874
f 1841/1841/1841 1842/1842/1842 1876/1876/1876
f 1841/1841/1841 1876/1876/1876 1875/1875/1875
f 1842/1842/1842 1843/1843/1843 1877/1877/1877
f 1842/1842/1842 1877/1877/1877 1876/1876/1876
f 1843/1843/1843 1844/1844/1844 1878/1878/1878
f 1843/1843/1843 1878/1878/1878 1877/1877/1877
f 1844/1844/1844 1845/1845/1845 1879/1879/1879
f 1844/1844/1844 1879/1879/1879 1878/1878/1878
f 1845/1845/1845 1846/1846/1846 1880/1880/1880
f 1845/1845/1845 1880/1880/1880 1879/1879/1879
f 1846/1846/1846 1847/1847/1847 1881/1881/1881
f 1846/1846/1846 1881/1881/1881 1880/1880/1880
f 1847/1847/1847 1848/1848/1848 1882/1882/1882
f 1847/1847/1847 1882/1882/1882 1881/1881/1881
f 1848/1848/1848 1849/1849/1849 1883/1883/1883
f 1848/1848/1848 1883/1883/1883 1882/1882/1882
f 1849/1849/1849 1850/1850/1850 1884/1884/1884
f 1849/1849/1849 1884/1884/1884 1883/1883/1883
f 1850/1850/1850 1851/1851/1851 1885/1885/1885
f 1850/1850/1850 1885/1885/1885 1884/1884/1884
f 1851/1851/1851 1852/1852/1852 1886/1886/1886
f 1851/1851/1851 1886/1886/1886 1885/1885/1885
f 1852/1852/1852 1853/1853/1853 1887/1887/1887
f 1852/1852/1852 1887/1887/1887 1886/1886/1886
f 1853/1853/1853 1854/1854/1854 1888/1888/1888
f 1853/1853/1853 1888/1888/1888 1887/1887/1887
f 1854/1854/1854 1855/1855/1855 1889/1889/1889
f 1854/1854/1854 1889/1889/1889 1888/1888/1888
f 1855/1855/1855 1856/1856/1856 1890/1890/1890
f 1855/1855/1855 1890/1890/1890 1889/1889/1889
f 1856/1856/1856 1857/1857/1857 1891/1891/1891
f 1856/1856/1856 1891/1891/1891 1890/1890/1890
f 1857/1857/1857 1858/1858/1858 1892/1892/1892
f 1857/1857/1857 1892/1892/1892 1891/1891/1891
f 1858/1858/1858 1859/1859/1859 1893/1893/1893
f 1858/1858/1858 1893/1893/1893 1892/1892/1892
f 1859/1859/1859 1860/1860/1860 1894/1894/1894
f 1859/1859/1859 1894/1894/1894 1893/1893/1893
f 1860/1860/1860 1861/1861/1861 1895/1895/1895
f 1860/1860/1860 1895/1895/1895 1894/1894/1894
f 1861/1861/1861 1862/1862/1862 1896/1896/1896
f 1861/1861/1861 1896/1896/1896 1895/1895/1895
f 1862/1862/1862 1863/1863/1863 1897/1897/1897
f 1862/1862/1862 1897/1897/1897 1896/1896/1896
f 1863/1863/1863 1864/1864/1864 1898/1898/1898
f 1863/1863/1863 1898/1898/1898 1897/1897/1897
f 1864/1864/1864 1865/1865/1865 1899/1899/1899
f 1864/1864/1864 1899/1899/1899 1898/1898/1898
f 1865/1865/1865 1866/1866/1866 1900/1900/1900
f 1865/1865/1865 1900/1900/1900 1899/1899/1899
f 1866/1866/1866 1867/1867/1867 1901/1901/1901
f 1866/1866/1866 1901/1901/1901 1900/1900/1900
f 1867/1867/1867 1868/1868/1868 1902/1902/1902
f 1867/1867/1867 1902/1902/1902 1901/1901/1901
f 1868/1868/1868 1869/1869/1869 1903/1903/1903
f 1868/1868/1868 1903/1903/1903 1902/1902/1902
f 1869/1869/1869 1870/1870/1870 1904/1904/1904
f 1869/1869/1869 1904/1904/1904 1903/1903/1903
f 1871/1871/1871 1872/1872/1872 1906/1906/1906
f 1871/1871/1871 1906/1906/1906 1905/1905/1905
f 1872/1872/1872 1873/1873/1873 1907/1907/1907
f 1872/1872/1872 1907/1907/1907 1906/1906/1906
f 1873/1873/1873 1874/1874/1874 1908/1908/1908
f 1873/1873/1873 1908/1908/1908 1907/1907/1907
f 1874/1874/1874 1875/1875/1875 1909/1909/1909
f 1874/1874/1874 1909/1909/1909 1908/1908/1908
f 1875/1875/1875 1876/1876/1876 1910/1910/1910
f 1875/1875/1875 1910/1910/1910 1909/1909/1909
f 1876/1876/1876 1877/1877/1877 1911/1911/1911
f 1876/1876/1876 1911/1911/1911 1910/1910/1910
f 1877/1877/1877 1878/1878/1878 1912/1912/1912
f 1877/1877/1877 1912/1912/1912 1911/1911/1911
f 1878/1878/1878 1879/1879/1879 1913/1913/1913
f 1878/1878/1878 1913/1913/1913 1912/1912/1912
f 1879/1879/1879 1880/1880/1880 1914/1914/1914
f 1879/1879/1879 1914/1914/1914 1913/1913/1913
f 1880/1880/1880 1881/1881/1881 1915/1915/1915
f 1880/1880/1880 1915/1915/1915 1914/1914/1914
f 1881/1881/1881 1882/1882/1882 1916/1916/1916
f 1881/1881/1881 1916/1916/1916 1915/1915/1915
f 1882/1882/1882 1883/1883/1883 1917/1917/1917
f 1882/1882/1882 1917/1917/1917 1916/1916/1916
f 1883/1883/1883 1884/1884/1884 1918/1918/1918
f 1883/1883/1883 1918/1918/1918 1917/1917/1917
f 1884/1884/1884 1885/1885/1885 1919/1919/1919
f 1884/1884/1884 1919/1919/1919 1918/1918/1918
f 1885/1885/1885 1886/1886/1886 1920/1920/1920
f 1885/1885/1885 1920/1920/1920 1919/1919/1919
f 1886/1886/1886 1887/1887/1887 1921/1921/1921
f 1886/1886/1886 1921/1921/1921 1920/1920/1920
f 1887/1887/1887 1888/1888/1888 1922/1922/1922
f 1887/1887/1887 1922/1922/1922 1921/1921/1921
f 1888/1888/1888 1889/1889/1889 1923/1923/1923
f 1888/1888/1888 1923/1923/1923 1922/1922/1922
f 1889/1889/1889 1890/1890/1890 1924/1924/1924
f 1889/1889/1889 1924/1924/1924 1923/1923/1923
f 1890/1890/1890 1891/1891/1891 1925/1925/1925
f 1890/1890/1890 1925/1925/1925 1924/1924/1924
f 1891/1891/1891 1892/1892/1892 1926/1926/1926
f 1891/1891/1891 1926/1926/1926 1925/1925/1925
f 1892/1892/1892 1893/1893/1893 1927/1927/1927
f 1892/1892/1892 1927/1927/1927 1926/1926/1926
f 1893/1893/1893 1894/1894/1894 1928/1928/1928
f 1893/1893/1893 1928/1928/1928 1927/1927/1927
f 1894/1894/1894 1895/1895/1895 1929/1929/1929
f 1894/1894/1894 1929/1929/1929 1928/1928/1928
f 1895/1895/1895 1896/1896/1896 1930/1930/1930
f 1895/1895/1895 1930/1930/1930 1929/1929/1929
f 1896/1896/1896 1897/1897/1897 1931/1931/1931
f 1896/1896/1896 1931/1931/1931 1930/1930/1930
f 1897/1897/1897 1898/1898/1898 1932/1932/1932
f 1897/1897/1897 1932/1932/1932 1931/1931/1931
f 1898/1898/1898 1899/1899/1899 1933/1933/1933
f 1898/1898/1898 1933/1933/1933 1932/1932/1932
f 1899/1899/1899 1900/1900/1900 1934/1934/1934
f 1899/1899/1899 1934/1934/1934 1933/1933/1933
f 1900/1900/1900 1901/1901/1901 1935/1935/1935
f 1900/1900/1900 1935/1935/1935 1934/1934/1934
f 1901/1901/1901 1902/1902/1902 1936/1936/1936
f 1901/1901/1901 1936/1936/1936 1935/1935/1935
f 1902/1902/1902 1903/1903/1903 1937/1937/1937
f 1902/1902/1902 1937/1937/1937 1936/1936/1936
f 1903/1903/1903 1904/1904/1904 1938/1938/1938
f 1903/1903/1903 1938/1938/1938 1937/1937/1937
f 1905/1905/1905 1906/1906/1906 1940/1940/1940
f 1905/1905/1905 1940/1940/1940 1939/1939/1939
f 1906/1906/1906 1907/1907/1907 1941/1941/1941
f 1906/1906/1906 1941/1941/1941 1940/1940/1940
f 1907/1907/1907 1908/1908/1908 1942/1942/1942
f 1907/1907/1907 1942/1942/1942 1941/1941/1941
f 1908/1908/1908 1909/1909/1909 1943/1943/1943
f 1908/1908/1908 1943/1943/1943 1942/1942/1942
f 1909/1909/1909 1910/1910/1910 1944/1944/1944
f 1909/1909/1909 1944/1944/1944 1943/1943/1943
f 1910/1910/1910 1911/1911/1911 1945/1945/1945
f 1910/1910/1910 1945/1945/1945 1944/1944/1944
f 1911/1911/1911 1912/1912/1912 1946/1946/1946
f 1911/1911/1911 1946/1946/1946 1945/1945/1945
f 1912/1912/1912 1913/1913/1913 1947/1947/1947
f 1912/1912/1912 1947/1947/1947 1946/1946/1946
f 1913/1913/1913 1914/1914/1914 1948/1948/1948
f 1913/1913/1913 1948/1948/1948 1947/1947/1947
f 1914/1914/1914 1915/1915/1915 1949/1949/1949
f 1914/1914/1914 1949/1949/1949 1948/1948/1948
f 1915/1915/1915 1916/1916/1916 1950/1950/1950
f 1915/1915/1915 1950/1950/1950 1949/1949/1949
f 1916/1916/1916 1917/1917/1917 1951/1951/1951
f 1916/1916/1916 1951/1951/1951 1950/1950/1950
f 1917/1917/1917 1918/1918/1918 1952/1952/1952
f 1917/1917/1917 1952/1952/1952 1951/1951/1951
f 1918/1918/1918 1919/1919/1919 1953/1953/1953
f 1918/1918/1918 1953/1953/1953 1952/1952/1952
f 1919/1919/1919 1920/1920/1920 1954/1954/1954
f 1919/1919/1919 1954/1954/1954 1953/1953/1953
f 1920/1920/1920 1921/1921/1921 1955/1955/1955
f 1920/1920/1920 1955/1955/1955 1954/1954/1954
f 1921/1921/1921 1922/1922/1922 1956/1956/1956
f 1921/1921/1921 1956/1956/1956 1955/1955/1955
f 1922/1922/1922 1923/1923/1923 1957/1957/1957
f 1922/1922/1922 1957/1957/1957 1956/1956/1956
f 1923/1923/1923 1924/1924/1924 1958/1958/1958
f 1923/1923/1923 1958/1958/1958 1957/1957/1957
f 1924/1924/1924 1925/1925/1925 1959/1959/1959
f 1924/1924/1924 1959/1959/1959 1958/1958/1958
f 1925/1925/1925 1926/1926/1926 1960/1960/1960
f 1925/1925/1925 1960/1960/1960 1959/1959/1959
f 1926/1926/1926 1927/1927/1927 1961/1961/1961
f 1926/1926/1926 1961/1961/1961 1960/1960/1960
f 1927/1927/1927 1928/1928/1928 1962/1962/1962
f 1927/1927/1927 1962/1962/1962 1961/1961/1961
f 1928/1928/1928 1929/1929/1929 1963/1963/1963
f 1928/1928/1928 1963/1963/1963 1962/1962/1962
f 1929/1929/1929 1930/1930/1930 1964/1964/1964
f 1929/1929/1929 1964/1964/1964 1963/1963/1963
f 1930/1930/1930 1931/1931/1931 1965/1965/1965
f 1930/1930/1930 1965/1965/1965 1964/1964/1964
f 1931/1931/1931 1932/1932/1932 1966/1966/1966
f 1931/1931/1931 1966/1966/1966 1965/1965/1965
f 1932/1932/1932 1933/1933/1933 1967/1967/1967
f 1932/1932/1932 1967/1967/1967 1966/1966/1966
f 1933/1933/1933 1934/1934/1934 1968/1968/1968
f 1933/1933/1933 1968/1968/1968 1967/1967/1967
f 1934/1934/1934 1935/1935/1935 1969/1969/1969
f 1934/1934/1934 1969/1969/1969 1968/1968/1968
f 1935/1935/1935 1936/1936/1936 1970/1970/1970
f 1935/1935/1935 1970/1970/1970 1969/1969/1969
f 1936/1936/1936 1937/1937/1937 1971/1971/1971
f 1936/1936/1936 1971/1971/1971 1970/1970/1970
f 1937/1937/1937 1938/1938/1938 1972/1972/1972
f 1937/1937/1937 1972/1972/1972 1971/1971/1971
f 1939/1939/1939 1940/1940/1940 1974/1974/1974
f 1939/1939/1939 1974/1974/1974 1973/1973/1973
f 1940/1940/1940 1941/1941/1941 1975/1975/1975
f 1940/1940/1940 1975/1975/1975 1974/1974/1974
f 1941/1941/1941 1942/1942/1942 1976/1976/1976
f 1941/1941/1941 1976/1976/1976 1975/1975/1975
f 1942/1942/1942 1943/1943/1943 1977/1977/1977
f 1942/1942/1942 1977/1977/1977 1976/1976/1976
f 1943/1943/1943 1944/1944/1944 1978/1978/1978
f 1943/1943/1943 1978/1978/1978 1977/1977/1977
f 1944/1944/1944 1945/1945/1945 1979/1979/1979
f 1944/1944/1944 1979/1979/1979 1978/1978/1978
f 1945/1945/1945 1946/1946/1946 1980/1980/1980
f 1945/1945/1945 1980/1980/1980 1979/1979/1979
f 1946/1946/1946 1947/1947/1947 1981/1981/1981
f 1946/1946/1946 1981/1981/1981 1980/1980/1980
f 1947/1947/1947 1948/1948/1948 1982/1982/1982
f 1947/1947/1947 1982/1982/1982 1981/1981/1981
f 1948/1948/1948 1949/1949/1949 1983/1983/1983
f 1948/1948/1948 1983/1983/1983 1982/1982/1982
f 1949/1949/1949 1950/1950/1950 1984/1984/1984
f 1949/1949/1949 1984/1984/1984 1983/1983/1983
f 1950/1950/1950 1951/1951/1951 1985/1985/1985
f 1950/1950/1950 1985/1985/1985 1984/1984/1984
f 1951/1951/1951 1952/1952/1952 1986/1986/1986
f 1951/1951/1951 1986/1986/1986 1985/1985/1985
f 1952/1952/1952 1953/1953/1953 1987/1987/1987
f 1952/1952/1952 1987/1987/1987 1986/1986/1986
f 1953/1953/1953 1954/1954/1954 1988/1988/1988
f 1953/1953/1953 1988/1988/1988 1987/1987/1987
f 1954/1954/1954 1955/1955/1955 1989/1989/1989
f 1954/1954/1954 1989/1989/1989 1988/1988/1988
f 1955/1955/1955 1956/1956/1956 1990/1990/1990
f 1955/1955/1955 1990/1990/1990 1989/1989/1989
f 1956/1956/1956 1957/1957/1957 1991/1991/1991
f 1956/1956/1956 1991/1991/1991 1990/1990/1990
f 1957/1957/1957 1958/1958/1958 1992/1992/1992
f 1957/1957/1957 1992/1992/1992 1991/1991/1991
f 1958/1958/1958 1959/1959/1959 1993/1993/1993
f 1958/1958/1958 1993/1993/1993 1992/1992/1992
f 1959/1959/1959 1960/1960/1960 1994/1994/1994
f 1959/1959/1959 1994/1994/1994 1993/1993/1993
f 1960/1960/1960 1961/1961/1961 1995/1995/1995
f 1960/1960/1960 1995/1995/1995 1994/1994/1994
f 1961/1961/1961 1962/1962/1962 1996/1996/1996
f 1961/1961/1961 1996/1996/1996 1995/1995/1995
f 1962/1962/1962 1963/1963/1963 1997/1997/1997
f 1962/1962/1962 1997/1997/1997 1996/1996/1996
f 1963/1963/1963 1964/1964/1964 1998/1998/1998
f 1963/1963/1963 1998/1998/1998 1997/1997/1997
f 1964/1964/1964 1965/1965/1965 1999/1999/1999
f 1964/1964/1964 1999/1999/1999 1998/1998/1998
f 1965/1965/1965 1966/1966/1966 2000/2000/2000
f 1965/1965/1965 2000/2000/2000 1999/1999/1999
f 1966/1966/1966 1967/1967/1967 2001/2001/2001
f 1966/1966/1966 2001/2001/2001 2000/2000/2000
f 1967/1967/1967 1968/1968/1968 2002/2002/2002
f 1967/1967/1967 2002/2002/2002 2001/2001/2001
f 1968/1968/1968 1969/1969/1969 2003/2003/2003
f 1968/1968/1968 2003/2003/2003 2002/2002/2002
f 1969/1969/1969 1970/1970/1970 2004/2004/2004
f 1969/1969/1969 2004/2004/2004 2003/2003/2003
f 1970/1970/1970 1971/1971/1971 2005/2005/2005
f 1970/1970/1970 2005/2005/2005 2004/2004/2004
f 1971/1971/1971 1972/1972/1972 2006/2006/2006
f 1971/1971/1971 2006/2006/2006 2005/2005/2005
f 1973/1973/1973 1974/1974/1974 2008/2008/2008
f 1973/1973/1973 2008/2008/2008 2007/2007/2007
f 1974/1974/1974 1975/1975/1975 2009/2009/2009
f 1974/1974/1974 2009/2009/2009 2008/2008/2008
f 1975/1975/1975 1976/1976/1976 2010/2010/2010
f 1975/1975/1975 2010/2010/2010 2009/2009/2009
f 1976/1976/1976 1977/1977/1977 2011/2011/2011
f 1976/1976/1976 2011/2011/2011 2010/2010/2010
f 1977/1977/1977 1978/1978/1978 2012/2012/2012
f 1977/1977/1977 2012/2012/2012 2011/2011/2011
f 1978/1978/1978 1979/1979/1979 2013/2013/2013
f 1978/1978/1978 2013/2013/2013 2012/2012/2012
f 1979/1979/1979 1980/1980/1980 2014/2014/2014
f 1979/1979/1979 2014/2014/2014 2013/2013/2013
f 1980/1980/1980 1981/1981/1981 2015/2015/2015
f 1980/1980/1980 2015/2015/2015 2014/2014/2014
f 1981/1981/1981 1982/1982/1982 2016/2016/2016
f 1981/1981/1981 2016/2016/2016 2015/2015/2015
f 1982/1982/1982 1983/1983/1983 2017/2017/2017
f 1982/1982/1982 2017/2017/2017 2016/2016/2016
f 1983/1983/1983 1984/1984/1984 2018/2018/2018
f 1983/1983/1983 2018/2018/2018 2017/2017/2017
f 1984/1984/1984 1985/1985/1985 2019/2019/2019
f 1984/1984/1984 2019/2019/2019 2018/2018/2018
f 1985/1985/1985 1986/1986/1986 2020/2020/2020
f 1985/1985/1985 2020/2020/2020 2019/2019/2019
f 1986/1986/1986 1987/1987/1987 2021/2021/2021
f 1986/1986/1986 2021/2021/2021 2020/2020/2020
f 1987/1987/1987 1988/1988/1988 2022/2022/2022
f 1987/1987/1987 2022/2022/2022 2021/2021/2021
f 1988/1988/1988 1989/1989/1989 2023/2023/2023
f 1988/1988/1988 2023/2023/2023 2022/2022/2022
f 1989/1989/1989 1990/1990/1990 2024/2024/2024
f 1989/1989/1989 2024/2024/2024 2023/2023/2023
f 1990/1990/1990 1991/1991/1991 2025/2025/2025
f 1990/1990/1990 2025/2025/2025 2024/2024/2024
f 1991/1991/1991 1992/1992/1992 2026/2026/2026
f 1991/1991/1991 2026/2026/2026 2025/2025/2025
f 1992/1992/1992 1993/1993/1993 2027/2027/2027
f 1992/1992/1992 2027/2027/2027 2026/2026/2026
f 1993/1993/1993 1994/1994/1994 2028/2028/2028
f 1993/1993/1993 2028/2028/2028 2027/2027/2027
f 1994/1994/1994 1995/1995/1995 2029/2029/2029
f 1994/1994/1994 2029/2029/2029 2028/2028/2028
f 1995/1995/1995 1996/1996/1996 2030/2030/2030
f 1995/1995/1995 2030/2030/2030 2029/2029/2029
f 1996/1996/1996 1997/1997/1997 2031/2031/2031
f 1996/1996/1996 2031/2031/2031 2030/2030/2030
f 1997/1997/1997 1998/1998/1998 2032/2032/2032
f 1997/1997/1997 2032/2032/2032 2031/2031/2031
f 1998/1998/1998 1999/1999/1999 2033/2033/2033
f 1998/1998/1998 2033/2033/2033 2032/2032/2032
f 1999/1999/1999 2000/2000/2000 2034/2034/2034
f 1999/1999/1999 2034/2034/2034 2033/2033/2033
f 2000/2000/2000 2001/2001/2001 2035/2035/2035
f 2000/2000/2000 2035/2035/2035 2034/2034/2034
f 2001/2001/2001 2002/2002/2002 2036/2036/2036
f 2001/2001/2001 2036/2036/2036 2035/2035/2035
f 2002/2002/2002 2003/2003/2003 2037/2037/2037
f 2002/2002/2002 2037/2037/2037 2036/2036/2036
f 2003/2003/2003 2004/2004/2004 2038/2038/2038
f 2003/2003/2003 2038/2038/2038 2037/2037/2037
f 2004/2004/2004 2005/2005/2005 2039/2039/2039
f 2004/2004/2004 2039/2039/2039 2038/2038/2038
f 2005/2005/2005 2006/2006/2006 2040/2040/2040
f 2005/2005/2005 2040/2040/2040 2039/2039/2039
f 2007/2007/2007 2008/2008/2008 2042/2042/2042
f 2007/2007/2007 2042/2042/2042 2041/2041/2041
f 2008/2008/2008 2009/2009/2009 2043/2043/2043
f 2008/2008/2008 2043/2043/2043 2042/2042/2042
f 2009/2009/2009 2010/2010/2010 2044/2044/2044
f 2009/2009/2009 2044/2044/2044 2043/2043/2043
f 2010/2010/2010 2011/2011/2011 2045/2045/2045
f 2010/2010/2010 2045/2045/2045 2044/2044/2044
f 2011/2011/2011 2012/2012/2012 2046/2046/2046
f 2011/2011/2011 2046/2046/2046 2045/2045/2045
f 2012/2012/2012 2013/2013/2013 2047/2047/2047
f 2012/2012/2012 2047/2047/2047 2046/2046/2046
f 2013/2013/2013 2014/2014/2014 2048/2048/2048
f 2013/2013/2013 2048/2048/2048 2047/2047/2047
f 2014/2014/2014 2015/2015/2015 2049/2049/2049
f 2014/2014/2014 2049/2049/2049 2048/2048/2048
f 2015/2015/2015 2016/2016/2016 2050/2050/2050
f 2015/2015/2015 2050/2050/2050 2049/2049/2049
f 2016/2016/2016 2017/2017/2017 2051/2051/2051
f 2016/2016/2016 2051/2051/2051 2050/2050/2050
f 2017/2017/2017 2018/2018/2018 2052/2052/2052
f 2017/2017/2017 2052/2052/2052 2051/2051/2051
f 2018/2018/2018 2019/2019/2019 2053/2053/2053
f 2018/2018/2018 2053/2053/2053 2052/2052/2052
f 2019/2019/2019 2020/2020/2020 2054/2054/2054
f 2019/2019/2019 2054/2054/2054 2053/2053/2053
f 2020/2020/2020 2021/2021/2021 2055/2055/2055
f 2020/2020/2020 2055/2055/2055 2054/2054/2054
f 2021/2021/2021 2022/2022/2022 2056/2056/2056
f 2021/2021/2021 2056/2056/2056 2055/2055/2055
f 2022/2022/2022 2023/2023/2023 2057/2057/2057
f 2022/2022/2022 2057/2057/2057 2056/2056/2056
f 2023/2023/2023 2024/2024/2024 2058/2058/2058
f 2023/2023/2023 2058/2058/2058 2057/2057/2057
f 2024/2024/2024 2025/2025/2025 2059/2059/2059
f 2024/2024/2024 2059/2059/2059 2058/2058/2058
f 2025/2025/2025 2026/2026/2026 2060/2060/2060
f 2025/2025/2025 2060/2060/2060 2059/2059/2059
f 2026/2026/2026 2027/2027/2027 2061/2061/2061
f 2026/2026/2026 2061/2061/2061 2060/2060/2060
f 2027/2027/2027 2028/2028/2028 2062/2062/2062
f 2027/2027/2027 2062/2062/2062 2061/2061/2061
f 2028/2028/2028 2029/2029/2029 2063/2063/2063
f 2028/2028/2028 2063/2063/2063 2062/2062/2062
f 2029/2029/2029 2030/2030/2030 2064/2064/2064
f 2029/2029/2029 2064/2064/2064 2063/2063/2063
f 2030/2030/2030 2031/2031/2031 2065/2065/2065
f 2030/2030/2030 2065/2065/2065 2064/2064/2064
f 2031/2031/2031 2032/2032/2032 2066/2066/2066
f 2031/2031/2031 2066/2066/2066 2065/2065/2065
f 2032/2032/2032 2033/2033/2033 2067/2067/2067
f 2032/2032/2032 2067/2067/2067 2066/2066/2066
f 2033/2033/2033 2034/2034/2034 2068/2068/2068
f 2033/2033/2033 2068/2068/2068 2067/2067/2067
f 2034/2034/2034 2035/2035/2035 2069/2069/2069
f 2034/2034/2034 2069/2069/2069 2068/2068/2068
f 2035/2035/2035 2036/2036/2036 2070/2070/2070
f 2035/2035/2035 2070/2070/2070 2069/2069/2069
f 2036/2036/2036 2037/2037/2037 2071/2071/2071
f 2036/2036/2036 2071/2071/2071 2070/2070/2070
f 2037/2037/2037 2038/2038/2038 2072/2072/2072
f 2037/2037/2037 2072/2072/2072 2071/2071/2071
f 2038/2038/2038 2039/2039/2039 2073/2073/2073
f 2038/2038/2038 2073/2073/2073 2072/2072/2072
f 2039/2039/2039 2040/2040/2040 2074/2074/2074
f 2039/2039/2039 2074/2074/2074 2073/2073/2073
f 2041/2041/2041 2042/2042/2042 2076/2076/2076
f 2041/2041/2041 2076/2076/2076 2075/2075/2075
f 2042/2042/2042 2043/2043/2043 2077/2077/2077
f 2042/2042/2042 2077/2077/2077 2076/2076/2076
f 2043/2043/2043 2044/2044/2044 2078/2078/2078
f 2043/2043/2043 2078/2078/2078 2077/2077/2077
f 2044/2044/2044 2045/2045/2045 2079/2079/2079
f 2044/2044/2044 2079/2079/2079 2078/2078/2078
f 2045/2045/2045 2046/2046/2046 2080/2080/2080
f 2045/2045/2045 2080/2080/2080 2079/2079/2079
f 2046/2046/2046 2047/2047/2047 2081/2081/2081
f 2046/2046/2046 2081/2081/2081 2080/2080/2080
f 2047/2047/2047 2048/2048/2048 2082/2082/2082
f 2047/2047/2047 2082/2082/2082 2081/2081/2081
f 2048/2048/2048 2049/2049/2049 2083/2083/2083
f 2048/2048/2048 2083/2083/2083 2082/2082/2082
f 2049/2049/2049 2050/2050/2050 2084/2084/2084
f 2049/2049/2049 2084/2084/2084 2083/2083/2083
f 2050/2050/2050 2051/2051/2051 2085/2085/2085
f 2050/2050/2050 2085/2085/2085 2084/2084/2084
f 2051/2051/2051 2052/2052/2052 2086/2086/2086
f 2051/2051/2051 2086/2086/2086 2085/2085/2085
f 2052/2052/2052 2053/2053/2053 2087/2087/2087
f 2052/2052/2052 2087/2087/2087 2086/2086/2086
f 2053/2053/2053 2054/2054/2054 2088/2088/2088
f 2053/2053/2053 2088/2088/2088 2087/2087/2087
f 2054/2054/2054 2055/2055/2055 2089/2089/2089
f 2054/2054/2054 2089/2089/2089 2088/2088/2088
f 2055/2055/2055 2056/2056/2056 2090/2090/2090
f 2055/2055/2055 2090/2090/2090 2089/2089/2089
f 2056/2056/2056 2057/2057/2057 2091/2091/2091
f 2056/2056/2056 2091/2091/2091 2090/2090/2090
f 2057/2057/2057 2058/2058/2058 2092/2092/2092
f 2057/2057/2057 2092/2092/2092 2091/2091/2091
f 2058/2058/2058 2059/2059/2059 2093/2093/2093
f 2058/2058/2058 2093/2093/2093 2092/2092/2092
f 2059/2059/2059 2060/2060/2060 2094/2094/2094
f 2059/2059/2059 2094/2094/2094 2093/2093/2093
f 2060/2060/2060 2061/2061/2061 2095/2095/2095
f 2060/2060/2060 2095/2095/2095 2094/2094/2094
f 2061/2061/2061 2062/2062/2062 2096/2096/2096
f 2061/2061/2061 2096/2096/2096 2095/2095/2095
f 2062/2062/2062 2063/2063/2063 2097/2097/2097
f 2062/2062/2062 2097/2097/2097 2096/2096/2096
f 2063/2063/2063 2064/2064/2064 2098/2098/2098
f 2063/2063/2063 2098/2098/2098 2097/2097/2097
f 2064/2064/2064 2065/2065/2065 2099/2099/2099
f 2064/2064/2064 2099/2099/2099 2098/2098/2098
f 2065/2065/2065 2066/2066/2066 2100/2100/2100
f 2065/2065/2065 2100/2100/2100 2099/2099/2099
f 2066/2066/2066 2067/2067/2067 2101/2101/2101
f 2066/2066/2066 2101/2101/2101 2100/2100/2100
f 2067/2067/2067 2068/2068/2068 2102/2102/2102
f 2067/2067/2067 2102/2102/2102 2101/2101/2101
f 2068/2068/2068 2069/2069/2069 2103/2103/2103
f 2068/2068/2068 2103/2103/2103 2102/2102/2102
f 2069/2069/2069 2070/2070/2070 2104/2104/2104
f 2069/2069/2069 2104/2104/2104 2103/2103/2103
f 2070/2070/2070 2071/2071/2071 2105/2105/2105
f 2070/2070/2070 2105/2105/2105 2104/2104/2104
f 2071/2071/2071 2072/2072/2072 2106/2106/2106
f 2071/2071/2071 2106/2106/2106 2105/2105/2105
f 2072/2072/2072 2073/2073/2073 2107/2107/2107
f 2072/2072/2072 2107/2107/2107 2106/2106/2106
f 2073/2073/2073 2074/2074/2074 2108/2108/2108
f 2073/2073/2073 2108/2108/2108 2107/2107/2107
f 2075/2075/2075 2076/2076/2076 2110/2110/2110
f 2075/2075/2075 2110/2110/2110 2109/2109/2109
f 2076/2076/2076 2077/2077/2077 2111/2111/2111
f 2076/2076/2076 2111/2111/2111 2110/2110/2110
f 2077/2077/2077 2078/2078/2078 2112/2112/2112
f 2077/2077/2077 2112/2112/2112 2111/2111/2111
f 2078/2078/2078 2079/2079/2079 2113/2113/2113
f 2078/2078/2078 2113/2113/2113 2112/2112/2112
f 2079/2079/2079 2080/2080/2080 2114/2114/2114
f 2079/2079/2079 2114/2114/2114 2113/2113/2113
f 2080/2080/2080 2081/2081/2081 2115/2115/2115
f 2080/2080/2080 2115/2115/2115 2114/2114/2114
f 2081/2081/2081 2082/2082/2082 2116/2116/2116
f 2081/2081/2081 2116/2116/2116 2115/2115/2115
f 2082/2082/2082 2083/2083/2083 2117/2117/2117
f 2082/2082/2082 2117/2117/2117 2116/2116/2116
f 2083/2083/2083 2084/2084/2084 2118/2118/2118
f 2083/2083/2083 2118/2118/2118 2117/2117/2117
f 2084/2084/2084 2085/2085/2085 2119/2119/2119
f 2084/2084/2084 2119/2119/2119 2118/2118/2118
f 2085/2085/2085 2086/2086/2086 2120/2120/2120
f 2085/2085/2085 2120/2120/2120 2119/2119/2119
f 2086/2086/2086 2087/2087/2087 2121/2121/2121
f 2086/2086/2086 2121/2121/2121 2120/2120/2120
f 2087/2087/2087 2088/2088/2088 2122/2122/2122
f 2087/2087/2087 2122/2122/2122 2121/2121/2121
f 2088/2088/2088 2089/2089/2089 2123/2123/2123
f 2088/2088/2088 2123/2123/2123 2122/2122/2122
f 2089/2089/2089 2090/2090/2090 2124/2124/2124
f 2089/2089/2089 2124/2124/2124 2123/2123/2123
f 2090/2090/2090 2091/2091/2091 2125/2125/2125
f 2090/2090/2090 2125/2125/2125 2124/2124/2124
f 2091/2091/2091 2092/2092/2092 2126/2126/2126
f 2091/2091/2091 2126/2126/2126 2125/2125/2125
f 2092/2092/2092 2093/2093/2093 2127/2127/2127
f 2092/2092/2092 2127/2127/2127 2126/2126/2126
f 2093/2093/2093 2094/2094/2094 2128/2128/2128
f 2093/2093/2093 2128/2128/2128 2127/2127/2127
f 2094/2094/2094 2095/2095/2095 2129/2129/2129
f 2094/2094/2094 2129/2129/2129 2128/2128/2128
f 2095/2095/2095 2096/2096/2096 2130/2130/2130
f 2095/2095/2095 2130/2130/2130 2129/2129/2129
f 2096/2096/2096 2097/2097/2097 2131/2131/2131
f 2096/2096/2096 2131/2131/2131 2130/2130/2130
f 2097/2097/2097 2098/2098/2098 2132/2132/2132
f 2097/2097/2097 2132/2132/2132 2131/2131/2131
f 2098/2098/2098 2099/2099/2099 2133/2133/2133
f 2098/2098/2098 2133/2133/2133 2132/2132/2132
f 2099/2099/2099 2100/2100/2100 2134/2134/2134
f 2099/2099/2099 2134/2134/2134 2133/2133/2133
f 2100/2100/2100 2101/2101/2101 2135/2135/2135
f 2100/2100/2100 2135/2135/2135 2134/2134/2134
f 2101/2101/2101 2102/2102/2102 2136/2136/2136
f 2101/2101/2101 2136/2136/2136 2135/2135/2135
f 2102/2102/2102 2103/2103/2103 2137/2137/2137
f 2102/2102/2102 2137/2137/2137 2136/2136/2136
f 2103/2103/2103 2104/2104/2104 2138/2138/2138
f 2103/2103/2103 2138/2138/2138 2137/2137/2137
f 2104/2104/2104 2105/2105/2105 2139/2139/2139
f 2104/2104/2104 2139/2139/2139 2138/2138/2138
f 2105/2105/2105 2106/2106/2106 2140/2140/2140
f 2105/2105/2105 2140/2140/2140 2139/2139/2139
f 2106/2106/2106 2107/2107/2107 2141/2141/2141
f 2106/2106/2106 2141/2141/2141 2140/2140/2140
f 2107/2107/2107 2108/2108/2108 2142/2142/2142
f 2107/2107/2107 2142/2142/2142 2141/2141/2141
f 2109/2109/2109 2110/2110/2110 2144/2144/2144
f 2109/2109/2109 2144/2144/2144 2143/2143/2143
f 2110/2110/2110 2111/2111/2111 2145/2145/2145
f 2110/2110/2110 2145/2145/2145 2144/2144/2144
f 2111/2111/2111 2112/2112/2112 2146/2146/2146
f 2111/2111/2111 2146/2146/2146 2145/2145/2145
f 2112/2112/2112 2113/2113/2113 2147/2147/2147
f 2112/2112/2112 2147/2147/2147 2146/2146/2146
f 2113/2113/2113 2114/2114/2114 2148/2148/2148
f 2113/2113/2113 2148/2148/2148 2147/2147/2147
f 2114/2114/2114 2115/2115/2115 2149/2149/2149
f 2114/2114/2114 2149/2149/2149 2148/2148/2148
f 2115/2115/2115 2116/2116/2116 2150/2150/2150
f 2115/2115/2115 2150/2150/2150 2149/2149/2149
f 2116/2116/2116 2117/2117/2117 2151/2151/2151
f 2116/2116/2116 2151/2151/2151 2150/2150/2150
f 2117/2117/2117 2118/2118/2118 2152/2152/2152
f 2117/2117/2117 2152/2152/2152 2151/2151/2151
f 2118/2118/2118 2119/2119/2119 2153/2153/2153
f 2118/2118/2118 2153/2153/2153 2152/2152/2152
f 2119/2119/2119 2120/2120/2120 2154/2154/2154
f 2119/2119/2119 2154/2154/2154 2153/2153/2153
f 2120/2120/2120 2121/2121/2121 2155/2155/2155
f 2120/2120/2120 2155/2155/2155 2154/2154/2154
f 2121/2121/2121 2122/2122/2122 2156/2156/2156
f 2121/2121/2121 2156/2156/2156 2155/2155/2155
f 2122/2122/2122 2123/2123/2123 2157/2157/2157
f 2122/2122/2122 2157/2157/2157 2156/2156/2156
f 2123/2123/2123 2124/2124/2124 2158/2158/2158
f 2123/2123/2123 2158/2158/2158 2157/2157/2157
f 2124/2124/2124 2125/2125/2125 2159/2159/2159
f 2124/2124/2124 2159/2159/2159 2158/2158/2158
f 2125/2125/2125 2126/2126/2126 2160/2160/2160
f 2125/2125/2125 2160/2160/2160 2159/2159/2159
f 2126/2126/2126 2127/2127/2127 2161/2161/2161
f 2126/2126/2126 2161/2161/2161 2160/2160/2160
f 2127/2127/2127 2128/2128/2128 2162/2162/2162
f 2127/2127/2127 2162/2162/2162 2161/2161/2161
f 2128/2128/2128 2129/2129/2129 2163/2163/2163
f 2128/2128/2128 2163/2163/2163 2162/2162/2162
f 2129/2129/2129 2130/2130/2130 2164/2164/2164
f 2129/2129/2129 2164/2164/2164 2163/2163/2163
f 2130/2130/2130 2131/2131/2131 2165/2165/2165
f 2130/2130/2130 2165/2165/2165 2164/2164/2164
f 2131/2131/2131 2132/2132/2132 2166/2166/2166
f 2131/2131/2131 2166/2166/2166 2165/2165/2165
f 2132/2132/2132 2133/2133/2133 2167/2167/2167
f 2132/2132/2132 2167/2167/2167 2166/2166/2166
f 2133/2133/2133 2134/2134/2134 2168/2168/2168
f 2133/2133/2133 2168/2168/2168 2167/2167/2167
f 2134/2134/2134 2135/2135/2135 2169/2169/2169
f 2134/2134/2134 2169/2169/2169 2168/2168/2168
f 2135/2135/2135 2136/2136/2136 2170/2170/2170
f 2135/2135/2135 2170/2170/2170 2169/2169/2169
f 2136/2136/2136 2137/2137/2137 2171/2171/2171
f 2136/2136/2136 2171/2171/2171 2170/2170/2170
f 2137/2137/2137 2138/2138/2138 2172/2172/2172
f 2137/2137/2137 2172/2172/2172 2171/2171/2171
f 2138/2138/2138 2139/2139/2139 2173/2173/2173
f 2138/2138/2138 2173/2173/2173 2172/2172/2172
f 2139/2139/2139 2140/2140/2140 2174/2174/2174
f 2139/2139/2139 2174/2174/2174 2173/2173/2173
f 2140/2140/2140 2141/2141/2141 2175/2175/2175
f 2140/2140/2140 2175/2175/2175 2174/2174/2174
f 2141/2141/2141 2142/2142/2142 2176/2176/2176
f 2141/2141/2141 2176/2176/2176 2175/2175/2175
f 2143/2143/2143 2144/2144/2144 2178/2178/2178
f 2143/2143/2143 2178/2178/2178 2177/2177/2177
f 2144/2144/2144 2145/2145/2145 2179/2179/2179
f 2144/2144/2144 2179/2179/2179 2178/2178/2178
f 2145/2145/2145 2146/2146/2146 2180/2180/2180
f 2145/2145/2145 2180/2180/2180 2179/2179/2179
f 2146/2146/2146 2147/2147/2147 2181/2181/2181
f 2146/2146/2146 2181/2181/2181 2180/2180/2180
f 2147/2147/2147 2148/2148/2148 2182/2182/2182
f 2147/2147/2147 2182/2182/2182 2181/2181/2181
f 2148/2148/2148 2149/2149/2149 2183/2183/2183
f 2148/2148/2148 2183/2183/2183 2182/2182/2182
f 2149/2149/2149 2150/2150/2150 2184/2184/2184
f 2149/2149/2149 2184/2184/2184 2183/2183/2183
f 2150/2150/2150 2151/2151/2151 2185/2185/2185
f 2150/2150/2150 2185/2185/2185 2184/2184/2184
f 2151/2151/2151 2152/2152/2152 2186/2186/2186
f 2151/2151/2151 2186/2186/2186 2185/2185/2185
f 2152/2152/2152 2153/2153/2153 2187/2187/2187
f 2152/2152/2152 2187/2187/2187 2186/2186/2186
f 2153/2153/2153 2154/2154/2154 2188/2188/2188
f 2153/2153/2153 2188/2188/2188 2187/2187/2187
f 2154/2154/2154 2155/2155/2155 2189/2189/2189
f 2154/2154/2154 2189/2189/2189 2188/2188/2188
f 2155/2155/2155 2156/2156/2156 2190/2190/2190
f 2155/2155/2155 2190/2190/2190 2189/2189/2189
f 2156/2156/2156 2157/2157/2157 2191/2191/2191
f 2156/2156/2156 2191/2191/2191 2190/2190/2190
f 2157/2157/2157 2158/2158/2158 2192/2192/2192
f 2157/2157/2157 2192/2192/2192 2191/2191/2191
f 2158/2158/2158 2159/2159/2159 2193/2193/2193
f 2158/2158/2158 2193/2193/2193 2192/2192/2192
f 2159/2159/2159 2160/2160/2160 2194/2194/2194
f 2159/2159/2159 2194/2194/2194 2193/2193/2193
f 2160/2160/2160 2161/2161/2161 2195/2195/2195
f 2160/2160/2160 2195/2195/2195 2194/2194/2194
f 2161/2161/2161 2162/2162/2162 2196/2196/2196
f 2161/2161/2161 2196/2196/2196 2195/2195/2195
f 2162/2162/2162 2163/2163/2163 2197/2197/2197
f 2162/2162/2162 2197/2197/2197 2196/2196/2196
f 2163/2163/2163 2164/2164/2164 2198/2198/2198
f 2163/2163/2163 2198/2198/2198 2197/2197/2197
f 2164/2164/2164 2165/2165/2165 2199/2199/2199
f 2164/2164/2164 2199/2199/2199 2198/2198/2198
f 2165/2165/2165 2166/2166/2166 2200/2200/2200
f 2165/2165/2165 2200/2200/2200 2199/2199/2199
f 2166/2166/2166 2167/2167/2167 2201/2201/2201
f 2166/2166/2166 2201/2201/2201 2200/2200/2200
f 2167/2167/2167 2168/2168/2168 2202/2202/2202
f 2167/2167/2167 2202/2202/2202 2201/2201/2201
f 2168/2168/2168 2169/2169/2169 2203/2203/2203
f 2168/2168/2168 2203/2203/2203 2202/2202/2202
f 2169/2169/2169 2170/2170/2170 2204/2204/2204
f 2169/2169/2169 2204/2204/2204 2203/2203/2203
f 2170/2170/2170 2171/2171/2171 2205/2205/2205
f 2170/2170/2170 2205/2205/2205 2204/2204/2204
f 2171/2171/2171 2172/2172/2172 2206/2206/2206
f 2171/2171/2171 2206/2206/2206 2205/2205/2205
f 2172/2172/2172 2173/2173/2173 2207/2207/2207
f 2172/2172/2172 2207/2207/2207 2206/2206/2206
f 2173/2173/2173 2174/2174/2174 2208/2208/2208
f 2173/2173/2173 2208/2208/2208 2207/2207/2207
f 2174/2174/2174 2175/2175/2175 2209/2209/2209
f 2174/2174/2174 2209/2209/2209 2208/2208/2208
f 2175/2175/2175 2176/2176/2176 2210/2210/2210
f 2175/2175/2175 2210/2210/2210 2209/2209/2209
f 2177/2177/2177 2178/2178/2178 2212/2212/2212
f 2177/2177/2177 2212/2212/2212 2211/2211/2211
f 2178/2178/2178 2179/2179/2179 2213/2213/2213
f 2178/2178/2178 2213/2213/2213 2212/2212/2212
f 2179/2179/2179 2180/2180/2180 2214/2214/2214
f 2179/2179/2179 2214/2214/2214 2213/2213/2213
f 2180/2180/2180 2181/2181/2181 2215/2215/2215
f 2180/2180/2180 2215/2215/2215 2214/2214/2214
f 2181/2181/2181 2182/2182/2182 2216/2216/2216
f 2181/2181/2181 2216/2216/2216 2215/2215/2215
f 2182/2182/2182 2183/2183/2183 2217/2217/2217
f 2182/2182/2182 2217/2217/2217 2216/2216/2216
f 2183/2183/2183 2184/2184/2184 2218/2218/2218
f 2183/2183/2183 2218/2218/2218 2217/2217/2217
f 2184/2184/2184 2185/2185/2185 2219/2219/2219
f 2184/2184/2184 2219/2219/2219 2218/2218/2218
f 2185/2185/2185 2186/2186/2186 2220/2220/2220
f 2185/2185/2185 2220/2220/2220 2219/2219/2219
f 2186/2186/2186 2187/2187/2187 2221/2221/2221
f 2186/2186/2186 2221/2221/2221 2220/2220/2220
f 2187/2187/2187 2188/2188/2188 2222/2222/2222
f 2187/2187/2187 2222/2222/2222 2221/2221/2221
f 2188/2188/2188 2189/2189/2189 2223/2223/2223
f 2188/2188/2188 2223/2223/2223 2222/2222/2222
f 2189/2189/2189 2190/2190/2190 2224/2224/2224
f 2189/2189/2189 2224/2224/2224 2223/2223/2223
f 2190/2190/2190 2191/2191/2191 2225/2225/2225
f 2190/2190/2190 2225/2225/2225 2224/2224/2224
f 2191/2191/2191 2192/2192/2192 2226/2226/2226
f 2191/2191/2191 2226/2226/2226 2225/2225/2225
f 2192/2192/2192 2193/2193/2193 2227/2227/2227
f 2192/2192/2192 2227/2227/2227 2226/2226/2226
f 2193/2193/2193 2194/2194/2194 2228/2228/2228
f 2193/2193/2193 2228/2228/2228 2227/2227/2227
f 2194/2194/2194 2195/2195/2195 2229/2229/2229
f 2194/2194/2194 2229/2229/2229 2228/2228/2228
f 2195/2195/2195 2196/2196/2196 2230/2230/2230
f 2195/2195/2195 2230/2230/2230 2229/2229/2229
f 2196/2196/2196 2197/2197/2197 2231/2231/2231
f 2196/2196/2196 2231/2231/2231 2230/2230/2230
f 2197/2197/2197 2198/2198/2198 2232/2232/2232
f 2197/2197/2197 2232/2232/2232 2231/2231/2231
f 2198/2198/2198 2199/2199/2199 2233/2233/2233
f 2198/2198/2198 2233/2233/2233 2232/2232/2232
f 2199/2199/2199 2200/2200/2200 2234/2234/2234
f 2199/2199/2199 2234/2234/2234 2233/2233/2233
f 2200/2200/2200 2201/2201/2201 2235/2235/2235
f 2200/2200/2200 2235/2235/2235 2234/2234/2234
f 2201/2201/2201 2202/2202/2202 2236/2236/2236
f 2201/2201/2201 2236/2236/2236 2235/2235/2235
f 2202/2202/2202 2203/2203/2203 2237/2237/2237
f 2202/2202/2202 2237/2237/2237 2236/2236/2236
f 2203/2203/2203 2204/2204/2204 2238/2238/2238
f 2203/2203/2203 2238/2238/2238 2237/2237/2237
f 2204/2204/2204 2205/2205/2205 2239/2239/2239
f 2204/2204/2204 2239/2239/2239 2238/2238/2238
f 2205/2205/2205 2206/2206/2206 2240/2240/2240
f 2205/2205/2205 2240/2240/2240 2239/2239/2239
f 2206/2206/2206 2207/2207/2207 2241/2241/2241
f 2206/2206/2206 2241/2241/2241 2240/2240/2240
f 2207/2207/2207 2208/2208/2208 2242/2242/2242
f 2207/2207/2207 2242/2242/2242 2241/2241/2241
f 2208/2208/2208 2209/2209/2209 2243/2243/2243
f 2208/2208/2208 2243/2243/2243 2242/2242/2242
f 2209/2209/2209 2210/2210/2210 2244/2244/2244
f 2209/2209/2209 2244/2244/2244 2243/2243/2243
f 2211/2211/2211 2212/2212/2212 2246/2246/2246
f 2211/2211/2211 2246/2246/2246 2245/2245/2245
f 2212/2212/2212 2213/2213/2213 2247/2247/2247
f 2212/2212/2212 2247/2247/2247 2246/2246/2246
f 2213/2213/2213 2214/2214/2214 2248/2248/2248
f 2213/2213/2213 2248/2248/2248 2247/2247/2247
f 2214/2214/2214 2215/2215/2215 2249/2249/2249
f 2214/2214/2214 2249/2249/2249 2248/2248/2248
f 2215/2215/2215 2216/2216/2216 2250/2250/2250
f 2215/2215/2215 2250/2250/2250 2249/2249/2249
f 2216/2216/2216 2217/2217/2217 2251/2251/2251
f 2216/2216/2216 2251/2251/2251 2250/2250/2250
f 2217/2217/2217 2218/2218/2218 2252/2252/2252
f 2217/2217/2217 2252/2252/2252 2251/2251/2251
f 2218/2218/2218 2219/2219/2219 2253/2253/2253
f 2218/2218/2218 2253/2253/2253 2252/2252/2252
f 2219/2219/2219 2220/2220/2220 2254/2254/2254
f 2219/2219/2219 2254/2254/2254 2253/2253/2253
f 2220/2220/2220 2221/2221/2221 2255/2255/2255
f 2220/2220/2220 2255/2255/2255 2254/2254/2254
f 2221/2221/2221 2222/2222/2222 2256/2256/2256
f 2221/2221/2221 2256/2256/2256 2255/2255/2255
f 2222/2222/2222 2223/2223/2223 2257/2257/2257
f 2222/2222/2222 2257/2257/2257 2256/2256/2256
f 2223/2223/2223 2224/2224/2224 2258/2258/2258
f 2223/2223/2223 2258/2258/2258 2257/2257/2257
f 2224/2224/2224 2225/2225/2225 2259/2259/2259
f 2224/2224/2224 2259/2259/2259 2258/2258/2258
f 2225/2225/2225 2226/2226/2226 2260/2260/2260
f 2225/2225/2225 2260/2260/2260 2259/2259/2259
f 2226/2226/2226 2227/2227/2227 2261/2261/2261
f 2226/2226/2226 2261/2261/2261 2260/2260/2260
f 2227/2227/2227 2228/2228/2228 2262/2262/2262
f 2227/2227/2227 2262/2262/2262 2261/2261/2261
f 2228/2228/2228 2229/2229/2229 2263/2263/2263
f 2228/2228/2228 2263/2263/2263 2262/2262/2262
f 2229/2229/2229 2230/2230/2230 2264/2264/2264
f 2229/2229/2229 2264/2264/2264 2263/2263/2263
f 2230/2230/2230 2231/2231/2231 2265/2265/2265
f 2230/2230/2230 2265/2265/2265 2264/2264/2264
f 2231/2231/2231 2232/2232/2232 2266/2266/2266
f 2231/2231/2231 2266/2266/2266 2265/2265/2265
f 2232/2232/2232 2233/2233/2233 2267/2267/2267
f 2232/2232/2232 2267/2267/2267 2266/2266/2266
f 2233/2233/2233 2234/2234/2234 2268/2268/2268
f 2233/2233/2233 2268/2268/2268 2267/2267/2267
f 2234/2234/2234 2235/2235/2235 2269/2269/2269
f 2234/2234/2234 2269/2269/2269 2268/2268/2268
f 2235/2235/2235 2236/2236/2236 2270/2270/2270
f 2235/2235/2235 2270/2270/2270 2269/2269/2269
f 2236/2236/2236 2237/2237/2237 2271/2271/2271
f 2236/2236/2236 2271/2271/2271 2270/2270/2270
f 2237/2237/2237 2238/2238/2238 2272/2272/2272
f 2237/2237/2237 2272/2272/2272 2271/2271/2271
f 2238/2238/2238 2239/2239/2239 2273/2273/2273
f 2238/2238/2238 2273/2273/2273 2272/2272/2272
f 2239/2239/2239 2240/2240/2240 2274/2274/2274
f 2239/2239/2239 2274/2274/2274 2273/2273/2273
f 2240/2240/2240 2241/2241/2241 2275/2275/2275
f 2240/2240/2240 2275/2275/2275 2274/2274/2274
f 2241/2241/2241 2242/2242/2242 2276/2276/2276
f 2241/2241/2241 2276/2276/2276 2275/2275/2275
f 2242/2242/2242 2243/2243/2243 2277/2277/2277
f 2242/2242/2242 2277/2277/2277 2276/2276/2276
f 2243/2243/2243 2244/2244/2244 2278/2278/2278
f 2243/2243/2243 2278/2278/2278 2277/2277/2277
f 2245/2245/2245 2246/2246/2246 2280/2280/2280
f 2245/2245/2245 2280/2280/2280 2279/2279/2279
f 2246/2246/2246 2247/2247/2247 2281/2281/2281
f 2246/2246/2246 2281/2281/2281 2280/2280/2280
f 2247/2247/2247 2248/2248/2248 2282/2282/2282
f 2247/2247/2247 2282/2282/2282 2281/2281/2281
f 2248/2248/2248 2249/2249/2249 2283/2283/2283
f 2248/2248/2248 2283/2283/2283 2282/2282/2282
f 2249/2249/2249 2250/2250/2250 2284/2284/2284
f 2249/2249/2249 2284/2284/2284 2283/2283/2283
f 2250/2250/2250 2251/2251/2251 2285/2285/2285
f 2250/2250/2250 2285/2285/2285 2284/2284/2284
f 2251/2251/2251 2252/2252/2252 2286/2286/2286
f 2251/2251/2251 2286/2286/2286 2285/2285/2285
f 2252/2252/2252 2253/2253/2253 2287/2287/2287
f 2252/2252/2252 2287/2287/2287 2286/2286/2286
f 2253/2253/2253 2254/2254/2254 2288/2288/2288
f 2253/2253/2253 2288/2288/2288 2287/2287/2287
f 2254/2254/2254 2255/2255/2255 2289/2289/2289
f 2254/2254/2254 2289/2289/2289 2288/2288/2288
f 2255/2255/2255 2256/2256/2256 2290/2290/2290
f 2255/2255/2255 2290/2290/2290 2289/2289/2289
f 2256/2256/2256 2257/2257/2257 2291/2291/2291
f 2256/2256/2256 2291/2291/2291 2290/2290/2290
f 2257/2257/2257 2258/2258/2258 2292/2292/2292
f 2257/2257/2257 2292/2292/2292 2291/2291/2291
f 2258/2258/2258 2259/2259/2259 2293/2293/2293
f 2258/2258/2258 2293/2293/2293 2292/2292/2292
f 2259/2259/2259 2260/2260/2260 2294/2294/2294
f 2259/2259/2259 2294/2294/2294 2293/2293/2293
f 2260/2260/2260 2261/2261/2261 2295/2295/2295
f 2260/2260/2260 2295/2295/2295 2294/2294/2294
f 2261/2261/2261 2262/2262/2262 2296/2296/2296
f 2261/2261/2261 2296/2296/2296 2295/2295/2295
f 2262/2262/2262 2263/2263/2263 2297/2297/2297
f 2262/2262/2262 2297/2297/2297 2296/2296/2296
f 2263/2263/2263 2264/2264/2264 2298/2298/2298
f 2263/2263/2263 2298/2298/2298 2297/2297/2297
f 2264/2264/2264 2265/2265/2265 2299/2299/2299
f 2264/2264/2264 2299/2299/2299 2298/2298/2298
f 2265/2265/2265 2266/2266/2266 2300/2300/2300
f 2265/2265/2265 2300/2300/2300 2299/2299/2299
f 2266/2266/2266 2267/2267/2267 2301/2301/2301
f 2266/2266/2266 2301/2301/2301 2300/2300/2300
f 2267/2267/2267 2268/2268/2268 2302/2302/2302
f 2267/2267/2267 2302/2302/2302 2301/2301/2301
f 2268/2268/2268 2269/2269/2269 2303/2303/2303
f 2268/2268/2268 2303/2303/2303 2302/2302/2302
f 2269/2269/2269 2270/2270/2270 2304/2304/2304
f 2269/2269/2269 2304/2304/2304 2303/2303/2303
f 2270/2270/2270 2271/2271/2271 2305/2305/2305
f 2270/2270/2270 2305/2305/2305 2304/2304/2304
f 2271/2271/2271 2272/2272/2272 2306/2306/2306
f 2271/2271/2271 2306/2306/2306 2305/2305/2305
f 2272/2272/2272 2273/2273/2273 2307/2307/2307
f 2272/2272/2272 2307/2307/2307 2306/2306/2306
f 2273/2273/2273 2274/2274/2274 2308/2308/2308
f 2273/2273/2273 2308/2308/2308 2307/2307/2307
f 2274/2274/2274 2275/2275/2275 2309/2309/2309
f 2274/2274/2274 2309/2309/2309 2308/2308/2308
f 2275/2275/2275 2276/2276/2276 2310/2310/2310
f 2275/2275/2275 2310/2310/2310 2309/2309/2309
f 2276/2276/2276 2277/2277/2277 2311/2311/2311
f 2276/2276/2276 2311/2311/2311 2310/2310/2310
f 2277/2277/2277 2278/2278/2278 2312/2312/2312
f 2277/2277/2277 2312/2312/2312 2311/2311/2311
f 1/1/1 1157/1157/1157 1158/1158/1158
f 1/1/1 1158/1158/1158 2/2/2
f 2/2/2 1158/1158/1158 1159/1159/1159
f 2/2/2 1159/1159/1159 3/3/3
f 3/3/3 1159/1159/1159 1160/1160/1160
f 3/3/3 1160/1160/1160 4/4/4
f 4/4/4 1160/1160/1160 1161/1161/1161
f 4/4/4 1161/1161/1161 5/5/5
f 5/5/5 1161/1161/1161 1162/1162/1162
f 5/5/5 1162/1162/1162 6/6/6
f 6/6/6 1162/1162/1162 1163/1163/1163
f 6/6/6 1163/1163/1163 7/7/7
f 7/7/7 1163/1163/1163 1164/1164/1164
f 7/7/7 1164/1164/1164 8/8/8
f 8/8/8 1164/1164/1164 1165/1165/1165
f 8/8/8 1165/1165/1165 9/9/9
f 9/9/9 1165/1165/1165 1166/1166/1166
f 9/9/9 1166/1166/1166 10/10/10
f 10/10/10 1166/1166/1166 1167/1167/1167
f 10/10/10 1167/1167/1167 11/11/11
f 11/11/11 1167/1167/1167 1168/1168/1168
f 11/11/11 1168/1168/1168 12/12/12
f 12/12/12 1168/1168/1168 1169/1169/1169
f 12/12/12 1169/1169/1169 13/13/13
f 13/13/13 1169/1169/1169 1170/1170/1170
f 13/13/13 1170/1170/1170 14/14/14
f 14/14/14 1170/1170/1170 1171/1171/1171
f 14/14/14 1171/1171/1171 15/15/15
f 15/15/15 1171/1171/1171 1172/1172/1172
f 15/15/15 1172/1172/1172 16/16/16
f 16/16/16 1172/1172/1172 1173/1173/1173
f 16/16/16 1173/1173/1173 17/17/17
f 17/17/17 1173/1173/1173 1174/1174/1174
f 17/17/17 1174/1174/1174 18/18/18
f 18/18/18 1174/1174/1174 1175/1175/1175
f 18/18/18 1175/1175/1175 19/19/19
f 19/19/19 1175/1175/1175 1176/1176/1176
f 19/19/19 1176/1176/1176 20/20/20
f 20/20/20 1176/1176/1176 1177/1177/1177
f 20/20/20 1177/1177/1177 21/21/21
f 21/21/21 1177/1177/1177 1178/1178/1178
f 21/21/21 1178/1178/1178 22/22/22
f 22/22/22 1178/1178/1178 1179/1179/1179
f 22/22/22 1179/1179/1179 23/23/23
f 23/23/23 1179/1179/1179 1180/1180/1180
f 23/23/23 1180/1180/1180 24/24/24
f 24/24/24 1180/1180/1180 1181/1181/1181
f 24/24/24 1181/1181/1181 25/25/25
f 25/25/25 1181/1181/1181 1182/1182/1182
f 25/25/25 1182/1182/1182 26/26/26
f 26/26/26 1182/1182/1182 1183/1183/1183
f 26/26/26 1183/1183/1183 27/27/27
f 27/27/27 1183/1183/1183 1184/1184/1184
f 27/27/27 1184/1184/1184 28/28/28
f 28/28/28 1184/1184/1184 1185/1185/1185
f 28/28/28 1185/1185/1185 29/29/29
f 29/29/29 1185/1185/1185 1186/1186/1186
f 29/29/29 1186/1186/1186 30/30/30
f 30/30/30 1186/1186/1186 1187/1187/1187
f 30/30/30 1187/1187/1187 31/31/31
f 31/31/31 1187/1187/1187 1188/1188/1188
f 31/31/31 1188/1188/1188 32/32/32
f 32/32/32 1188/1188/1188 1189/1189/1189
f 32/32/32 1189/1189/1189 33/33/33
f 33/33/33 1189/1189/1189 1190/1190/1190
f 33/33/33 1190/1190/1190 34/34/34
f 1123/1123/1123 2280/2280/2280 2279/2279/2279
f 1123/1123/1123 1124/1124/1124 2280/2280/2280
f 1124/1124/1124 2281/2281/2281 2280/2280/2280
f 1124/1124/1124 1125/1125/1125 2281/2281/2281
f 1125/1125/1125 2282/2282/2282 2281/2281/2281
f 1125/1125/1125 1126/1126/1126 2282/2282/2282
f 1126/1126/1126 2283/2283/2283 2282/2282/2282
f 1126/1126/1126 1127/1127/1127 2283/2283/2283
f 1127/1127/1127 2284/2284/2284 2283/2283/2283
f 1127/1127/1127 1128/1128/1128 2284/2284/2284
f 1128/1128/1128 2285/2285/2285 2284/2284/2284
f 1128/1128/1128 1129/1129/1129 2285/2285/2285
f 1129/1129/1129 2286/2286/2286 2285/2285/2285
f 1129/1129/1129 1130/1130/1130 2286/2286/2286
f 1130/1130/1130 2287/2287/2287 2286/2286/2286
f 1130/1130/1130 1131/1131/1131 2287/2287/2287
f 1131/1131/1131 2288/2288/2288 2287/2287/2287
f 1131/1131/1131 1132/1132/1132 2288/2288/2288
f 1132/1132/1132 2289/2289/2289 2288/2288/2288
f 1132/1132/1132 1133/1133/1133 2289/2289/2289
f 1133/1133/1133 2290/2290/2290 2289/2289/2289
f 1133/1133/1133 1134/1134/1134 2290/2290/2290
f 1134/1134/1134 2291/2291/2291 2290/2290/2290
f 1134/1134/1134 1135/1135/1135 2291/2291/2291
f 1135/1135/1135 2292/2292/2292 2291/2291/2291
f 1135/1135/1135 1136/1136/1136 2292/2292/2292
f 1136/1136/1136 2293/2293/2293 2292/2292/2292
f 1136/1136/1136 1137/1137/1137 2293/2293/2293
f 1137/1137/1137 2294/2294/2294 2293/2293/2293
f 1137/1137/1137 1138/1138/1138 2294/2294/2294
f 1138/1138/1138 2295/2295/2295 2294/2294/2294
f 1138/1138/1138 1139/1139/1139 2295/2295/2295
f 1139/1139/1139 2296/2296/2296 2295/2295/2295
f 1139/1139/1139 1140/1140/1140 2296/2296/2296
f 1140/1140/1140 2297/2297/2297 2296/2296/2296
f 1140/1140/1140 1141/1141/1141 2297/2297/2297
f 1141/1141/1141 2298/2298/2298 2297/2297/2297
f 1141/1141/1141 1142/1142/1142 2298/2298/2298
f 1142/1142/1142 2299/2299/2299 2298/2298/2298
f 1142/1142/1142 1143/1143/1143 2299/2299/2299
f 1143/1143/1143 2300/2300/2300 2299/2299/2299
f 1143/1143/1143 1144/1144/1144 2300/2300/2300
f 1144/1144/1144 2301/2301/2301 2300/2300/2300
f 1144/1144/1144 1145/1145/1145 2301/2301/2301
f 1145/1145/1145 2302/2302/2302 2301/2301/2301
f 1145/1145/1145 1146/1146/1146 2302/2302/2302
f 1146/1146/1146 2303/2303/2303 2302/2302/2302
f 1146/1146/1146 1147/1147/1147 2303/2303/2303
f 1147/1147/1147 2304/2304/2304 2303/2303/2303
f 1147/1147/1147 1148/1148/1148 2304/2304/2304
f 1148/1148/1148 2305/2305/2305 2304/2304/2304
f 1148/1148/1148 1149/1149/1149 2305/2305/2305
f 1149/1149/1149 2306/2306/2306 2305/2305/2305
f 1149/1149/1149 1150/1150/1150 2306/2306/2306
f 1150/1150/1150 2307/2307/2307 2306/2306/2306
f 1150/1150/1150 1151/1151/1151 2307/2307/2307
f 1151/1151/1151 2308/2308/2308 2307/2307/2307
f 1151/1151/1151 1152/1152/1152 2308/2308/2308
f 1152/1152/1152 2309/2309/2309 2308/2308/2308
f 1152/1152/1152 1153/1153/1153 2309/2309/2309
f 1153/1153/1153 2310/2310/2310 2309/2309/2309
f 1153/1153/1153 1154/1154/1154 2310/2310/2310
f 1154/1154/1154 2311/2311/2311 2310/2310/2310
f 1154/1154/1154 1155/1155/1155 2311/2311/2311
f 1155/1155/1155 2312/2312/2312 2311/2311/2311
f 1155/1155/1155 1156/1156/1156 2312/2312/2312
f 1/1/1 1191/1191/1191 1157/1157/1157
f 1/1/1 35/35/35 1191/1191/1191
f 35/35/35 1225/1225/1225 1191/1191/1191
f 35/35/35 69/69/69 1225/1225/1225
f 69/69/69 1259/1259/1259 1225/1225/1225
f 69/69/69 103/103/103 1259/1259/1259
f 103/103/103 1293/1293/1293 1259/1259/1259
f 103/103/103 137/137/137 1293/1293/1293
f 137/137/137 1327/1327/1327 1293/1293/1293
f 137/137/137 171/171/171 1327/1327/1327
f 171/171/171 1361/1361/1361 1327/1327/1327
f 171/171/171 205/205/205 1361/1361/1361
f 205/205/205 1395/1395/1395 1361/1361/1361
f 205/205/205 239/239/239 1395/1395/1395
f 239/239/239 1429/1429/1429 1395/1395/1395
f 239/239/239 273/273/273 1429/1429/1429
f 273/273/273 1463/1463/1463 1429/1429/1429
f 273/273/273 307/307/307 1463/1463/1463
f 307/307/307 1497/1497/1497 1463/1463/1463
f 307/307/307 341/341/341 1497/1497/1497
f 341/341/341 1531/1531/1531 1497/1497/1497
f 341/341/341 375/375/375 1531/1531/1531
f 375/375/375 1565/1565/1565 1531/1531/1531
f 375/375/375 409/409/409 1565/1565/1565
f 409/409/409 1599/1599/1599 1565/1565/1565
f 409/409/409 443/443/443 1599/1599/1599
f 443/443/443 1633/1633/1633 1599/1599/1599
f 443/443/443 477/477/477 1633/1633/1633
f 477/477/477 1667/1667/1667 1633/1633/1633
f 477/477/477 511/511/511 1667/1667/1667
f 511/511/511 1701/1701/1701 1667/1667/1667
f 511/511/511 545/545/545 1701/1701/1701
f 545/545/545 1735/1735/1735 1701/1701/1701
f 545/545/545 579/579/579 1735/1735/1735
f 579/579/579 1769/1769/1769 1735/1735/1735
f 579/579/579 613/613/613 1769/1769/1769
f 613/613/613 1803/1803/1803 1769/1769/1769
f 613/613/613 647/647/647 1803/1803/1803
f 647/647/647 1837/1837/1837 1803/1803/1803
f 647/647/647 681/681/681 1837/1837/1837
f 681/681/681 1871/1871/1871 1837/1837/1837
f 681/681/681 715/715/715 1871/1871/1871
f 715/715/715 1905/1905/1905 1871/1871/1871
f 715/715/715 749/749/749 1905/1905/1905
f 749/749/749 1939/1939/1939 1905/1905/1905
f 749/749/749 783/783/783 1939/1939/1939
f 783/783/783 1973/1973/1973 1939/1939/1939
f 783/783/783 817/817/817 1973/1973/1973
f 817/817/817 2007/2007/2007 1973/1973/1973
f 817/817/817 851/851/851 2007/2007/2007
f 851/851/851 2041/2041/2041 2007/2007/2007
f 851/851/851 885/885/885 2041/2041/2041
f 885/885/885 2075/2075/2075 2041/2041/2041
f 885/885/885 919/919/919 2075/2075/2075
f 919/919/919 2109/2109/2109 2075/2075/2075
f 919/919/919 953/953/953 2109/2109/2109
f 953/953/953 2143/2143/2143 2109/2109/2109
f 953/953/953 987/987/987 2143/2143/2143
f 987/987/987 2177/2177/2177 2143/2143/2143
f 987/987/987 1021/1021/1021 2177/2177/2177
f 1021/1021/1021 2211/2211/2211 2177/2177/2177
f 1021/1021/1021 1055/1055/1055 2211/2211/2211
f 1055/1055/1055 2245/2245/2245 2211/2211/2211
f 1055/1055/1055 1089/1089/1089 2245/2245/2245
f 1089/1089/1089 2279/2279/2279 2245/2245/2245
f 1089/1089/1089 1123/1123/1123 2279/2279/2279
f 34/34/34 1190/1190/1190 1224/1224/1224
f 34/34/34 1224/1224/1224 68/68/68
f 68/68/68 1224/1224/1224 1258/1258/1258
f 68/68/68 1258/1258/1258 102/102/102
f 102/102/102 1258/1258/1258 1292/1292/1292
f 102/102/102 1292/1292/1292 136/136/136
f 136/136/136 1292/1292/1292 1326/1326/1326
f 136/136/136 1326/1326/1326 170/170/170
f 170/170/170 1326/1326/1326 1360/1360/1360
f 170/170/170 1360/1360/1360 204/204/204
f 204/204/204 1360/1360/1360 1394/1394/1394
f 204/204/204 1394/1394/1394 238/238/238
f 238/238/238 1394/1394/1394 1428/1428/1428
f 238/238/238 1428/1428/1428 272/272/272
f 272/272/272 1428/1428/1428 1462/1462/1462
f 272/272/272 1462/1462/1462 306/306/306
f 306/306/306 1462/1462/1462 1496/1496/1496
f 306/306/306 1496/1496/1496 340/340/340
f 340/340/340 1496/1496/1496 1530/1530/1530
f 340/340/340 1530/1530/1530 374/374/374
f 374/374/374 1530/1530/1530 1564/1564/1564
f 374/374/374 1564/1564/1564 408/408/408
f 408/408/408 1564/1564/1564 1598/1598/1598
f 408/408/408 1598/1598/1598 442/442/442
f 442/442/442 1598/1598/1598 1632/1632/1632
f 442/442/442 1632/1632/1632 476/476/476
f 476/476/476 1632/1632/1632 1666/1666/1666
f 476/476/476 1666/1666/1666 510/510/510
f 510/510/510 1666/1666/1666 1700/1700/1700
f 510/510/510 1700/1700/1700 544/544/544
f 544/544/544 1700/1700/1700 1734/1734/1734
f 544/544/544 1734/1734/1734 578/578/578
f 578/578/578 1734/1734/1734 1768/1768/1768
f 578/578/578 1768/1768/1768 612/612/612
f 612/612/612 1768/1768/1768 1802/1802/1802
f 612/612/612 1802/1802/1802 646/646/646
f 646/646/646 1802/1802/1802 1836/1836/1836
f 646/646/646 1836/1836/1836 680/680/680
f 680/680/680 1836/1836/1836 1870/1870/1870
f 680/680/680 1870/1870/1870 714/714/714
f 714/714/714 1870/1870/1870 1904/1904/1904
f 714/714/714 1904/1904/1904 748/748/748
f 748/748/748 1904/1904/1904 1938/1938/1938
f 748/748/748 1938/1938/1938 782/782/782
f 782/782/782 1938/1938/1938 1972/1972/1972
f 782/782/782 1972/1972/1972 816/816/816
f 816/816/816 1972/1972/1972 2006/2006/2006
f 816/816/816 2006/2006/2006 850/850/850
f 850/850/850 2006/2006/2006 2040/2040/2040
f 850/850/850 2040/2040/2040 884/884/884
f 884/884/884 2040/2040/2040 2074/2074/2074
f 884/884/884 2074/2074/2074 918/918/918
f 918/918/918 2074/2074/2074 2108/2108/2108
f 918/918/918 2108/2108/2108 952/952/952
f 952/952/952 2108/2108/2108 2142/2142/2142
f 952/952/952 2142/2142/2142 986/986/986
f 986/986/986 2142/2142/2142 2176/2176/2176
f 986/986/986 2176/2176/2176 1020/1020/1020
f 1020/1020/1020 2176/2176/2176 2210/2210/2210
f 1020/1020/1020 2210/2210/2210 1054/1054/1054
f 1054/1054/1054 2210/2210/2210 2244/2244/2244
f 1054/1054/1054 2244/2244/2244 1088/1088/1088
f 1088/1088/1088 2244/2244/2244 2278/2278/2278
f 1088/1088/1088 2278/2278/2278 1122/1122/1122
f 1122/1122/1122 2278/2278/2278 2312/2312/2312
f 1122/1122/1122 2312/2312/2312 1156/1156/1156
